========================================================================================================================
                                 SWMHD VARIABLE-DEPTH BRANCH CLASSIFICATION REPORT
========================================================================================================================
Parameters: Omega=5.0e-05 rad/s, H0=500.0 m, g=9.81 m/s^2, B0=5.0e-04 T, rho0=1000.0 kg/m^3, C=0.0
Domain: r1=5.0e+05 m, r2=1.0e+06 m, N_col=64
------------------------------------------------------------------------------------------------------------------------
  m |   omega [s^-1] |  hat_omega |       Branch |   n | WKB Pred [s^-1] | Abs Error [s^-1] |  ODE L2 Residual
------------------------------------------------------------------------------------------------------------------------
  1 |   1.332430e-03 |    13.3243 |          MP+ |   1 |   4.593229e-04 |    8.731073e-04 |     3.735540e-15
  2 |   5.105181e-04 |     5.1052 |          MP+ |   1 |   4.864706e-04 |    2.404748e-05 |     4.148122e-14
  3 |   5.649036e-04 |     5.6490 |          MP+ |   1 |   5.290248e-04 |    3.587879e-05 |     7.985294e-15
  4 |   9.819773e-04 |     9.8198 |          MP+ |   1 |   5.836238e-04 |    3.983535e-04 |     1.294681e-14
  5 |   7.097703e-04 |     7.0977 |          MP+ |   1 |   6.472127e-04 |    6.255765e-05 |     1.151217e-14
  6 |   1.085419e-03 |    10.8542 |          MP+ |   1 |   7.173908e-04 |    3.680278e-04 |     6.853210e-15
  7 |   8.793200e-04 |     8.7932 |          MP+ |   1 |   9.207530e-04 |    4.143303e-05 |     4.397653e-15
  8 |   9.671028e-04 |     9.6710 |          MP+ |   1 |   1.004861e-03 |    3.775828e-05 |     3.820194e-15
  9 |   1.054865e-03 |    10.5487 |          MP+ |   1 |   1.088338e-03 |    3.347273e-05 |     4.066639e-15
 10 |   1.141796e-03 |    11.4180 |          MP+ |   1 |   1.171311e-03 |    2.951419e-05 |     5.553939e-15
 11 |   1.460800e-03 |    14.6080 |          MP+ |   1 |   1.253811e-03 |    2.069892e-04 |     5.356460e-15
 12 |   1.548006e-03 |    15.4801 |          MP+ |   1 |   1.335862e-03 |    2.121435e-04 |     6.946328e-15
 13 |   1.636537e-03 |    16.3654 |          MP+ |   1 |   1.417592e-03 |    2.189446e-04 |     2.840680e-15
 14 |   1.725387e-03 |    17.2539 |          MP+ |   1 |   1.499095e-03 |    2.262915e-04 |     1.881936e-15
 15 |   1.560178e-03 |    15.6018 |          MP+ |   1 |   1.580207e-03 |    2.002829e-05 |     8.511314e-16
 16 |   1.641641e-03 |    16.4164 |          MP+ |   1 |   1.661155e-03 |    1.951497e-05 |     1.202953e-15
 17 |   1.987868e-03 |    19.8787 |          MP+ |   1 |   1.741833e-03 |    2.460351e-04 |     1.442657e-15
 18 |   1.803457e-03 |    18.0346 |          MP+ |   1 |   1.822230e-03 |    1.877284e-05 |     1.789853e-15
 19 |   1.883946e-03 |    18.8395 |          MP+ |   1 |   1.902510e-03 |    1.856344e-05 |     5.561668e-16
 20 |   2.241716e-03 |    22.4172 |          MP+ |   1 |   1.982522e-03 |    2.591946e-04 |     1.396462e-15
 21 |   2.324933e-03 |    23.2493 |          MP+ |   1 |   2.062426e-03 |    2.625078e-04 |     2.949729e-16
 22 |   2.124175e-03 |    21.2417 |          MP+ |   1 |   2.142158e-03 |    1.798255e-05 |     1.155914e-15
 23 |   2.203908e-03 |    22.0391 |          MP+ |   1 |   2.221786e-03 |    1.787845e-05 |     7.133724e-16
 24 |   2.283492e-03 |    22.8349 |          MP+ |   1 |   2.301252e-03 |    1.775922e-05 |     1.296620e-15
 25 |   2.362939e-03 |    23.6294 |          MP+ |   1 |   2.380457e-03 |    1.751860e-05 |     3.533539e-16
 26 |   2.442256e-03 |    24.4226 |          MP+ |   1 |   2.459756e-03 |    1.750017e-05 |     2.692410e-15
 27 |   2.521451e-03 |    25.2145 |          MP+ |   1 |   2.538797e-03 |    1.734654e-05 |     6.790960e-16
 28 |   2.600531e-03 |    26.0053 |          MP+ |   1 |   2.617774e-03 |    1.724336e-05 |     7.438945e-16
 29 |   2.679502e-03 |    26.7950 |          MP+ |   1 |   2.696697e-03 |    1.719539e-05 |     2.013890e-16
 30 |   2.758370e-03 |    27.5837 |          MP+ |   1 |   2.775329e-03 |    1.695918e-05 |     5.652194e-16
  1 |   1.770478e-03 |    17.7048 |          MP+ |   2 |   8.900556e-04 |    8.804219e-04 |     3.446876e-15
  2 |   9.150973e-04 |     9.1510 |          MP+ |   2 |   9.044814e-04 |    1.061589e-05 |     5.656152e-15
  3 |   9.435741e-04 |     9.4357 |          MP+ |   2 |   9.281332e-04 |    1.544088e-05 |     5.792100e-15
  4 |   1.388803e-03 |    13.8880 |          MP+ |   2 |   9.603323e-04 |    4.284702e-04 |     3.490753e-15
  5 |   1.029527e-03 |    10.2953 |          MP+ |   2 |   1.000255e-03 |    2.927212e-05 |     3.658266e-15
  6 |   1.460321e-03 |    14.6032 |          MP+ |   2 |   1.047018e-03 |    4.133022e-04 |     4.516228e-15
  7 |   1.505289e-03 |    15.0529 |          MP+ |   2 |   1.489578e-03 |    1.571023e-05 |     1.711657e-15
  8 |   1.555935e-03 |    15.5593 |          MP+ |   2 |   1.537648e-03 |    1.828727e-05 |     1.616751e-15
  9 |   1.611939e-03 |    16.1194 |          MP+ |   2 |   1.590588e-03 |    2.135084e-05 |     2.215146e-15
 10 |   1.673013e-03 |    16.7301 |          MP+ |   2 |   1.647955e-03 |    2.505816e-05 |     1.188177e-15
 11 |   1.738904e-03 |    17.3890 |          MP+ |   2 |   1.709255e-03 |    2.964957e-05 |     5.977824e-15
 12 |   1.809375e-03 |    18.0937 |          MP+ |   2 |   1.585313e-03 |    2.240616e-04 |     2.989949e-15
 13 |   1.884166e-03 |    18.8417 |          MP+ |   2 |   1.670194e-03 |    2.139712e-04 |     4.231310e-15
 14 |   1.962943e-03 |    19.6294 |          MP+ |   2 |   1.754673e-03 |    2.082703e-04 |     3.407892e-15
 15 |   1.813811e-03 |    18.1381 |          MP+ |   2 |   1.838863e-03 |    2.505218e-05 |     1.496050e-15
 16 |   1.901364e-03 |    19.0136 |          MP+ |   2 |   1.922705e-03 |    2.134067e-05 |     3.301062e-15
 17 |   2.217728e-03 |    22.1773 |          MP+ |   2 |   2.006179e-03 |    2.115490e-04 |     3.400321e-15
 18 |   2.073340e-03 |    20.7334 |          MP+ |   2 |   2.089294e-03 |    1.595425e-05 |     1.034228e-15
 19 |   2.157903e-03 |    21.5790 |          MP+ |   2 |   2.172230e-03 |    1.432792e-05 |     5.894391e-16
 20 |   2.484336e-03 |    24.8434 |          MP+ |   2 |   2.254840e-03 |    2.294967e-04 |     3.825510e-15
 21 |   2.572652e-03 |    25.7265 |          MP+ |   2 |   2.337279e-03 |    2.353731e-04 |     1.511681e-15
 22 |   2.407680e-03 |    24.0768 |          MP+ |   2 |   2.419576e-03 |    1.189578e-05 |     3.615539e-16
 23 |   2.490053e-03 |    24.9005 |          MP+ |   2 |   2.501553e-03 |    1.150003e-05 |     4.893987e-16
 24 |   2.572124e-03 |    25.7212 |          MP+ |   2 |   2.583406e-03 |    1.128237e-05 |     1.749618e-16
 25 |   2.653944e-03 |    26.5394 |          MP+ |   2 |   2.664952e-03 |    1.100786e-05 |     4.806883e-16
 26 |   2.735549e-03 |    27.3555 |          MP+ |   2 |   2.746567e-03 |    1.101786e-05 |     2.584995e-16
 27 |   2.816966e-03 |    28.1697 |          MP+ |   2 |   2.827877e-03 |    1.091071e-05 |     1.695336e-15
 28 |   2.898213e-03 |    28.9821 |          MP+ |   2 |   2.908884e-03 |    1.067117e-05 |     1.027160e-15
 29 |   2.979304e-03 |    29.7930 |          MP+ |   2 |   2.989970e-03 |    1.066598e-05 |     2.506098e-15
 30 |   3.060251e-03 |    30.6025 |          MP+ |   2 |   3.070784e-03 |    1.053317e-05 |     5.288716e-16
  1 |   2.209622e-03 |    22.0962 |          MP+ |   3 |   1.766159e-03 |    4.434632e-04 |     3.329277e-15
  2 |   1.779095e-03 |    17.7909 |          MP+ |   3 |   1.774150e-03 |    4.945153e-06 |     4.195010e-15
  3 |   1.793178e-03 |    17.9318 |          MP+ |   3 |   1.787546e-03 |    5.632511e-06 |     2.372332e-15
  4 |   1.812624e-03 |    18.1262 |          MP+ |   3 |   1.806238e-03 |    6.386103e-06 |     2.296610e-15
  5 |   1.837295e-03 |    18.3730 |          MP+ |   3 |   1.830082e-03 |    7.213434e-06 |     3.317039e-15
  6 |   1.867025e-03 |    18.6703 |          MP+ |   3 |   1.858901e-03 |    8.124582e-06 |     2.490694e-15
  7 |   1.901629e-03 |    19.0163 |          MP+ |   3 |   1.892496e-03 |    9.132966e-06 |     2.036274e-15
  8 |   1.940908e-03 |    19.4091 |          MP+ |   3 |   1.930652e-03 |    1.025639e-05 |     1.674077e-15
  9 |   1.984660e-03 |    19.8466 |          MP+ |   3 |   1.973142e-03 |    1.151840e-05 |     5.446916e-15
 10 |   2.032685e-03 |    20.3269 |          MP+ |   3 |   2.019735e-03 |    1.295016e-05 |     2.558803e-15
 11 |   2.084795e-03 |    20.8479 |          MP+ |   3 |   2.070202e-03 |    1.459279e-05 |     7.368817e-15
 12 |   2.140815e-03 |    21.4082 |          MP+ |   3 |   2.124315e-03 |    1.650070e-05 |     4.656963e-15
 13 |   2.200597e-03 |    22.0060 |          MP+ |   3 |   2.181851e-03 |    1.874588e-05 |     2.661225e-15
 14 |   2.264014e-03 |    22.6401 |          MP+ |   3 |   2.242589e-03 |    2.142449e-05 |     3.305876e-15
 15 |   2.330965e-03 |    23.3097 |          MP+ |   3 |   2.306296e-03 |    2.466900e-05 |     3.694892e-15
 16 |   2.401371e-03 |    24.0137 |          MP+ |   3 |   2.372692e-03 |    2.867937e-05 |     1.134612e-15
 17 |   2.475153e-03 |    24.7515 |          MP+ |   3 |   2.441316e-03 |    3.383687e-05 |     2.406055e-15
 18 |   2.306319e-03 |    23.0632 |          MP+ |   3 |   2.339306e-03 |    3.298739e-05 |     1.971615e-15
 19 |   2.395406e-03 |    23.9541 |          MP+ |   3 |   2.424179e-03 |    2.877276e-05 |     5.038381e-15
 20 |   2.715364e-03 |    27.1536 |          MP+ |   3 |   2.508835e-03 |    2.065292e-04 |     1.725585e-15
 21 |   2.800773e-03 |    28.0077 |          MP+ |   3 |   2.593101e-03 |    2.076720e-04 |     1.765112e-15
 22 |   2.660109e-03 |    26.6011 |          MP+ |   3 |   2.677194e-03 |    1.708582e-05 |     2.148979e-15
 23 |   2.746637e-03 |    27.4664 |          MP+ |   3 |   2.761127e-03 |    1.449002e-05 |     2.242112e-15
 24 |   2.832291e-03 |    28.3229 |          MP+ |   3 |   2.844691e-03 |    1.240039e-05 |     6.044493e-16
 25 |   2.917183e-03 |    29.1718 |          MP+ |   3 |   2.928111e-03 |    1.092725e-05 |     1.165938e-15
 26 |   3.001446e-03 |    30.0145 |          MP+ |   3 |   3.011394e-03 |    9.947664e-06 |     5.895707e-16
 27 |   3.085200e-03 |    30.8520 |          MP+ |   3 |   3.094329e-03 |    9.129168e-06 |     6.407648e-16
 28 |   3.168547e-03 |    31.6855 |          MP+ |   3 |   3.177347e-03 |    8.800486e-06 |     4.212159e-16
 29 |   3.251565e-03 |    32.5157 |          MP+ |   3 |   3.260050e-03 |    8.484437e-06 |     3.550660e-16
 30 |   3.334315e-03 |    33.3432 |          MP+ |   3 |   3.342377e-03 |    8.061275e-06 |     4.538677e-16
  1 |   2.649304e-03 |    26.4930 |          MP+ |   4 |   2.206255e-03 |    4.430481e-04 |     1.008962e-15
  2 |   2.216463e-03 |    22.1646 |          MP+ |   4 |   2.212704e-03 |    3.758088e-06 |     1.137443e-15
  3 |   2.227693e-03 |    22.2769 |          MP+ |   4 |   2.223513e-03 |    4.179927e-06 |     1.730157e-15
  4 |   2.243258e-03 |    22.4326 |          MP+ |   4 |   2.238624e-03 |    4.634324e-06 |     2.962208e-15
  5 |   2.263084e-03 |    22.6308 |          MP+ |   4 |   2.257960e-03 |    5.123893e-06 |     2.270583e-15
  6 |   2.287080e-03 |    22.8708 |          MP+ |   4 |   2.281428e-03 |    5.651994e-06 |     1.961747e-15
  7 |   2.315138e-03 |    23.1514 |          MP+ |   4 |   2.308915e-03 |    6.222914e-06 |     7.424826e-15
  8 |   2.347143e-03 |    23.4714 |          MP+ |   4 |   2.340301e-03 |    6.842103e-06 |     3.655558e-15
  9 |   2.382968e-03 |    23.8297 |          MP+ |   4 |   2.375451e-03 |    7.516471e-06 |     1.911561e-15
 10 |   2.422481e-03 |    24.2248 |          MP+ |   4 |   2.414227e-03 |    8.254794e-06 |     4.228070e-15
 11 |   2.465551e-03 |    24.6555 |          MP+ |   4 |   2.456483e-03 |    9.068226e-06 |     1.789482e-15
 12 |   2.512047e-03 |    25.1205 |          MP+ |   4 |   2.502076e-03 |    9.970974e-06 |     3.745170e-15
 13 |   2.561840e-03 |    25.6184 |          MP+ |   4 |   2.550858e-03 |    1.098119e-05 |     1.099065e-15
 14 |   2.614811e-03 |    26.1481 |          MP+ |   4 |   2.602689e-03 |    1.212211e-05 |     6.725072e-16
 15 |   2.670852e-03 |    26.7085 |          MP+ |   4 |   2.657428e-03 |    1.342359e-05 |     2.561806e-15
 16 |   2.729865e-03 |    27.2987 |          MP+ |   4 |   2.714941e-03 |    1.492402e-05 |     2.279763e-15
 17 |   2.791771e-03 |    27.9177 |          MP+ |   4 |   2.775098e-03 |    1.667292e-05 |     3.210575e-15
 18 |   2.856507e-03 |    28.5651 |          MP+ |   4 |   2.837773e-03 |    1.873437e-05 |     3.071366e-15
 19 |   2.924028e-03 |    29.2403 |          MP+ |   4 |   2.902836e-03 |    2.119239e-05 |     9.289967e-16
 20 |   2.994309e-03 |    29.9431 |          MP+ |   4 |   2.970147e-03 |    2.416111e-05 |     4.417372e-15
 21 |   3.067332e-03 |    30.6733 |          MP+ |   4 |   3.039520e-03 |    2.781220e-05 |     3.079180e-15
 22 |   3.143081e-03 |    31.4308 |          MP+ |   4 |   3.110607e-03 |    3.247413e-05 |     2.094389e-15
 23 |   2.976560e-03 |    29.7656 |          MP+ |   4 |   3.009411e-03 |    3.285149e-05 |     3.783624e-15
 24 |   3.065658e-03 |    30.6566 |          MP+ |   4 |   3.094612e-03 |    2.895449e-05 |     2.555840e-15
 25 |   3.154770e-03 |    31.5477 |          MP+ |   4 |   3.179434e-03 |    2.466433e-05 |     4.841152e-15
 26 |   3.243459e-03 |    32.4346 |          MP+ |   4 |   3.264097e-03 |    2.063837e-05 |     1.205875e-15
 27 |   3.331449e-03 |    33.3145 |          MP+ |   4 |   3.348613e-03 |    1.716407e-05 |     1.865165e-15
 28 |   3.418622e-03 |    34.1862 |          MP+ |   4 |   3.432756e-03 |    1.413376e-05 |     7.569379e-16
 29 |   3.504980e-03 |    35.0498 |          MP+ |   4 |   3.517002e-03 |    1.202249e-05 |     1.252930e-15
 30 |   3.590594e-03 |    35.9059 |          MP+ |   4 |   3.600864e-03 |    1.027034e-05 |     1.658966e-15
  1 |  -4.651753e-04 |    -4.6518 |          MP- |   1 |  -4.605191e-04 |    4.656230e-06 |     1.103615e-14
  2 |  -4.944714e-04 |    -4.9447 |          MP- |   1 |  -4.885967e-04 |    5.874676e-06 |     5.903758e-15
  3 |  -5.434004e-04 |    -5.4340 |          MP- |   1 |  -5.317149e-04 |    1.168552e-05 |     7.084633e-15
  4 |  -6.086721e-04 |    -6.0867 |          MP- |   1 |  -5.865662e-04 |    2.210590e-05 |     1.015078e-14
  5 |  -4.764312e-04 |    -4.7643 |          MP- |   1 |  -6.502005e-04 |    1.737693e-04 |     1.516155e-14
  6 |  -5.596445e-04 |    -5.5964 |          MP- |   1 |  -7.203074e-04 |    1.606629e-04 |     4.428691e-15
  7 |  -8.647768e-04 |    -8.6478 |          MP- |   1 |  -9.070999e-04 |    4.232307e-05 |     5.299641e-15
  8 |  -9.581885e-04 |    -9.5819 |          MP- |   1 |  -9.912518e-04 |    3.306339e-05 |     1.121026e-14
  9 |  -1.051260e-03 |   -10.5126 |          MP- |   1 |  -1.074862e-03 |    2.360222e-05 |     5.094899e-15
 10 |  -1.142630e-03 |   -11.4263 |          MP- |   1 |  -1.157992e-03 |    1.536228e-05 |     5.488385e-15
 11 |  -1.231710e-03 |   -12.3171 |          MP- |   1 |  -1.240671e-03 |    8.960273e-06 |     4.150724e-15
 12 |  -1.318521e-03 |   -13.1852 |          MP- |   1 |  -1.322896e-03 |    4.375281e-06 |     2.131455e-15
 13 |  -1.403428e-03 |   -14.0343 |          MP- |   1 |  -1.404796e-03 |    1.367648e-06 |     1.383335e-15
 14 |  -1.486892e-03 |   -14.8689 |          MP- |   1 |  -1.486382e-03 |    5.102379e-07 |     5.622542e-16
 15 |  -1.569320e-03 |   -15.6932 |          MP- |   1 |  -1.567671e-03 |    1.648636e-06 |     4.843886e-15
 16 |  -1.651014e-03 |   -16.5101 |          MP- |   1 |  -1.648788e-03 |    2.226212e-06 |     1.059520e-15
 17 |  -1.732182e-03 |   -17.3218 |          MP- |   1 |  -1.729508e-03 |    2.674030e-06 |     9.209879e-16
 18 |  -1.812961e-03 |   -18.1296 |          MP- |   1 |  -1.810199e-03 |    2.762081e-06 |     2.079733e-15
 19 |  -1.893437e-03 |   -18.9344 |          MP- |   1 |  -1.890490e-03 |    2.947178e-06 |     1.620483e-15
 20 |  -1.973668e-03 |   -19.7367 |          MP- |   1 |  -1.970667e-03 |    3.001029e-06 |     1.624383e-15
 21 |  -2.053692e-03 |   -20.5369 |          MP- |   1 |  -2.050703e-03 |    2.988795e-06 |     8.568281e-16
 22 |  -2.133533e-03 |   -21.3353 |          MP- |   1 |  -2.130645e-03 |    2.887986e-06 |     1.087713e-15
 23 |  -2.213212e-03 |   -22.1321 |          MP- |   1 |  -2.210330e-03 |    2.881311e-06 |     1.579147e-15
 24 |  -2.292741e-03 |   -22.9274 |          MP- |   1 |  -2.289931e-03 |    2.809687e-06 |     7.862065e-16
 25 |  -2.372131e-03 |   -23.7213 |          MP- |   1 |  -2.369259e-03 |    2.872343e-06 |     4.640657e-16
 26 |  -2.451393e-03 |   -24.5139 |          MP- |   1 |  -2.448566e-03 |    2.826450e-06 |     4.735913e-16
 27 |  -2.530533e-03 |   -25.3053 |          MP- |   1 |  -2.527863e-03 |    2.670466e-06 |     7.617752e-16
 28 |  -2.609560e-03 |   -26.0956 |          MP- |   1 |  -2.606771e-03 |    2.789238e-06 |     3.994973e-16
 29 |  -2.688478e-03 |   -26.8848 |          MP- |   1 |  -2.685770e-03 |    2.708755e-06 |     5.955805e-16
 30 |  -2.767295e-03 |   -27.6729 |          MP- |   1 |  -2.764737e-03 |    2.557861e-06 |     1.132499e-15
  1 |  -8.948070e-04 |    -8.9481 |          MP- |   2 |  -8.903721e-04 |    4.434984e-06 |     1.048804e-14
  2 |  -9.102921e-04 |    -9.1029 |          MP- |   2 |  -9.050940e-04 |    5.198064e-06 |     1.275491e-14
  3 |  -9.364061e-04 |    -9.3641 |          MP- |   2 |  -9.290055e-04 |    7.400660e-06 |     7.992590e-15
  4 |  -9.724955e-04 |    -9.7250 |          MP- |   2 |  -9.614182e-04 |    1.107724e-05 |     1.068534e-14
  5 |  -1.017812e-03 |   -10.1781 |          MP- |   2 |  -1.001506e-03 |    1.630643e-05 |     6.549208e-15
  6 |  -1.071622e-03 |   -10.7162 |          MP- |   2 |  -1.048388e-03 |    2.323369e-05 |     5.078435e-15
  7 |  -1.497575e-03 |   -14.9758 |          MP- |   2 |  -1.496109e-03 |    1.465686e-06 |     2.956606e-15
  8 |  -1.547088e-03 |   -15.4709 |          MP- |   2 |  -1.545452e-03 |    1.635822e-06 |     2.623400e-15
  9 |  -1.601951e-03 |   -16.0195 |          MP- |   2 |  -1.599873e-03 |    2.078023e-06 |     1.905175e-15
 10 |  -1.661899e-03 |   -16.6190 |          MP- |   2 |  -1.659041e-03 |    2.857179e-06 |     1.564233e-15
 11 |  -1.726723e-03 |   -17.2672 |          MP- |   2 |  -1.722683e-03 |    4.039771e-06 |     4.177708e-15
 12 |  -1.535601e-03 |   -15.3560 |          MP- |   2 |  -1.577506e-03 |    4.190469e-05 |     8.453730e-15
 13 |  -1.627324e-03 |   -16.2732 |          MP- |   2 |  -1.662422e-03 |    3.509763e-05 |     2.710881e-15
 14 |  -1.719498e-03 |   -17.1950 |          MP- |   2 |  -1.746938e-03 |    2.743974e-05 |     4.639375e-15
 15 |  -1.810998e-03 |   -18.1100 |          MP- |   2 |  -1.831199e-03 |    2.020142e-05 |     1.439711e-15
 16 |  -1.901119e-03 |   -19.0112 |          MP- |   2 |  -1.914948e-03 |    1.382893e-05 |     1.216681e-15
 17 |  -1.989584e-03 |   -19.8958 |          MP- |   2 |  -1.998476e-03 |    8.891888e-06 |     2.692954e-15
 18 |  -2.076444e-03 |   -20.7644 |          MP- |   2 |  -2.081812e-03 |    5.367636e-06 |     9.975215e-16
 19 |  -2.161931e-03 |   -21.6193 |          MP- |   2 |  -2.164664e-03 |    2.732677e-06 |     8.349349e-16
 20 |  -2.246331e-03 |   -22.4633 |          MP- |   2 |  -2.247474e-03 |    1.143811e-06 |     1.259293e-15
 21 |  -2.329905e-03 |   -23.2990 |          MP- |   2 |  -2.329984e-03 |    7.972178e-08 |     1.620777e-15
 22 |  -2.412861e-03 |   -24.1286 |          MP- |   2 |  -2.412167e-03 |    6.940896e-07 |     2.603388e-15
 23 |  -2.495353e-03 |   -24.9535 |          MP- |   2 |  -2.494216e-03 |    1.136968e-06 |     6.891993e-16
 24 |  -2.577486e-03 |   -25.7749 |          MP- |   2 |  -2.576114e-03 |    1.371545e-06 |     7.317686e-16
 25 |  -2.659335e-03 |   -26.5933 |          MP- |   2 |  -2.657906e-03 |    1.428955e-06 |     6.636796e-16
 26 |  -2.740949e-03 |   -27.4095 |          MP- |   2 |  -2.739378e-03 |    1.571362e-06 |     9.543200e-16
 27 |  -2.822363e-03 |   -28.2236 |          MP- |   2 |  -2.820745e-03 |    1.618695e-06 |     1.942868e-16
 28 |  -2.903601e-03 |   -29.0360 |          MP- |   2 |  -2.902015e-03 |    1.585518e-06 |     3.546638e-16
 29 |  -2.984678e-03 |   -29.8468 |          MP- |   2 |  -2.982965e-03 |    1.713243e-06 |     1.016876e-15
 30 |  -3.065610e-03 |   -30.6561 |          MP- |   2 |  -3.064047e-03 |    1.562352e-06 |     1.459961e-15
  1 |  -1.769857e-03 |   -17.6986 |          MP- |   3 |  -1.766623e-03 |    3.233150e-06 |     6.037172e-15
  2 |  -1.777853e-03 |   -17.7785 |          MP- |   3 |  -1.775082e-03 |    2.770342e-06 |     3.766309e-15
  3 |  -1.791314e-03 |   -17.9131 |          MP- |   3 |  -1.788954e-03 |    2.359929e-06 |     3.641555e-15
  4 |  -1.810137e-03 |   -18.1014 |          MP- |   3 |  -1.808135e-03 |    2.002659e-06 |     2.943432e-15
  5 |  -1.834182e-03 |   -18.3418 |          MP- |   3 |  -1.832482e-03 |    1.700546e-06 |     2.991567e-15
  6 |  -1.863282e-03 |   -18.6328 |          MP- |   3 |  -1.861825e-03 |    1.457142e-06 |     4.137071e-15
  7 |  -1.897249e-03 |   -18.9725 |          MP- |   3 |  -1.895971e-03 |    1.277947e-06 |     3.775364e-15
  8 |  -1.935882e-03 |   -19.3588 |          MP- |   3 |  -1.934711e-03 |    1.171008e-06 |     2.798961e-15
  9 |  -1.978975e-03 |   -19.7897 |          MP- |   3 |  -1.977827e-03 |    1.147730e-06 |     3.409148e-15
 10 |  -2.026324e-03 |   -20.2632 |          MP- |   3 |  -2.025100e-03 |    1.223958e-06 |     1.507797e-15
 11 |  -2.077738e-03 |   -20.7774 |          MP- |   3 |  -2.076316e-03 |    1.421330e-06 |     3.569414e-15
 12 |  -2.133040e-03 |   -21.3304 |          MP- |   3 |  -2.131271e-03 |    1.768827e-06 |     9.151413e-16
 13 |  -2.192083e-03 |   -21.9208 |          MP- |   3 |  -2.189778e-03 |    2.304154e-06 |     9.139218e-16
 14 |  -2.254746e-03 |   -22.5475 |          MP- |   3 |  -2.251672e-03 |    3.074009e-06 |     4.145417e-15
 15 |  -2.320949e-03 |   -23.2095 |          MP- |   3 |  -2.316818e-03 |    4.130851e-06 |     1.441211e-15
 16 |  -2.390645e-03 |   -23.9065 |          MP- |   3 |  -2.385124e-03 |    5.520702e-06 |     3.335302e-15
 17 |  -2.463817e-03 |   -24.6382 |          MP- |   3 |  -2.456568e-03 |    7.249010e-06 |     1.679032e-15
 18 |  -2.297725e-03 |   -22.9773 |          MP- |   3 |  -2.333737e-03 |    3.601174e-05 |     2.109812e-15
 19 |  -2.389200e-03 |   -23.8920 |          MP- |   3 |  -2.418778e-03 |    2.957768e-05 |     2.383951e-15
 20 |  -2.480468e-03 |   -24.8047 |          MP- |   3 |  -2.503461e-03 |    2.299349e-05 |     1.003414e-15
 21 |  -2.570861e-03 |   -25.7086 |          MP- |   3 |  -2.587747e-03 |    1.688625e-05 |     1.324320e-15
 22 |  -2.660012e-03 |   -26.6001 |          MP- |   3 |  -2.671868e-03 |    1.185684e-05 |     3.383179e-15
 23 |  -2.747825e-03 |   -27.4783 |          MP- |   3 |  -2.755842e-03 |    8.016159e-06 |     9.497454e-16
 24 |  -2.834397e-03 |   -28.3440 |          MP- |   3 |  -2.839426e-03 |    5.029481e-06 |     8.747714e-16
 25 |  -2.919914e-03 |   -29.1991 |          MP- |   3 |  -2.922876e-03 |    2.961860e-06 |     2.399107e-16
 26 |  -3.004587e-03 |   -30.0459 |          MP- |   3 |  -3.006202e-03 |    1.614534e-06 |     9.593106e-16
 27 |  -3.088602e-03 |   -30.8860 |          MP- |   3 |  -3.089147e-03 |    5.446254e-07 |     6.812668e-16
 28 |  -3.172112e-03 |   -31.7211 |          MP- |   3 |  -3.171987e-03 |    1.247457e-07 |     3.459960e-16
 29 |  -3.255229e-03 |   -32.5523 |          MP- |   3 |  -3.254697e-03 |    5.317130e-07 |     5.304623e-16
 30 |  -3.338037e-03 |   -33.3804 |          MP- |   3 |  -3.337285e-03 |    7.519206e-07 |     6.298766e-16
  1 |  -2.209223e-03 |   -22.0922 |          MP- |   4 |  -2.206553e-03 |    2.670369e-06 |     2.216498e-15
  2 |  -2.215665e-03 |   -22.1566 |          MP- |   4 |  -2.213301e-03 |    2.363502e-06 |     4.143966e-15
  3 |  -2.226496e-03 |   -22.2650 |          MP- |   4 |  -2.224412e-03 |    2.083693e-06 |     6.199882e-15
  4 |  -2.241661e-03 |   -22.4166 |          MP- |   4 |  -2.239830e-03 |    1.831031e-06 |     2.109647e-15
  5 |  -2.261086e-03 |   -22.6109 |          MP- |   4 |  -2.259480e-03 |    1.606009e-06 |     1.721296e-15
  6 |  -2.284678e-03 |   -22.8468 |          MP- |   4 |  -2.283269e-03 |    1.409581e-06 |     1.678673e-15
  7 |  -2.312331e-03 |   -23.1233 |          MP- |   4 |  -2.311088e-03 |    1.243250e-06 |     4.316130e-15
  8 |  -2.343926e-03 |   -23.4393 |          MP- |   4 |  -2.342817e-03 |    1.109193e-06 |     5.070213e-15
  9 |  -2.379336e-03 |   -23.7934 |          MP- |   4 |  -2.378326e-03 |    1.010438e-06 |     2.006019e-15
 10 |  -2.418429e-03 |   -24.1843 |          MP- |   4 |  -2.417477e-03 |    9.511019e-07 |     1.225488e-15
 11 |  -2.461068e-03 |   -24.6107 |          MP- |   4 |  -2.460131e-03 |    9.367102e-07 |     5.494932e-15
 12 |  -2.507121e-03 |   -25.0712 |          MP- |   4 |  -2.506147e-03 |    9.746213e-07 |     6.962732e-16
 13 |  -2.556459e-03 |   -25.5646 |          MP- |   4 |  -2.555384e-03 |    1.074584e-06 |     1.670471e-15
 14 |  -2.608958e-03 |   -26.0896 |          MP- |   4 |  -2.607709e-03 |    1.249452e-06 |     4.051592e-15
 15 |  -2.664507e-03 |   -26.6451 |          MP- |   4 |  -2.662991e-03 |    1.516070e-06 |     1.242397e-15
 16 |  -2.723008e-03 |   -27.2301 |          MP- |   4 |  -2.721112e-03 |    1.896302e-06 |     2.256670e-15
 17 |  -2.784380e-03 |   -27.8438 |          MP- |   4 |  -2.781962e-03 |    2.418058e-06 |     4.103713e-15
 18 |  -2.848561e-03 |   -28.4856 |          MP- |   4 |  -2.845445e-03 |    3.115929e-06 |     3.293655e-15
 19 |  -2.915517e-03 |   -29.1552 |          MP- |   4 |  -2.911486e-03 |    4.030487e-06 |     1.668155e-15
 20 |  -2.985234e-03 |   -29.8523 |          MP- |   4 |  -2.980030e-03 |    5.204155e-06 |     1.688948e-15
 21 |  -3.057726e-03 |   -30.5773 |          MP- |   4 |  -3.051057e-03 |    6.668978e-06 |     2.746704e-15
 22 |  -3.133023e-03 |   -31.3302 |          MP- |   4 |  -3.124607e-03 |    8.415449e-06 |     1.218661e-15
 23 |  -3.211148e-03 |   -32.1115 |          MP- |   4 |  -3.200837e-03 |    1.031050e-05 |     4.730865e-15
 24 |  -3.059547e-03 |   -30.5955 |          MP- |   4 |  -3.090341e-03 |    3.079401e-05 |     1.900683e-15
 25 |  -3.150535e-03 |   -31.5053 |          MP- |   4 |  -3.175398e-03 |    2.486313e-05 |     6.784450e-16
 26 |  -3.240960e-03 |   -32.4096 |          MP- |   4 |  -3.260080e-03 |    1.911999e-05 |     2.467203e-15
 27 |  -3.330433e-03 |   -33.3043 |          MP- |   4 |  -3.344373e-03 |    1.393931e-05 |     1.954203e-15
 28 |  -3.418787e-03 |   -34.1879 |          MP- |   4 |  -3.428751e-03 |    9.964521e-06 |     1.711383e-15
 29 |  -3.506029e-03 |   -35.0603 |          MP- |   4 |  -3.512760e-03 |    6.731409e-06 |     2.143658e-15
 30 |  -3.592276e-03 |   -35.9228 |          MP- |   4 |  -3.596643e-03 |    4.367335e-06 |     8.527784e-16
  1 |   8.534009e-06 |     0.0853 |            R |   1 |   8.480085e-06 |    5.392350e-08 |     2.507439e-13
  2 |   7.245997e-06 |     0.0725 |            R |   1 |   6.915817e-06 |    3.301798e-07 |     9.260888e-14
  3 |   8.263191e-06 |     0.0826 |            R |   1 |   6.916042e-06 |    1.347149e-06 |     3.652973e-13
  4 |   8.263058e-06 |     0.0826 |            R |   1 |   6.916262e-06 |    1.346796e-06 |     3.509781e-14
  5 |  -7.009434e-06 |    -0.0701 |            R |   1 |   6.916472e-06 |    1.392591e-05 |     1.531365e-12
  6 |  -7.009445e-06 |    -0.0701 |            R |   1 |   6.916668e-06 |    1.392611e-05 |     1.468516e-12
  7 |  -7.009457e-06 |    -0.0701 |            R |   1 |   6.916818e-06 |    1.392627e-05 |     1.663787e-12
  8 |  -7.009468e-06 |    -0.0701 |            R |   1 |   6.916935e-06 |    1.392640e-05 |     1.949932e-11
  9 |   8.262392e-06 |     0.0826 |            R |   1 |   6.917065e-06 |    1.345327e-06 |     6.521296e-12
 10 |  -7.009490e-06 |    -0.0701 |            R |   1 |   6.917185e-06 |    1.392667e-05 |     5.014284e-13
 11 |  -7.009501e-06 |    -0.0701 |            R |   1 |   6.917268e-06 |    1.392677e-05 |     3.250326e-13
 12 |  -7.009513e-06 |    -0.0701 |            R |   1 |   6.917361e-06 |    1.392687e-05 |     5.924528e-13
 13 |  -7.009524e-06 |    -0.0701 |            R |   1 |   6.917449e-06 |    1.392697e-05 |     2.313677e-11
 14 |   8.261728e-06 |     0.0826 |            R |   1 |   6.917541e-06 |    1.344187e-06 |     2.269397e-12
 15 |  -7.009546e-06 |    -0.0701 |            R |   1 |   8.383544e-06 |    1.539309e-05 |     7.379300e-11
 16 |  -7.009557e-06 |    -0.0701 |            R |   1 |   8.400916e-06 |    1.541047e-05 |     4.072894e-13
 17 |   8.350471e-06 |     0.0835 |            R |   1 |   8.416750e-06 |    6.627868e-08 |     6.763486e-12
 18 |  -7.009580e-06 |    -0.0701 |            R |   1 |   8.431213e-06 |    1.544079e-05 |     5.193542e-13
 19 |  -7.009591e-06 |    -0.0701 |            R |   1 |   8.444453e-06 |    1.545404e-05 |     5.885701e-13
 20 |  -8.537119e-06 |    -0.0854 |            R |   1 |   8.456605e-06 |    1.699372e-05 |     1.018204e-12
 21 |   8.349923e-06 |     0.0835 |            R |   1 |   8.467785e-06 |    1.178616e-07 |     2.938308e-14
 22 |  -8.995476e-06 |    -0.0900 |            R |   1 |   8.478097e-06 |    1.747357e-05 |     3.625817e-14
 23 |   8.349650e-06 |     0.0835 |            R |   1 |   8.487633e-06 |    1.379828e-07 |     8.103064e-14
 24 |   8.349514e-06 |     0.0835 |            R |   1 |   8.496472e-06 |    1.469575e-07 |     5.144153e-13
 25 |   8.349378e-06 |     0.0835 |            R |   1 |   8.504683e-06 |    1.553048e-07 |     1.301740e-14
 26 |   8.530340e-06 |     0.0853 |            R |   1 |   8.512329e-06 |    1.801102e-08 |     2.972067e-13
 27 |   8.530195e-06 |     0.0853 |            R |   1 |   8.519463e-06 |    1.073253e-08 |     4.018603e-13
 28 |   9.166945e-06 |     0.0917 |            R |   1 |   8.526133e-06 |    6.408126e-07 |     4.318553e-11
 29 |   8.529907e-06 |     0.0853 |            R |   1 |   8.532382e-06 |    2.474723e-09 |     1.303617e-13
 30 |  -9.596186e-06 |    -0.0960 |            R |   1 |   9.155805e-06 |    1.875199e-05 |     1.998518e-11
  1 |   8.991834e-06 |     0.0899 |            R |   2 |   8.656242e-06 |    3.355918e-07 |     1.420965e-13
  2 |   8.352545e-06 |     0.0835 |            R |   2 |   8.598783e-06 |    2.462377e-07 |     1.523840e-13
  3 |  -7.009412e-06 |    -0.0701 |            R |   2 |   8.548509e-06 |    1.555792e-05 |     1.411027e-12
  4 |  -7.009423e-06 |    -0.0701 |            R |   2 |   8.507258e-06 |    1.551668e-05 |     8.177478e-13
  5 |   8.352129e-06 |     0.0835 |            R |   2 |   8.475528e-06 |    1.233990e-07 |     1.176867e-12
  6 |  -8.264395e-06 |    -0.0826 |            R |   2 |   8.452769e-06 |    1.671716e-05 |     3.499615e-13
  7 |   8.351851e-06 |     0.0835 |            R |   2 |   8.437816e-06 |    8.596521e-08 |     4.044098e-12
  8 |   8.351713e-06 |     0.0835 |            R |   2 |   8.429258e-06 |    7.754534e-08 |     4.432280e-14
  9 |   8.351574e-06 |     0.0835 |            R |   2 |   8.425699e-06 |    7.412469e-08 |     3.998759e-14
 10 |   8.262259e-06 |     0.0826 |            R |   2 |   8.012560e-06 |    2.496989e-07 |     6.129540e-14
 11 |   8.262126e-06 |     0.0826 |            R |   2 |   8.016386e-06 |    2.457399e-07 |     7.666077e-14
 12 |   8.261993e-06 |     0.0826 |            R |   2 |   8.018657e-06 |    2.433361e-07 |     7.963564e-14
 13 |  -8.994057e-06 |    -0.0899 |            R |   2 |   8.020179e-06 |    1.701424e-05 |     1.270876e-13
 14 |  -7.009535e-06 |    -0.0701 |            R |   2 |   9.065139e-06 |    1.607467e-05 |     3.914387e-11
 15 |  -8.536380e-06 |    -0.0854 |            R |   2 |   8.512903e-06 |    1.704928e-05 |     1.609356e-11
 16 |  -8.536528e-06 |    -0.0854 |            R |   2 |   8.787654e-06 |    1.732418e-05 |     3.986858e-12
 17 |  -7.009569e-06 |    -0.0701 |            R |   2 |   8.877560e-06 |    1.588713e-05 |     6.281251e-11
 18 |  -8.994847e-06 |    -0.0899 |            R |   2 |   8.785564e-06 |    1.778041e-05 |     1.209160e-13
 19 |  -8.536972e-06 |    -0.0854 |            R |   2 |   8.875218e-06 |    1.741219e-05 |     4.165439e-13
 20 |  -9.818888e-06 |    -0.0982 |            R |   2 |   9.016355e-06 |    1.883524e-05 |     3.194692e-12
 21 |   8.260805e-06 |     0.0826 |            R |   2 |   8.200521e-06 |    6.028400e-08 |     1.983787e-11
 22 |  -6.962976e-06 |    -0.0696 |            R |   2 |   8.379688e-06 |    1.534266e-05 |     7.276661e-11
 23 |  -6.962982e-06 |    -0.0696 |            R |   2 |   8.836979e-06 |    1.579996e-05 |     7.443966e-11
 24 |  -6.962987e-06 |    -0.0696 |            R |   2 |   8.562767e-06 |    1.552575e-05 |     9.368126e-12
 25 |   8.260281e-06 |     0.0826 |            R |   2 |   8.116032e-06 |    1.442492e-07 |     1.244387e-11
 26 |  -8.538002e-06 |    -0.0854 |            R |   2 |   8.839315e-06 |    1.737732e-05 |     1.317497e-13
 27 |  -8.538149e-06 |    -0.0854 |            R |   2 |   9.140732e-06 |    1.767888e-05 |     1.789562e-14
 28 |   8.530051e-06 |     0.0853 |            R |   2 |   8.503027e-06 |    2.702426e-08 |     8.688910e-13
 29 |   8.259760e-06 |     0.0826 |            R |   2 |   8.233460e-06 |    2.629993e-08 |     4.311667e-12
 30 |   8.259630e-06 |     0.0826 |            R |   2 |   8.145757e-06 |    1.138727e-07 |     3.289974e-12
  1 |   7.009368e-06 |     0.0701 |            R |   3 |   8.289409e-06 |    1.280042e-06 |     5.370931e-13
  2 |   8.263325e-06 |     0.0826 |            R |   3 |   8.327431e-06 |    6.410651e-08 |     1.167313e-13
  3 |   8.352406e-06 |     0.0835 |            R |   3 |   8.416767e-06 |    6.436120e-08 |     1.853963e-13
  4 |   9.669105e-06 |     0.0967 |            R |   3 |   8.836342e-06 |    8.327631e-07 |     5.179982e-12
  5 |  -8.089854e-06 |    -0.0809 |            R |   3 |   9.018785e-06 |    1.710864e-05 |     1.866210e-12
  6 |   8.351990e-06 |     0.0835 |            R |   3 |   8.149289e-06 |    2.027005e-07 |     2.336196e-12
  7 |   8.262658e-06 |     0.0826 |            R |   3 |   8.148856e-06 |    1.138016e-07 |     8.421591e-14
  8 |   8.262525e-06 |     0.0826 |            R |   3 |   8.148471e-06 |    1.140538e-07 |     1.714919e-12
  9 |  -7.009479e-06 |    -0.0701 |            R |   3 |   8.504715e-06 |    1.551419e-05 |     5.616045e-13
 10 |   8.351436e-06 |     0.0835 |            R |   3 |   8.117600e-06 |    2.338360e-07 |     5.918996e-14
 11 |  -7.764489e-06 |    -0.0776 |            R |   3 |   8.383349e-06 |    1.614784e-05 |     1.129165e-13
 12 |  -9.593734e-06 |    -0.0959 |            R |   3 |   8.931443e-06 |    1.852518e-05 |     4.181513e-13
 13 |  -9.173359e-06 |    -0.0917 |            R |   3 |   8.749175e-06 |    1.792253e-05 |     2.593577e-13
 14 |   8.350884e-06 |     0.0835 |            R |   3 |   8.206846e-06 |    1.440383e-07 |     3.356155e-14
 15 |  -9.514179e-06 |    -0.0951 |            R |   3 |   8.750422e-06 |    1.826460e-05 |     3.548856e-12
 16 |   8.261464e-06 |     0.0826 |            R |   3 |   8.207694e-06 |    5.376945e-08 |     5.140055e-12
 17 |   9.168648e-06 |     0.0917 |            R |   3 |   8.934354e-06 |    2.342937e-07 |     7.631995e-12
 18 |  -9.594558e-06 |    -0.0959 |            R |   3 |   8.843192e-06 |    1.843775e-05 |     2.752246e-12
 19 |  -9.594695e-06 |    -0.0959 |            R |   3 |   8.934919e-06 |    1.852961e-05 |     2.995181e-12
 20 |  -6.962965e-06 |    -0.0696 |            R |   3 |   7.589326e-06 |    1.455229e-05 |     1.281762e-12
 21 |  -6.962971e-06 |    -0.0696 |            R |   3 |   8.774314e-06 |    1.573728e-05 |     1.422329e-12
 22 |   8.260674e-06 |     0.0826 |            R |   3 |   7.588851e-06 |    6.718228e-07 |     2.034792e-11
 23 |   9.167716e-06 |     0.0917 |            R |   3 |   9.047294e-06 |    1.204218e-07 |     2.297773e-11
 24 |   8.260412e-06 |     0.0826 |            R |   3 |   7.734154e-06 |    5.262580e-07 |     1.565905e-11
 25 |  -6.962992e-06 |    -0.0696 |            R |   3 |   8.550488e-06 |    1.551348e-05 |     1.936832e-12
 26 |   8.260150e-06 |     0.0826 |            R |   3 |   8.141203e-06 |    1.189473e-07 |     9.637621e-12
 27 |   8.260020e-06 |     0.0826 |            R |   3 |   8.141037e-06 |    1.189827e-07 |     7.388773e-12
 28 |   8.259890e-06 |     0.0826 |            R |   3 |   8.140728e-06 |    1.191621e-07 |     5.646166e-12
 29 |   9.166792e-06 |     0.0917 |            R |   3 |   8.680220e-06 |    4.865723e-07 |     4.807532e-11
 30 |  -6.963020e-06 |    -0.0696 |            R |   3 |   8.140385e-06 |    1.510340e-05 |     3.624505e-12
  1 |   9.591934e-06 |     0.0959 |            R |   4 |   9.225949e-06 |    3.659848e-07 |     5.433678e-13
  2 |  -7.009401e-06 |    -0.0701 |            R |   4 |   8.844984e-06 |    1.585438e-05 |     6.601225e-13
  3 |  -7.922276e-06 |    -0.0792 |            R |   4 |   8.672243e-06 |    1.659452e-05 |     1.485765e-13
  4 |   8.352267e-06 |     0.0835 |            R |   4 |   8.229808e-06 |    1.224597e-07 |     5.071754e-13
  5 |   8.262924e-06 |     0.0826 |            R |   4 |   8.229680e-06 |    3.324476e-08 |     2.936423e-14
  6 |   8.262791e-06 |     0.0826 |            R |   4 |   7.811625e-06 |    4.511660e-07 |     4.722770e-14
  7 |   9.170214e-06 |     0.0917 |            R |   4 |   8.589946e-06 |    5.802684e-07 |     4.063467e-14
  8 |   9.170057e-06 |     0.0917 |            R |   4 |   8.479025e-06 |    6.910319e-07 |     1.062812e-13
  9 |   9.169900e-06 |     0.0917 |            R |   4 |   9.027440e-06 |    1.424604e-07 |     2.459130e-13
 10 |  -8.535640e-06 |    -0.0854 |            R |   4 |   8.298895e-06 |    1.683453e-05 |     1.130466e-12
 11 |  -9.593596e-06 |    -0.0959 |            R |   4 |   9.543137e-06 |    1.913673e-05 |     1.309399e-13
 12 |  -8.993898e-06 |    -0.0899 |            R |   4 |   8.754496e-06 |    1.774839e-05 |     2.691450e-12
 13 |  -8.981903e-05 |    -0.8982 |            R |   4 |   9.543455e-06 |    9.936248e-05 |     5.259993e-12
 14 |  -8.536232e-06 |    -0.0854 |            R |   4 |   9.206522e-06 |    1.774275e-05 |     5.219173e-11
 15 |  -9.594147e-06 |    -0.0959 |            R |   4 |   9.028351e-06 |    1.862250e-05 |     3.817589e-12
 16 |  -9.671749e-06 |    -0.0967 |            R |   4 |   9.206866e-06 |    1.887861e-05 |     1.618380e-13
 17 |  -9.594421e-06 |    -0.0959 |            R |   4 |   9.207024e-06 |    1.880145e-05 |     2.590184e-12
 18 |   8.261200e-06 |     0.0826 |            R |   4 |   8.124968e-06 |    1.362315e-07 |     1.041343e-11
 19 |  -9.953252e-06 |    -0.0995 |            R |   4 |   8.938736e-06 |    1.889199e-05 |     5.351995e-13
 20 |   8.260936e-06 |     0.0826 |            R |   4 |   8.125399e-06 |    1.355368e-07 |     1.734777e-11
 21 |  -9.819004e-06 |    -0.0982 |            R |   4 |   9.207888e-06 |    1.902689e-05 |     1.332562e-11
 22 |  -9.672533e-06 |    -0.0967 |            R |   4 |   9.208159e-06 |    1.888069e-05 |     2.027561e-11
 23 |  -1.007476e-05 |    -0.1007 |            R |   4 |   9.208311e-06 |    1.928307e-05 |     4.300797e-12
 24 |  -9.595376e-06 |    -0.0960 |            R |   4 |   9.208467e-06 |    1.880384e-05 |     5.589193e-12
 25 |  -8.537855e-06 |    -0.0854 |            R |   4 |   9.208501e-06 |    1.774636e-05 |     1.863376e-13
 26 |  -6.962998e-06 |    -0.0696 |            R |   4 |   7.178246e-06 |    1.414124e-05 |     7.064955e-13
 27 |  -6.963003e-06 |    -0.0696 |            R |   4 |   7.585589e-06 |    1.454859e-05 |     6.147905e-11
 28 |  -6.963009e-06 |    -0.0696 |            R |   4 |   9.546172e-06 |    1.650918e-05 |     1.056973e-10
 29 |  -6.963014e-06 |    -0.0696 |            R |   4 |   9.546290e-06 |    1.650930e-05 |     4.764787e-11
 30 |  -8.538588e-06 |    -0.0854 |            R |   4 |   8.940576e-06 |    1.747916e-05 |     7.319463e-11
  1 |   8.972179e-04 |     8.9722 |          MS+ |   1 |   9.152247e-05 |    8.056955e-04 |     2.624499e-15
  2 |   9.289011e-05 |     0.9289 |          MS+ |   1 |   9.171051e-05 |    1.179600e-06 |     1.226830e-11
  3 |   9.289013e-05 |     0.9289 |          MS+ |   1 |   9.182382e-05 |    1.066305e-06 |     4.481442e-12
  4 |   3.458262e-04 |     3.4583 |          MS+ |   1 |   9.187302e-05 |    2.539532e-04 |     6.624720e-15
  5 |   9.289018e-05 |     0.9289 |          MS+ |   1 |   9.188004e-05 |    1.010138e-06 |     1.804850e-12
  6 |   5.095933e-04 |     5.0959 |          MS+ |   1 |   9.186368e-05 |    4.177296e-04 |     4.268945e-15
  7 |   9.289022e-05 |     0.9289 |          MS+ |   1 |   9.183619e-05 |    1.054028e-06 |     8.381279e-12
  8 |   9.289025e-05 |     0.9289 |          MS+ |   1 |   9.180459e-05 |    1.085656e-06 |     3.791368e-12
  9 |   9.303719e-05 |     0.9304 |          MS+ |   1 |   9.177254e-05 |    1.264655e-06 |     1.151568e-11
 10 |   9.289029e-05 |     0.9289 |          MS+ |   1 |   9.174182e-05 |    1.148470e-06 |     6.626970e-12
 11 |   9.033228e-04 |     9.0332 |          MS+ |   1 |   9.171322e-05 |    8.116096e-04 |     1.228581e-15
 12 |   9.808689e-04 |     9.8087 |          MS+ |   1 |   9.168697e-05 |    8.891819e-04 |     2.351788e-15
 13 |   1.058192e-03 |    10.5819 |          MS+ |   1 |   9.166305e-05 |    9.665286e-04 |     1.888618e-15
 15 |   8.261596e-06 |     0.0826 |          MS+ |   1 |   9.162161e-05 |    8.336001e-05 |     3.453937e-12
 16 |   8.350609e-06 |     0.0835 |          MS+ |   1 |   9.160370e-05 |    8.325309e-05 |     8.301368e-12
 18 |   8.350334e-06 |     0.0835 |          MS+ |   1 |   9.157254e-05 |    8.322220e-05 |     5.403204e-12
 19 |   8.261068e-06 |     0.0826 |          MS+ |   1 |   9.155895e-05 |    8.329788e-05 |     1.388658e-11
 22 |   8.349787e-06 |     0.0835 |          MS+ |   1 |   9.152450e-05 |    8.317471e-05 |     2.686329e-14
 23 |   9.289059e-05 |     0.9289 |          MS+ |   1 |   9.151475e-05 |    1.375840e-06 |     3.002726e-12
 24 |   9.289062e-05 |     0.9289 |          MS+ |   1 |   9.150573e-05 |    1.384886e-06 |     8.738173e-12
 25 |   9.289064e-05 |     0.9289 |          MS+ |   1 |   9.149736e-05 |    1.393284e-06 |     6.832442e-12
 26 |   9.289066e-05 |     0.9289 |          MS+ |   1 |   9.148956e-05 |    1.401100e-06 |     1.850492e-12
 27 |   9.289069e-05 |     0.9289 |          MS+ |   1 |   9.148230e-05 |    1.408389e-06 |     3.651181e-12
 28 |   9.289071e-05 |     0.9289 |          MS+ |   1 |   9.147551e-05 |    1.415201e-06 |     1.200798e-12
 29 |   9.289073e-05 |     0.9289 |          MS+ |   1 |   9.146915e-05 |    1.421580e-06 |     9.626876e-13
 30 |   9.289075e-05 |     0.9289 |          MS+ |   1 |   9.146319e-05 |    1.427565e-06 |     2.870338e-12
  1 |   4.737057e-04 |     4.7371 |          MS+ |   2 |   9.134392e-05 |    3.823618e-04 |     8.607775e-15
  2 |   9.173671e-05 |     0.9174 |          MS+ |   2 |   9.140184e-05 |    3.348730e-07 |     5.202679e-13
  3 |   9.173685e-05 |     0.9174 |          MS+ |   2 |   9.145277e-05 |    2.840810e-07 |     1.145172e-12
  4 |   9.289015e-05 |     0.9289 |          MS+ |   2 |   9.149473e-05 |    1.395423e-06 |     8.597297e-12
  5 |   9.173711e-05 |     0.9174 |          MS+ |   2 |   9.152712e-05 |    2.099881e-07 |     4.159034e-13
  6 |   9.289020e-05 |     0.9289 |          MS+ |   2 |   9.155042e-05 |    1.339779e-06 |     3.731041e-12
  7 |   9.173738e-05 |     0.9174 |          MS+ |   2 |   9.156576e-05 |    1.716234e-07 |     1.217679e-12
  8 |   9.173751e-05 |     0.9174 |          MS+ |   2 |   9.157454e-05 |    1.629691e-07 |     4.987119e-13
  9 |   9.289027e-05 |     0.9289 |          MS+ |   2 |   9.157820e-05 |    1.312070e-06 |     3.217697e-12
 10 |   9.169743e-06 |     0.0917 |          MS+ |   2 |   9.157799e-05 |    8.240825e-05 |     5.443703e-13
 11 |   9.289032e-05 |     0.9289 |          MS+ |   2 |   9.157498e-05 |    1.315340e-06 |     8.443003e-12
 12 |   8.351160e-06 |     0.0835 |          MS+ |   2 |   9.156999e-05 |    8.321883e-05 |     7.697878e-12
 13 |   8.261861e-06 |     0.0826 |          MS+ |   2 |   9.156368e-05 |    8.330182e-05 |     5.753962e-12
 14 |   9.264523e-05 |     0.9265 |          MS+ |   2 |   9.155653e-05 |    1.088694e-06 |     1.395206e-12
 15 |   8.350746e-06 |     0.0835 |          MS+ |   2 |   9.154890e-05 |    8.319815e-05 |     9.833305e-12
 16 |   9.168804e-06 |     0.0917 |          MS+ |   2 |   9.154103e-05 |    8.237223e-05 |     6.023232e-12
 17 |   8.261332e-06 |     0.0826 |          MS+ |   2 |   9.153312e-05 |    8.327179e-05 |     7.446928e-12
 18 |   9.168492e-06 |     0.0917 |          MS+ |   2 |   9.152529e-05 |    8.235680e-05 |     9.524083e-12
 19 |   8.350197e-06 |     0.0835 |          MS+ |   2 |   9.151763e-05 |    8.316743e-05 |     4.275927e-12
 20 |   8.350060e-06 |     0.0835 |          MS+ |   2 |   9.151019e-05 |    8.316013e-05 |     2.332625e-12
 21 |   9.168026e-06 |     0.0917 |          MS+ |   2 |   9.150301e-05 |    8.233499e-05 |     1.678270e-11
 22 |   9.167871e-06 |     0.0917 |          MS+ |   2 |   9.149611e-05 |    8.232824e-05 |     1.973851e-11
 23 |   9.173949e-05 |     0.9174 |          MS+ |   2 |   9.148950e-05 |    2.499923e-07 |     1.783656e-12
 24 |   9.173963e-05 |     0.9174 |          MS+ |   2 |   9.148318e-05 |    2.564450e-07 |     1.878689e-12
 25 |   9.173976e-05 |     0.9174 |          MS+ |   2 |   9.147714e-05 |    2.626117e-07 |     1.985720e-12
 26 |   9.173989e-05 |     0.9174 |          MS+ |   2 |   9.147139e-05 |    2.684999e-07 |     1.738925e-12
 27 |   9.174002e-05 |     0.9174 |          MS+ |   2 |   9.146590e-05 |    2.741192e-07 |     2.204683e-12
 28 |   9.174015e-05 |     0.9174 |          MS+ |   2 |   9.146067e-05 |    2.794807e-07 |     1.194324e-12
 29 |   9.174028e-05 |     0.9174 |          MS+ |   2 |   9.145568e-05 |    2.845963e-07 |     1.454391e-12
 30 |   9.174041e-05 |     0.9174 |          MS+ |   2 |   9.145093e-05 |    2.894782e-07 |     7.357584e-13
  1 |   8.455954e-05 |     0.8456 |          MS+ |   3 |   9.130980e-05 |    6.750269e-06 |     2.899010e-13
  2 |   9.171001e-06 |     0.0917 |          MS+ |   3 |   9.133659e-05 |    8.216559e-05 |     6.038755e-14
  3 |   9.170843e-06 |     0.0917 |          MS+ |   3 |   9.136187e-05 |    8.219102e-05 |     2.163905e-12
  4 |   9.173698e-05 |     0.9174 |          MS+ |   3 |   9.138504e-05 |    3.519351e-07 |     4.573830e-13
  5 |   9.511303e-06 |     0.0951 |          MS+ |   3 |   9.140569e-05 |    8.189438e-05 |     1.327706e-12
  6 |   9.173725e-05 |     0.9174 |          MS+ |   3 |   9.142355e-05 |    3.136937e-07 |     3.965552e-13
  7 |   9.950602e-06 |     0.0995 |          MS+ |   3 |   9.143857e-05 |    8.148797e-05 |     1.306773e-13
  8 |   9.950499e-06 |     0.0995 |          MS+ |   3 |   9.145082e-05 |    8.150032e-05 |     4.942616e-13
  9 |   9.173765e-05 |     0.9174 |          MS+ |   3 |   9.146047e-05 |    2.771750e-07 |     4.638972e-13
 10 |   9.510583e-06 |     0.0951 |          MS+ |   3 |   9.146777e-05 |    8.195719e-05 |     1.078781e-11
 11 |   9.169586e-06 |     0.0917 |          MS+ |   3 |   9.147300e-05 |    8.230342e-05 |     1.140487e-12
 12 |   9.169430e-06 |     0.0917 |          MS+ |   3 |   9.147645e-05 |    8.230702e-05 |     1.747099e-12
 13 |   8.351022e-06 |     0.0835 |          MS+ |   3 |   9.147838e-05 |    8.312736e-05 |     7.174152e-12
 14 |   9.169117e-06 |     0.0917 |          MS+ |   3 |   9.147907e-05 |    8.230995e-05 |     3.438394e-12
 15 |   9.168960e-06 |     0.0917 |          MS+ |   3 |   9.147873e-05 |    8.230977e-05 |     4.616120e-12
 16 |   9.342880e-06 |     0.0934 |          MS+ |   3 |   9.147757e-05 |    8.213469e-05 |     5.612717e-13
 17 |   9.509578e-06 |     0.0951 |          MS+ |   3 |   9.147576e-05 |    8.196618e-05 |     1.556315e-13
 18 |   9.814399e-06 |     0.0981 |          MS+ |   3 |   9.147344e-05 |    8.165904e-05 |     2.485018e-13
 19 |   9.168337e-06 |     0.0917 |          MS+ |   3 |   9.147073e-05 |    8.230239e-05 |     1.166908e-11
 20 |   9.168181e-06 |     0.0917 |          MS+ |   3 |   9.146773e-05 |    8.229955e-05 |     1.407437e-11
 21 |   9.949165e-06 |     0.0995 |          MS+ |   3 |   9.146452e-05 |    8.151536e-05 |     1.058851e-13
 22 |   9.508864e-06 |     0.0951 |          MS+ |   3 |   9.146117e-05 |    8.195231e-05 |     3.512397e-14
 23 |   8.260542e-06 |     0.0826 |          MS+ |   3 |   9.145774e-05 |    8.319719e-05 |     1.866244e-11
 24 |   9.167561e-06 |     0.0917 |          MS+ |   3 |   9.145425e-05 |    8.228669e-05 |     2.646523e-11
 25 |   9.167407e-06 |     0.0917 |          MS+ |   3 |   9.145076e-05 |    8.228335e-05 |     3.022416e-11
 26 |   9.167253e-06 |     0.0917 |          MS+ |   3 |   9.144727e-05 |    8.228002e-05 |     3.425161e-11
 27 |   9.167099e-06 |     0.0917 |          MS+ |   3 |   9.144382e-05 |    8.227672e-05 |     3.857559e-11
 28 |   9.341077e-06 |     0.0934 |          MS+ |   3 |   9.144042e-05 |    8.209934e-05 |     5.748434e-12
 29 |   7.477061e-06 |     0.0748 |          MS+ |   3 |   9.143708e-05 |    8.396002e-05 |     2.300182e-13
 30 |   8.529763e-06 |     0.0853 |          MS+ |   3 |   9.143381e-05 |    8.290405e-05 |     1.439291e-13
  1 |   9.004880e-05 |     0.9005 |          MS+ |   4 |   9.129778e-05 |    1.248985e-06 |     1.292845e-12
  2 |   9.048829e-05 |     0.9049 |          MS+ |   4 |   9.131306e-05 |    8.247690e-07 |     1.036516e-12
  3 |   9.511592e-06 |     0.0951 |          MS+ |   4 |   9.132785e-05 |    8.181626e-05 |     9.680436e-14
  4 |   9.033092e-05 |     0.9033 |          MS+ |   4 |   9.134192e-05 |    1.011007e-06 |     2.012769e-13
  5 |   9.065548e-05 |     0.9066 |          MS+ |   4 |   9.135511e-05 |    6.996318e-07 |     3.687238e-13
  6 |   9.511159e-06 |     0.0951 |          MS+ |   4 |   9.136726e-05 |    8.185610e-05 |     3.082705e-13
  7 |   9.065578e-05 |     0.9066 |          MS+ |   4 |   9.137827e-05 |    7.224895e-07 |     6.783190e-13
  8 |   9.033145e-05 |     0.9033 |          MS+ |   4 |   9.138810e-05 |    1.056650e-06 |     2.598209e-13
  9 |   9.815466e-06 |     0.0982 |          MS+ |   4 |   9.139672e-05 |    8.158126e-05 |     8.152967e-13
 10 |   9.100963e-05 |     0.9101 |          MS+ |   4 |   9.140417e-05 |    3.945368e-07 |     1.752955e-12
 11 |   9.510439e-06 |     0.0951 |          MS+ |   4 |   9.141047e-05 |    8.190003e-05 |     5.426604e-14
 12 |   9.510295e-06 |     0.0951 |          MS+ |   4 |   9.141571e-05 |    8.190541e-05 |     1.003417e-12
 13 |   9.169273e-06 |     0.0917 |          MS+ |   4 |   9.141996e-05 |    8.225068e-05 |     2.497690e-12
 14 |   9.510008e-06 |     0.0951 |          MS+ |   4 |   9.142330e-05 |    8.191329e-05 |     8.530261e-14
 15 |   9.509865e-06 |     0.0951 |          MS+ |   4 |   9.142584e-05 |    8.191597e-05 |     4.745005e-13
 16 |   9.101058e-05 |     0.9101 |          MS+ |   4 |   9.142765e-05 |    4.170773e-07 |     2.738151e-13
 17 |   9.083138e-05 |     0.9083 |          MS+ |   4 |   9.142883e-05 |    5.974494e-07 |     9.627285e-13
 18 |   9.083154e-05 |     0.9083 |          MS+ |   4 |   9.142946e-05 |    5.979226e-07 |     4.376719e-13
 19 |   9.949370e-06 |     0.0995 |          MS+ |   4 |   9.142961e-05 |    8.148024e-05 |     3.177561e-11
 20 |   9.949268e-06 |     0.0995 |          MS+ |   4 |   9.142936e-05 |    8.148009e-05 |     4.544934e-11
 21 |   9.005085e-05 |     0.9005 |          MS+ |   4 |   9.142876e-05 |    1.377910e-06 |     2.937062e-13
 22 |   9.033330e-05 |     0.9033 |          MS+ |   4 |   9.142787e-05 |    1.094569e-06 |     4.413230e-13
 23 |   9.341825e-06 |     0.0934 |          MS+ |   4 |   9.142673e-05 |    8.208491e-05 |     7.398242e-14
 24 |   9.666460e-06 |     0.0967 |          MS+ |   4 |   9.142540e-05 |    8.175894e-05 |     4.444655e-12
 25 |   9.948757e-06 |     0.0995 |          MS+ |   4 |   9.142390e-05 |    8.147515e-05 |     2.773245e-11
 26 |   9.341375e-06 |     0.0934 |          MS+ |   4 |   9.142228e-05 |    8.208090e-05 |     4.006410e-14
 27 |   9.508154e-06 |     0.0951 |          MS+ |   4 |   9.142055e-05 |    8.191239e-05 |     5.083033e-12
 28 |   9.119496e-05 |     0.9119 |          MS+ |   4 |   9.141874e-05 |    2.237741e-07 |     1.618226e-13
 29 |   9.101260e-05 |     0.9101 |          MS+ |   4 |   9.141687e-05 |    4.042657e-07 |     1.939699e-13
 30 |   9.166639e-06 |     0.0917 |          MS+ |   4 |   9.141496e-05 |    8.224832e-05 |     1.034677e-11
  1 |  -9.592212e-06 |    -0.0959 |          MS- |   1 |  -8.956157e-06 |    6.360544e-07 |     4.504512e-13
  2 |  -1.018024e-05 |    -0.1018 |          MS- |   1 |  -1.050052e-05 |    3.202706e-07 |     3.960865e-13
  3 |  -1.018031e-05 |    -0.1018 |          MS- |   1 |  -1.050032e-05 |    3.200053e-07 |     1.452620e-12
  4 |  -1.018038e-05 |    -0.1018 |          MS- |   1 |  -1.050011e-05 |    3.197339e-07 |     8.145313e-13
  5 |  -1.018045e-05 |    -0.1018 |          MS- |   1 |  -1.049992e-05 |    3.194731e-07 |     1.402078e-12
  6 |  -9.592905e-06 |    -0.0959 |          MS- |   1 |  -1.049972e-05 |    9.068189e-07 |     1.175910e-13
  7 |  -9.593043e-06 |    -0.0959 |          MS- |   1 |  -1.049955e-05 |    9.065030e-07 |     2.076228e-13
  8 |  -9.593182e-06 |    -0.0959 |          MS- |   1 |  -1.049938e-05 |    9.061940e-07 |     2.761465e-13
  9 |  -9.593320e-06 |    -0.0959 |          MS- |   1 |  -1.049922e-05 |    9.058972e-07 |     2.124446e-13
 10 |  -9.593458e-06 |    -0.0959 |          MS- |   1 |  -1.049909e-05 |    9.056327e-07 |     4.986117e-13
 11 |  -8.981916e-05 |    -0.8982 |          MS- |   1 |  -1.049895e-05 |    7.932021e-05 |     4.232744e-12
 12 |  -9.065289e-05 |    -0.9065 |          MS- |   1 |  -1.049884e-05 |    8.015405e-05 |     3.074611e-12
 13 |  -9.275342e-05 |    -0.9275 |          MS- |   1 |  -1.049874e-05 |    8.225469e-05 |     1.080753e-11
 14 |  -1.018105e-05 |    -0.1018 |          MS- |   1 |  -1.049863e-05 |    3.175791e-07 |     1.672939e-12
 15 |  -9.238351e-05 |    -0.9238 |          MS- |   1 |  -1.049854e-05 |    8.188498e-05 |     3.530817e-12
 16 |  -8.972676e-05 |    -0.8973 |          MS- |   1 |  -1.049845e-05 |    7.922832e-05 |     7.600689e-12
 17 |  -1.018125e-05 |    -0.1018 |          MS- |   1 |  -1.049835e-05 |    3.171065e-07 |     5.570042e-12
 18 |  -8.972667e-05 |    -0.8973 |          MS- |   1 |  -1.049827e-05 |    7.922839e-05 |     5.933594e-12
 19 |  -9.223479e-05 |    -0.9223 |          MS- |   1 |  -1.049821e-05 |    8.173657e-05 |     4.745561e-12
 20 |  -9.594832e-06 |    -0.0959 |          MS- |   1 |  -8.979904e-06 |    6.149276e-07 |     3.215195e-12
 21 |  -9.594968e-06 |    -0.0959 |          MS- |   1 |  -8.968637e-06 |    6.263310e-07 |     3.563967e-12
 22 |  -9.595104e-06 |    -0.0960 |          MS- |   1 |  -8.958248e-06 |    6.368564e-07 |     4.045719e-12
 23 |  -9.595240e-06 |    -0.0960 |          MS- |   1 |  -8.948644e-06 |    6.465961e-07 |     4.657442e-12
 24 |  -8.995790e-06 |    -0.0900 |          MS- |   1 |  -8.939745e-06 |    5.604467e-08 |     2.260418e-14
 25 |  -8.995946e-06 |    -0.0900 |          MS- |   1 |  -8.931480e-06 |    6.446661e-08 |     3.804896e-13
 26 |  -1.007501e-05 |    -0.1008 |          MS- |   1 |  -9.588007e-06 |    4.870031e-07 |     4.111101e-13
 27 |  -9.595782e-06 |    -0.0960 |          MS- |   1 |  -8.916608e-06 |    6.791744e-07 |     1.369727e-11
 28 |  -9.595917e-06 |    -0.0960 |          MS- |   1 |  -9.335591e-06 |    2.603259e-07 |     2.466282e-11
 29 |  -9.596052e-06 |    -0.0960 |          MS- |   1 |  -9.332294e-06 |    2.637581e-07 |     4.138685e-11
 30 |  -1.007534e-05 |    -0.1008 |          MS- |   1 |  -9.876719e-06 |    1.986199e-07 |     2.327763e-13
  1 |  -8.992152e-06 |    -0.0899 |          MS- |   2 |  -8.779287e-06 |    2.128649e-07 |     4.223894e-13
  2 |  -8.992311e-06 |    -0.0899 |          MS- |   2 |  -8.836900e-06 |    1.554110e-07 |     2.157958e-13
  3 |  -9.592489e-06 |    -0.0959 |          MS- |   2 |  -8.887389e-06 |    7.050999e-07 |     1.493957e-13
  4 |  -8.992628e-06 |    -0.0899 |          MS- |   2 |  -8.928874e-06 |    6.375433e-08 |     1.891996e-13
  5 |  -9.592766e-06 |    -0.0959 |          MS- |   2 |  -8.960821e-06 |    6.319449e-07 |     2.713968e-13
  6 |  -1.018051e-05 |    -0.1018 |          MS- |   2 |  -1.049842e-05 |    3.179072e-07 |     5.305341e-13
  7 |  -1.018058e-05 |    -0.1018 |          MS- |   2 |  -1.049835e-05 |    3.177679e-07 |     2.226772e-12
  8 |  -1.018065e-05 |    -0.1018 |          MS- |   2 |  -1.049831e-05 |    3.176622e-07 |     1.006440e-12
  9 |  -1.018071e-05 |    -0.1018 |          MS- |   2 |  -1.049826e-05 |    3.175416e-07 |     6.922720e-13
 10 |  -1.018078e-05 |    -0.1018 |          MS- |   2 |  -1.049820e-05 |    3.174171e-07 |     2.353056e-12
 11 |  -1.018085e-05 |    -0.1018 |          MS- |   2 |  -1.049815e-05 |    3.173040e-07 |     2.358155e-12
 12 |  -1.018091e-05 |    -0.1018 |          MS- |   2 |  -9.070987e-06 |    1.109927e-06 |     3.844375e-12
 13 |  -9.593872e-06 |    -0.0959 |          MS- |   2 |  -9.274831e-06 |    3.190406e-07 |     1.155542e-11
 14 |  -8.627868e-06 |    -0.0863 |          MS- |   2 |  -9.578926e-06 |    9.510584e-07 |     5.761258e-12
 15 |  -8.981890e-05 |    -0.8982 |          MS- |   2 |  -9.655772e-06 |    8.016312e-05 |     4.926615e-12
 16 |  -8.994531e-06 |    -0.0899 |          MS- |   2 |  -8.974530e-06 |    2.000106e-08 |     7.432062e-14
 17 |  -9.514464e-06 |    -0.0951 |          MS- |   2 |  -8.966742e-06 |    5.477215e-07 |     1.385165e-11
 18 |  -9.953151e-06 |    -0.0995 |          MS- |   2 |  -9.282581e-06 |    6.705698e-07 |     3.827615e-13
 19 |  -8.972662e-05 |    -0.8973 |          MS- |   2 |  -9.452681e-06 |    8.027394e-05 |     8.455215e-12
 20 |  -9.082558e-05 |    -0.9083 |          MS- |   2 |  -9.453794e-06 |    8.137179e-05 |     3.983106e-12
 21 |  -8.537267e-06 |    -0.0854 |          MS- |   2 |  -7.430239e-06 |    1.107028e-06 |     6.783621e-14
 22 |  -9.018090e-05 |    -0.9018 |          MS- |   2 |  -9.616343e-06 |    8.056455e-05 |     1.482031e-12
 23 |  -9.672662e-06 |    -0.0967 |          MS- |   2 |  -9.143431e-06 |    5.292313e-07 |     9.115142e-12
 24 |  -1.007484e-05 |    -0.1007 |          MS- |   2 |  -9.373350e-06 |    7.014947e-07 |     1.066378e-12
 25 |  -1.007493e-05 |    -0.1007 |          MS- |   2 |  -9.694756e-06 |    3.801714e-07 |     4.239861e-12
 26 |  -8.996103e-06 |    -0.0900 |          MS- |   2 |  -8.905823e-06 |    9.027984e-08 |     1.967932e-12
 27 |  -8.996259e-06 |    -0.0900 |          MS- |   2 |  -8.869837e-06 |    1.264213e-07 |     2.748795e-13
 28 |  -8.538295e-06 |    -0.0854 |          MS- |   2 |  -8.234680e-06 |    3.036152e-07 |     3.278424e-13
 29 |  -8.996570e-06 |    -0.0900 |          MS- |   2 |  -8.147096e-06 |    8.494740e-07 |     1.955713e-13
 30 |  -9.673566e-06 |    -0.0967 |          MS- |   2 |  -9.399251e-06 |    2.743147e-07 |     7.872343e-13
  1 |  -7.009390e-06 |    -0.0701 |          MS- |   3 |  -8.417420e-06 |    1.408031e-06 |     2.768219e-12
  2 |  -8.534453e-06 |    -0.0853 |          MS- |   3 |  -8.378846e-06 |    1.556069e-07 |     2.097826e-13
  3 |  -8.992469e-06 |    -0.0899 |          MS- |   3 |  -8.797161e-06 |    1.953086e-07 |     1.717823e-13
  4 |  -8.810050e-06 |    -0.0881 |          MS- |   3 |  -8.927700e-06 |    1.176494e-07 |     1.208652e-12
  5 |  -8.992787e-06 |    -0.0899 |          MS- |   3 |  -8.873867e-06 |    1.189201e-07 |     1.423238e-13
  6 |  -8.535047e-06 |    -0.0854 |          MS- |   3 |  -8.928950e-06 |    3.939031e-07 |     1.397209e-13
  7 |  -8.993105e-06 |    -0.0899 |          MS- |   3 |  -9.286101e-06 |    2.929961e-07 |     6.345378e-12
  8 |  -8.535343e-06 |    -0.0854 |          MS- |   3 |  -8.325099e-06 |    2.102446e-07 |     1.499517e-13
  9 |  -8.993422e-06 |    -0.0899 |          MS- |   3 |  -8.597207e-06 |    3.962158e-07 |     1.563820e-11
 10 |  -8.993581e-06 |    -0.0899 |          MS- |   3 |  -8.505028e-06 |    4.885528e-07 |     8.217253e-12
 11 |  -8.993740e-06 |    -0.0899 |          MS- |   3 |  -8.472831e-06 |    5.209088e-07 |     1.990654e-11
 12 |  -8.535936e-06 |    -0.0854 |          MS- |   3 |  -8.383310e-06 |    1.526263e-07 |     1.040157e-11
 13 |  -8.536084e-06 |    -0.0854 |          MS- |   3 |  -7.949760e-06 |    5.863244e-07 |     2.380568e-11
 14 |  -9.594009e-06 |    -0.0959 |          MS- |   3 |  -9.694830e-06 |    1.008208e-07 |     6.934385e-12
 15 |  -8.994373e-06 |    -0.0899 |          MS- |   3 |  -8.658369e-06 |    3.360039e-07 |     3.550288e-12
 16 |  -9.594284e-06 |    -0.0959 |          MS- |   3 |  -9.114201e-06 |    4.800824e-07 |     2.484837e-12
 17 |  -8.536676e-06 |    -0.0854 |          MS- |   3 |  -7.951352e-06 |    5.853240e-07 |     1.468639e-12
 18 |  -8.536824e-06 |    -0.0854 |          MS- |   3 |  -8.386231e-06 |    1.505935e-07 |     6.163117e-13
 19 |  -8.995004e-06 |    -0.0900 |          MS- |   3 |  -8.905169e-06 |    8.983573e-08 |     6.882541e-14
 20 |  -8.995162e-06 |    -0.0900 |          MS- |   3 |  -8.902204e-06 |    9.295809e-08 |     1.616595e-14
 21 |  -8.995319e-06 |    -0.0900 |          MS- |   3 |  -7.871693e-06 |    1.123626e-06 |     1.359005e-13
 22 |  -8.537414e-06 |    -0.0854 |          MS- |   3 |  -8.230284e-06 |    3.071299e-07 |     5.655758e-14
 23 |  -8.537561e-06 |    -0.0854 |          MS- |   3 |  -7.891969e-06 |    6.455923e-07 |     3.420862e-14
 24 |  -8.537708e-06 |    -0.0854 |          MS- |   3 |  -8.498892e-06 |    3.881686e-08 |     7.578715e-14
 25 |  -9.595512e-06 |    -0.0960 |          MS- |   3 |  -9.046760e-06 |    5.487520e-07 |     6.993670e-12
 26 |  -9.673051e-06 |    -0.0967 |          MS- |   3 |  -9.560824e-06 |    1.122274e-07 |     1.581739e-12
 27 |  -1.007509e-05 |    -0.1008 |          MS- |   3 |  -9.560589e-06 |    5.145033e-07 |     9.991362e-13
 28 |  -8.996414e-06 |    -0.0900 |          MS- |   3 |  -8.589285e-06 |    4.071292e-07 |     6.397804e-14
 29 |  -8.538442e-06 |    -0.0854 |          MS- |   3 |  -7.890323e-06 |    6.481189e-07 |     5.947521e-12
 30 |  -9.048373e-05 |    -0.9048 |          MS- |   3 |  -1.036090e-05 |    8.012283e-05 |     3.226801e-12
  1 |  -1.018018e-05 |    -0.1018 |          MS- |   4 |  -9.205082e-06 |    9.750956e-07 |     9.829604e-13
  2 |  -7.763641e-06 |    -0.0776 |          MS- |   4 |  -8.318929e-06 |    5.552878e-07 |     4.780776e-13
  3 |  -8.534602e-06 |    -0.0853 |          MS- |   4 |  -8.763261e-06 |    2.286596e-07 |     2.380382e-13
  4 |  -8.534750e-06 |    -0.0853 |          MS- |   4 |  -8.387850e-06 |    1.469001e-07 |     1.943712e-13
  5 |  -8.534898e-06 |    -0.0853 |          MS- |   4 |  -8.142568e-06 |    3.923306e-07 |     1.059699e-13
  6 |  -8.992946e-06 |    -0.0899 |          MS- |   4 |  -9.542913e-06 |    5.499667e-07 |     1.152859e-12
  7 |  -8.535195e-06 |    -0.0854 |          MS- |   4 |  -9.461635e-06 |    9.264399e-07 |     2.130197e-13
  8 |  -7.764206e-06 |    -0.0776 |          MS- |   4 |  -7.335110e-06 |    4.290961e-07 |     2.452750e-11
  9 |  -8.535491e-06 |    -0.0854 |          MS- |   4 |  -8.408000e-06 |    1.274914e-07 |     3.036960e-13
 10 |  -9.172889e-06 |    -0.0917 |          MS- |   4 |  -9.224700e-06 |    5.181139e-08 |     1.579896e-11
 11 |  -8.535788e-06 |    -0.0854 |          MS- |   4 |  -8.407653e-06 |    1.281348e-07 |     3.146920e-12
 12 |  -8.981909e-05 |    -0.8982 |          MS- |   4 |  -9.843425e-06 |    7.997567e-05 |     6.908175e-12
 13 |  -1.018098e-05 |    -0.1018 |          MS- |   4 |  -9.293947e-06 |    8.870329e-07 |     6.217504e-13
 14 |  -8.994215e-06 |    -0.0899 |          MS- |   4 |  -9.294075e-06 |    2.998599e-07 |     6.528067e-12
 15 |  -1.018111e-05 |    -0.1018 |          MS- |   4 |  -9.207043e-06 |    9.740698e-07 |     2.279983e-12
 16 |  -1.018118e-05 |    -0.1018 |          MS- |   4 |  -9.294396e-06 |    8.867839e-07 |     9.721061e-13
 17 |  -8.994689e-06 |    -0.0899 |          MS- |   4 |  -8.847083e-06 |    1.476064e-07 |     1.210431e-13
 18 |  -1.018131e-05 |    -0.1018 |          MS- |   4 |  -9.294868e-06 |    8.864434e-07 |     6.524981e-13
 19 |  -1.007443e-05 |    -0.1007 |          MS- |   4 |  -9.207748e-06 |    8.666804e-07 |     1.404101e-13
 20 |  -1.007451e-05 |    -0.1007 |          MS- |   4 |  -9.295127e-06 |    7.793855e-07 |     3.011403e-13
 21 |  -1.007460e-05 |    -0.1007 |          MS- |   4 |  -9.295313e-06 |    7.792820e-07 |     2.738707e-13
 22 |  -1.007468e-05 |    -0.1007 |          MS- |   4 |  -9.295484e-06 |    7.791949e-07 |     3.425758e-12
 23 |  -9.018078e-05 |    -0.9018 |          MS- |   4 |  -9.295647e-06 |    8.088513e-05 |     4.216838e-12
 24 |  -9.672792e-06 |    -0.0967 |          MS- |   4 |  -9.295827e-06 |    3.769656e-07 |     1.392571e-13
 25 |  -9.672922e-06 |    -0.0967 |          MS- |   4 |  -9.295962e-06 |    3.769595e-07 |     1.055713e-11
 26 |  -9.595647e-06 |    -0.0960 |          MS- |   4 |  -9.296126e-06 |    2.995214e-07 |     9.337228e-12
 27 |  -9.673180e-06 |    -0.0967 |          MS- |   4 |  -9.296391e-06 |    3.767896e-07 |     2.242769e-11
 28 |  -9.673309e-06 |    -0.0967 |          MS- |   4 |  -9.845936e-06 |    1.726266e-07 |     2.068978e-12
 29 |  -9.673438e-06 |    -0.0967 |          MS- |   4 |  -9.846034e-06 |    1.725960e-07 |     2.842179e-11
 30 |  -8.996725e-06 |    -0.0900 |          MS- |   4 |  -8.849926e-06 |    1.467995e-07 |     1.175054e-12
  1 |  -9.708429e-05 |    -0.9708 |        MK_in |   0 |  -1.308360e-04 |    3.375168e-05 |     1.256958e-12
  2 |  -1.992755e-04 |    -1.9928 |        MK_in |   0 |  -2.670029e-04 |    6.772741e-05 |     2.924719e-14
  3 |  -2.966178e-04 |    -2.9662 |        MK_in |   0 |  -4.019677e-04 |    1.053499e-04 |     1.543667e-14
  4 |  -3.890347e-04 |    -3.8903 |        MK_in |   0 |  -5.366382e-04 |    1.476035e-04 |     2.786989e-14
  5 |  -6.866022e-04 |    -6.8660 |        MK_in |   0 |  -6.711915e-04 |    1.541064e-05 |     3.943528e-15
  6 |  -7.732261e-04 |    -7.7323 |        MK_in |   0 |  -8.056864e-04 |    3.246026e-05 |     8.252299e-15
  7 |  -1.133272e-03 |   -11.3327 |        MK_in |   0 |  -9.401479e-04 |    1.931238e-04 |     8.146399e-15
  8 |  -1.202194e-03 |   -12.0219 |        MK_in |   0 |  -1.074589e-03 |    1.276053e-04 |     5.584980e-15
  9 |  -1.277811e-03 |   -12.7781 |        MK_in |   0 |  -1.209015e-03 |    6.879566e-05 |     1.314991e-14
 10 |  -1.359364e-03 |   -13.5936 |        MK_in |   0 |  -1.343432e-03 |    1.593205e-05 |     7.905249e-15
 11 |  -1.445765e-03 |   -14.4576 |        MK_in |   0 |  -1.477842e-03 |    3.207738e-05 |     2.339745e-15
 12 |  -1.796272e-03 |   -17.9627 |        MK_in |   0 |  -1.612247e-03 |    1.840251e-04 |     3.297253e-15
 13 |  -1.870418e-03 |   -18.7042 |        MK_in |   0 |  -1.746648e-03 |    1.237703e-04 |     2.469823e-15
 14 |  -1.948992e-03 |   -19.4899 |        MK_in |   0 |  -1.881045e-03 |    6.794674e-05 |     1.971816e-15
 15 |  -2.031683e-03 |   -20.3168 |        MK_in |   0 |  -2.015440e-03 |    1.624300e-05 |     2.208665e-15
 16 |  -2.117943e-03 |   -21.1794 |        MK_in |   0 |  -2.149833e-03 |    3.188950e-05 |     4.679892e-15
 17 |  -2.206959e-03 |   -22.0696 |        MK_in |   0 |  -2.284224e-03 |    7.726513e-05 |     3.026093e-15
 18 |  -2.540452e-03 |   -25.4045 |        MK_in |   0 |  -2.418613e-03 |    1.218385e-04 |     4.940023e-15
 19 |  -2.620493e-03 |   -26.2049 |        MK_in |   0 |  -2.553002e-03 |    6.749096e-05 |     2.059915e-15
 20 |  -2.703774e-03 |   -27.0377 |        MK_in |   0 |  -2.687389e-03 |    1.638455e-05 |     2.423237e-15
 21 |  -2.789951e-03 |   -27.8995 |        MK_in |   0 |  -2.821776e-03 |    3.182484e-05 |     3.323960e-15
 22 |  -2.878471e-03 |   -28.7847 |        MK_in |   0 |  -2.956161e-03 |    7.769053e-05 |     4.961090e-15
 23 |  -2.968606e-03 |   -29.6861 |        MK_in |   0 |  -3.090547e-03 |    1.219411e-04 |     2.566247e-15
 24 |  -3.292088e-03 |   -32.9209 |        MK_in |   0 |  -3.224931e-03 |    6.715646e-05 |     2.354362e-15
 25 |  -3.375740e-03 |   -33.7574 |        MK_in |   0 |  -3.359315e-03 |    1.642497e-05 |     1.053228e-15
 26 |  -3.461863e-03 |   -34.6186 |        MK_in |   0 |  -3.493699e-03 |    3.183535e-05 |     1.171832e-15
 27 |  -3.550047e-03 |   -35.5005 |        MK_in |   0 |  -3.628082e-03 |    7.803528e-05 |     1.686831e-15
 28 |  -3.882162e-03 |   -38.8216 |        MK_in |   0 |  -3.762465e-03 |    1.196970e-04 |     1.410182e-15
 29 |  -3.963718e-03 |   -39.6372 |        MK_in |   0 |  -3.896847e-03 |    6.687101e-05 |     1.562139e-15
 30 |  -4.047631e-03 |   -40.4763 |        MK_in |   0 |  -4.031229e-03 |    1.640122e-05 |     2.057983e-15
  1 |   1.018004e-05 |     0.1018 |       MK_out |   0 |   6.933787e-05 |    5.915783e-05 |     2.505087e-13
  2 |   1.744457e-04 |     1.7445 |       MK_out |   0 |   1.454763e-04 |    2.896934e-05 |     3.033551e-14
  3 |   2.612605e-04 |     2.6126 |       MK_out |   0 |   2.200517e-04 |    4.120885e-05 |     8.158963e-15
  4 |   6.326519e-04 |     6.3265 |       MK_out |   0 |   2.942548e-04 |    3.383971e-04 |     1.865494e-14
  5 |   4.284710e-04 |     4.2847 |       MK_out |   0 |   3.683107e-04 |    6.016032e-05 |     5.213062e-15
  6 |   7.928812e-04 |     7.9288 |       MK_out |   0 |   4.422933e-04 |    3.505879e-04 |     7.407637e-15
  7 |   5.895859e-04 |     5.8959 |       MK_out |   0 |   5.162342e-04 |    7.335172e-05 |     7.637090e-15
  8 |   6.687645e-04 |     6.6876 |       MK_out |   0 |   5.901490e-04 |    7.861547e-05 |     3.198793e-15
  9 |   7.473543e-04 |     7.4735 |       MK_out |   0 |   6.640465e-04 |    8.330785e-05 |     5.685424e-15
 10 |   8.255070e-04 |     8.2551 |       MK_out |   0 |   7.379318e-04 |    8.757521e-05 |     1.783767e-15
 11 |   1.227547e-03 |    12.2755 |       MK_out |   0 |   8.118083e-04 |    4.157383e-04 |     3.131208e-15
 12 |   1.312090e-03 |    13.1209 |       MK_out |   0 |   8.856782e-04 |    4.264119e-04 |     3.319010e-15
 13 |   1.395576e-03 |    13.9558 |       MK_out |   0 |   9.595430e-04 |    4.360327e-04 |     1.443791e-15
 14 |   1.478208e-03 |    14.7821 |       MK_out |   0 |   1.033404e-03 |    4.448040e-04 |     3.610216e-16
 15 |   1.212293e-03 |    12.1229 |       MK_out |   0 |   1.107261e-03 |    1.050314e-04 |     6.647273e-16
 16 |   1.289116e-03 |    12.8912 |       MK_out |   0 |   1.181116e-03 |    1.079994e-04 |     8.428893e-16
 17 |   1.722707e-03 |    17.2271 |       MK_out |   0 |   1.254969e-03 |    4.677379e-04 |     3.802621e-15
 18 |   1.442387e-03 |    14.4239 |       MK_out |   0 |   1.328820e-03 |    1.135666e-04 |     5.463636e-16
 19 |   1.518859e-03 |    15.1886 |       MK_out |   0 |   1.402670e-03 |    1.161891e-04 |     1.576357e-15
 20 |   1.964212e-03 |    19.6421 |       MK_out |   0 |   1.476518e-03 |    4.876937e-04 |     1.343646e-15
 21 |   2.044281e-03 |    20.4428 |       MK_out |   0 |   1.550365e-03 |    4.939160e-04 |     1.073704e-15
 22 |   1.747731e-03 |    17.4773 |       MK_out |   0 |   1.624212e-03 |    1.235191e-04 |     1.416109e-15
 23 |   1.823863e-03 |    18.2386 |       MK_out |   0 |   1.698057e-03 |    1.258064e-04 |     3.667478e-16
 24 |   1.899927e-03 |    18.9993 |       MK_out |   0 |   1.771902e-03 |    1.280252e-04 |     1.624443e-15
 25 |   1.975926e-03 |    19.7593 |       MK_out |   0 |   1.845746e-03 |    1.301804e-04 |     6.546385e-16
 26 |   2.051865e-03 |    20.5187 |       MK_out |   0 |   1.919589e-03 |    1.322761e-04 |     5.475729e-16
 27 |   2.127749e-03 |    21.2775 |       MK_out |   0 |   1.993432e-03 |    1.343162e-04 |     1.319661e-15
 28 |   2.203579e-03 |    22.0358 |       MK_out |   0 |   2.067275e-03 |    1.363042e-04 |     3.135006e-16
 29 |   2.279360e-03 |    22.7936 |       MK_out |   0 |   2.141117e-03 |    1.382431e-04 |     4.509214e-16
 30 |   2.355095e-03 |    23.5509 |       MK_out |   0 |   2.214959e-03 |    1.401359e-04 |     7.539124e-16
  1 |  -4.850488e-03 |   -48.5049 |   unassigned |   - |              - |               - |     1.183212e-15
  1 |  -4.410029e-03 |   -44.1003 |   unassigned |   - |              - |               - |     8.189749e-16
  1 |  -3.969627e-03 |   -39.6963 |   unassigned |   - |              - |               - |     2.079320e-15
  1 |  -3.529301e-03 |   -35.2930 |   unassigned |   - |              - |               - |     2.796340e-15
  1 |  -3.089083e-03 |   -30.8908 |   unassigned |   - |              - |               - |     2.542121e-15
  1 |  -2.649026e-03 |   -26.4903 |   unassigned |   - |              - |               - |     2.652967e-15
  1 |  -1.331335e-03 |   -13.3133 |   unassigned |   - |              - |               - |     8.499348e-15
  1 |  -9.119046e-05 |    -0.9119 |   unassigned |   - |              - |               - |     4.511476e-12
  1 |   3.089287e-03 |    30.8929 |   unassigned |   - |              - |               - |     1.575295e-15
  1 |   3.529457e-03 |    35.2946 |   unassigned |   - |              - |               - |     2.190161e-15
  1 |   3.969750e-03 |    39.6975 |   unassigned |   - |              - |               - |     1.787945e-15
  1 |   4.410130e-03 |    44.1013 |   unassigned |   - |              - |               - |     8.189218e-16
  1 |   4.850571e-03 |    48.5057 |   unassigned |   - |              - |               - |     1.980751e-15
  2 |  -4.853462e-03 |   -48.5346 |   unassigned |   - |              - |               - |     1.011956e-15
  2 |  -4.413297e-03 |   -44.1330 |   unassigned |   - |              - |               - |     1.068721e-15
  2 |  -3.973251e-03 |   -39.7325 |   unassigned |   - |              - |               - |     3.625492e-16
  2 |  -3.533370e-03 |   -35.3337 |   unassigned |   - |              - |               - |     1.534613e-15
  2 |  -3.093721e-03 |   -30.9372 |   unassigned |   - |              - |               - |     1.279796e-15
  2 |  -2.654419e-03 |   -26.5442 |   unassigned |   - |              - |               - |     1.240322e-15
  2 |  -1.341877e-03 |   -13.4188 |   unassigned |   - |              - |               - |     6.736318e-15
  2 |  -9.592350e-06 |    -0.0959 |   unassigned |   - |              - |               - |     2.468213e-13
  2 |   1.344068e-03 |    13.4407 |   unassigned |   - |              - |               - |     5.158160e-15
  2 |   2.654974e-03 |    26.5497 |   unassigned |   - |              - |               - |     9.097664e-16
  2 |   3.094129e-03 |    30.9413 |   unassigned |   - |              - |               - |     2.717134e-15
  2 |   3.533682e-03 |    35.3368 |   unassigned |   - |              - |               - |     2.848135e-15
  2 |   3.973498e-03 |    39.7350 |   unassigned |   - |              - |               - |     5.418465e-16
  2 |   4.413497e-03 |    44.1350 |   unassigned |   - |              - |               - |     3.584179e-15
  2 |   4.853628e-03 |    48.5363 |   unassigned |   - |              - |               - |     1.241572e-15
  3 |  -4.858443e-03 |   -48.5844 |   unassigned |   - |              - |               - |     2.562902e-15
  3 |  -4.418770e-03 |   -44.1877 |   unassigned |   - |              - |               - |     9.118415e-16
  3 |  -3.979326e-03 |   -39.7933 |   unassigned |   - |              - |               - |     1.158242e-15
  3 |  -3.540194e-03 |   -35.4019 |   unassigned |   - |              - |               - |     3.198174e-15
  3 |  -3.101506e-03 |   -31.0151 |   unassigned |   - |              - |               - |     2.144663e-15
  3 |  -2.663478e-03 |   -26.6348 |   unassigned |   - |              - |               - |     6.277414e-15
  3 |  -1.359650e-03 |   -13.5965 |   unassigned |   - |              - |               - |     7.223046e-15
  3 |   1.362936e-03 |    13.6294 |   unassigned |   - |              - |               - |     8.027253e-15
  3 |   2.664311e-03 |    26.6431 |   unassigned |   - |              - |               - |     2.445023e-15
  3 |   3.102118e-03 |    31.0212 |   unassigned |   - |              - |               - |     2.654949e-15
  3 |   3.540663e-03 |    35.4066 |   unassigned |   - |              - |               - |     3.228101e-15
  3 |   3.979697e-03 |    39.7970 |   unassigned |   - |              - |               - |     1.202840e-15
  3 |   4.419071e-03 |    44.1907 |   unassigned |   - |              - |               - |     6.943126e-16
  3 |   4.858691e-03 |    48.5869 |   unassigned |   - |              - |               - |     2.645097e-15
  4 |  -4.865425e-03 |   -48.6542 |   unassigned |   - |              - |               - |     1.470753e-15
  4 |  -4.426443e-03 |   -44.2644 |   unassigned |   - |              - |               - |     2.183111e-15
  4 |  -3.987842e-03 |   -39.8784 |   unassigned |   - |              - |               - |     2.273646e-15
  4 |  -3.549760e-03 |   -35.4976 |   unassigned |   - |              - |               - |     1.428587e-15
  4 |  -3.112416e-03 |   -31.1242 |   unassigned |   - |              - |               - |     2.306419e-15
  4 |  -2.676171e-03 |   -26.7617 |   unassigned |   - |              - |               - |     2.746633e-15
  4 |  -1.384420e-03 |   -13.8442 |   unassigned |   - |              - |               - |     4.816185e-15
  4 |  -9.252082e-05 |    -0.9252 |   unassigned |   - |              - |               - |     2.262809e-12
  4 |   2.677282e-03 |    26.7728 |   unassigned |   - |              - |               - |     2.140394e-15
  4 |   3.113233e-03 |    31.1323 |   unassigned |   - |              - |               - |     2.788236e-15
  4 |   3.550386e-03 |    35.5039 |   unassigned |   - |              - |               - |     3.840468e-15
  4 |   3.988337e-03 |    39.8834 |   unassigned |   - |              - |               - |     2.068123e-15
  4 |   4.426844e-03 |    44.2684 |   unassigned |   - |              - |               - |     4.978847e-16
  4 |   4.865756e-03 |    48.6576 |   unassigned |   - |              - |               - |     2.296692e-15
  5 |  -4.874401e-03 |   -48.7440 |   unassigned |   - |              - |               - |     7.972679e-16
  5 |  -4.436306e-03 |   -44.3631 |   unassigned |   - |              - |               - |     2.148734e-15
  5 |  -3.998785e-03 |   -39.9879 |   unassigned |   - |              - |               - |     1.139130e-15
  5 |  -3.562049e-03 |   -35.6205 |   unassigned |   - |              - |               - |     8.764632e-16
  5 |  -3.126424e-03 |   -31.2642 |   unassigned |   - |              - |               - |     2.714415e-15
  5 |  -2.692452e-03 |   -26.9245 |   unassigned |   - |              - |               - |     2.967403e-15
  5 |  -1.415892e-03 |   -14.1589 |   unassigned |   - |              - |               - |     1.121268e-15
  5 |   1.421375e-03 |    14.2138 |   unassigned |   - |              - |               - |     3.260700e-15
  5 |   2.693842e-03 |    26.9384 |   unassigned |   - |              - |               - |     2.552006e-15
  5 |   3.127446e-03 |    31.2745 |   unassigned |   - |              - |               - |     1.706500e-15
  5 |   3.562831e-03 |    35.6283 |   unassigned |   - |              - |               - |     1.185165e-15
  5 |   3.999404e-03 |    39.9940 |   unassigned |   - |              - |               - |     6.255699e-16
  5 |   4.436807e-03 |    44.3681 |   unassigned |   - |              - |               - |     1.295154e-15
  5 |   4.874815e-03 |    48.7481 |   unassigned |   - |              - |               - |     8.533825e-16
  6 |  -4.885361e-03 |   -48.8536 |   unassigned |   - |              - |               - |     1.389033e-15
  6 |  -4.448346e-03 |   -44.4835 |   unassigned |   - |              - |               - |     1.216924e-15
  6 |  -4.012139e-03 |   -40.1214 |   unassigned |   - |              - |               - |     1.417327e-15
  6 |  -3.577035e-03 |   -35.7703 |   unassigned |   - |              - |               - |     2.164772e-15
  6 |  -3.143494e-03 |   -31.4349 |   unassigned |   - |              - |               - |     2.150640e-15
  6 |  -2.712267e-03 |   -27.1227 |   unassigned |   - |              - |               - |     3.931155e-15
  6 |  -1.453728e-03 |   -14.5373 |   unassigned |   - |              - |               - |     1.869246e-15
  6 |   2.713936e-03 |    27.1394 |   unassigned |   - |              - |               - |     2.523642e-15
  6 |   3.144721e-03 |    31.4472 |   unassigned |   - |              - |               - |     2.221943e-15
  6 |   3.577975e-03 |    35.7797 |   unassigned |   - |              - |               - |     1.480238e-15
  6 |   4.012881e-03 |    40.1288 |   unassigned |   - |              - |               - |     9.975892e-16
  6 |   4.448947e-03 |    44.4895 |   unassigned |   - |              - |               - |     1.227106e-15
  6 |   4.885858e-03 |    48.8586 |   unassigned |   - |              - |               - |     6.555132e-16
  7 |  -4.898293e-03 |   -48.9829 |   unassigned |   - |              - |               - |     1.824721e-15
  7 |  -4.462547e-03 |   -44.6255 |   unassigned |   - |              - |               - |     9.131204e-16
  7 |  -4.027881e-03 |   -40.2788 |   unassigned |   - |              - |               - |     2.195230e-15
  7 |  -3.594690e-03 |   -35.9469 |   unassigned |   - |              - |               - |     3.245034e-15
  7 |  -3.163582e-03 |   -31.6358 |   unassigned |   - |              - |               - |     2.893296e-15
  7 |  -2.735550e-03 |   -27.3555 |   unassigned |   - |              - |               - |     3.915742e-15
  7 |  -6.399781e-04 |    -6.3998 |   unassigned |   - |              - |               - |     3.359525e-15
  7 |  -9.004798e-05 |    -0.9005 |   unassigned |   - |              - |               - |     5.484044e-12
  7 |  -8.444105e-06 |    -0.0844 |   unassigned |   - |              - |               - |     1.013988e-13
  7 |   1.148860e-03 |    11.4886 |   unassigned |   - |              - |               - |     6.231861e-15
  7 |   2.737500e-03 |    27.3750 |   unassigned |   - |              - |               - |     3.620321e-15
  7 |   3.165015e-03 |    31.6501 |   unassigned |   - |              - |               - |     4.335715e-15
  7 |   3.595787e-03 |    35.9579 |   unassigned |   - |              - |               - |     1.931393e-15
  7 |   4.028748e-03 |    40.2875 |   unassigned |   - |              - |               - |     6.039821e-16
  7 |   4.463249e-03 |    44.6325 |   unassigned |   - |              - |               - |     2.342132e-15
  7 |   4.898873e-03 |    48.9887 |   unassigned |   - |              - |               - |     8.181922e-16
  8 |  -4.913185e-03 |   -49.1318 |   unassigned |   - |              - |               - |     5.335014e-16
  8 |  -4.478891e-03 |   -44.7889 |   unassigned |   - |              - |               - |     6.889713e-16
  8 |  -4.045989e-03 |   -40.4599 |   unassigned |   - |              - |               - |     8.755670e-16
  8 |  -3.614981e-03 |   -36.1498 |   unassigned |   - |              - |               - |     2.979867e-15
  8 |  -3.186640e-03 |   -31.8664 |   unassigned |   - |              - |               - |     1.646072e-15
  8 |  -2.762228e-03 |   -27.6223 |   unassigned |   - |              - |               - |     1.987653e-15
  8 |  -7.185688e-04 |    -7.1857 |   unassigned |   - |              - |               - |     2.199410e-15
  8 |  -8.993264e-06 |    -0.0899 |   unassigned |   - |              - |               - |     1.464053e-11
  8 |   1.219055e-03 |    12.1905 |   unassigned |   - |              - |               - |     3.615575e-15
  8 |   2.764460e-03 |    27.6446 |   unassigned |   - |              - |               - |     2.583140e-15
  8 |   3.188280e-03 |    31.8828 |   unassigned |   - |              - |               - |     2.992864e-15
  8 |   3.616235e-03 |    36.1624 |   unassigned |   - |              - |               - |     2.160012e-15
  8 |   4.046981e-03 |    40.4698 |   unassigned |   - |              - |               - |     1.314409e-15
  8 |   4.479694e-03 |    44.7969 |   unassigned |   - |              - |               - |     3.643150e-15
  8 |   4.913848e-03 |    49.1385 |   unassigned |   - |              - |               - |     8.352997e-16
  9 |  -4.930020e-03 |   -49.3002 |   unassigned |   - |              - |               - |     6.537348e-16
  9 |  -4.497360e-03 |   -44.9736 |   unassigned |   - |              - |               - |     1.086702e-15
  9 |  -4.066435e-03 |   -40.6644 |   unassigned |   - |              - |               - |     9.565531e-16
  9 |  -3.637868e-03 |   -36.3787 |   unassigned |   - |              - |               - |     1.405856e-15
  9 |  -3.212615e-03 |   -32.1261 |   unassigned |   - |              - |               - |     2.191503e-15
  9 |  -2.792218e-03 |   -27.9222 |   unassigned |   - |              - |               - |     4.787940e-15
  9 |  -7.961655e-04 |    -7.9617 |   unassigned |   - |              - |               - |     2.066091e-15
  9 |  -9.004778e-05 |    -0.9005 |   unassigned |   - |              - |               - |     1.206611e-12
  9 |   1.295136e-03 |    12.9514 |   unassigned |   - |              - |               - |     5.334987e-15
  9 |   2.794735e-03 |    27.9473 |   unassigned |   - |              - |               - |     3.682302e-15
  9 |   3.214462e-03 |    32.1446 |   unassigned |   - |              - |               - |     2.071505e-15
  9 |   3.639282e-03 |    36.3928 |   unassigned |   - |              - |               - |     3.228138e-15
  9 |   4.067551e-03 |    40.6755 |   unassigned |   - |              - |               - |     9.861503e-16
  9 |   4.498263e-03 |    44.9826 |   unassigned |   - |              - |               - |     8.023126e-16
  9 |   4.930767e-03 |    49.3077 |   unassigned |   - |              - |               - |     1.934104e-15
 10 |  -4.948782e-03 |   -49.4878 |   unassigned |   - |              - |               - |     2.501757e-15
 10 |  -4.517929e-03 |   -45.1793 |   unassigned |   - |              - |               - |     6.154783e-16
 10 |  -4.089189e-03 |   -40.8919 |   unassigned |   - |              - |               - |     2.077521e-15
 10 |  -3.663312e-03 |   -36.6331 |   unassigned |   - |              - |               - |     3.117567e-15
 10 |  -3.241446e-03 |   -32.4145 |   unassigned |   - |              - |               - |     2.316996e-15
 10 |  -2.825434e-03 |   -28.2543 |   unassigned |   - |              - |               - |     2.844354e-15
 10 |  -8.731964e-04 |    -8.7320 |   unassigned |   - |              - |               - |     9.319998e-16
 10 |  -9.065319e-05 |    -0.9065 |   unassigned |   - |              - |               - |     5.375449e-12
 10 |  -8.981923e-05 |    -0.8982 |   unassigned |   - |              - |               - |     9.391107e-12
 10 |   1.376101e-03 |    13.7610 |   unassigned |   - |              - |               - |     5.466240e-15
 10 |   2.828239e-03 |    28.2824 |   unassigned |   - |              - |               - |     3.021907e-15
 10 |   3.243503e-03 |    32.4350 |   unassigned |   - |              - |               - |     2.554000e-15
 10 |   3.664885e-03 |    36.6488 |   unassigned |   - |              - |               - |     2.896463e-15
 10 |   4.090430e-03 |    40.9043 |   unassigned |   - |              - |               - |     4.096294e-15
 10 |   4.518934e-03 |    45.1893 |   unassigned |   - |              - |               - |     2.928196e-15
 10 |   4.949612e-03 |    49.4961 |   unassigned |   - |              - |               - |     2.170674e-15
 11 |  -4.969451e-03 |   -49.6945 |   unassigned |   - |              - |               - |     8.665801e-16
 11 |  -4.540575e-03 |   -45.4057 |   unassigned |   - |              - |               - |     7.438732e-16
 11 |  -4.114218e-03 |   -41.1422 |   unassigned |   - |              - |               - |     2.059715e-15
 11 |  -3.691268e-03 |   -36.9127 |   unassigned |   - |              - |               - |     2.126908e-15
 11 |  -3.273072e-03 |   -32.7307 |   unassigned |   - |              - |               - |     1.773460e-15
 11 |  -2.861785e-03 |   -28.6179 |   unassigned |   - |              - |               - |     1.910191e-15
 11 |  -9.498908e-04 |    -9.4989 |   unassigned |   - |              - |               - |     2.922073e-15
 11 |   2.864881e-03 |    28.6488 |   unassigned |   - |              - |               - |     4.864639e-15
 11 |   3.275340e-03 |    32.7534 |   unassigned |   - |              - |               - |     7.696422e-16
 11 |   3.693000e-03 |    36.9300 |   unassigned |   - |              - |               - |     2.378227e-15
 11 |   4.115586e-03 |    41.1559 |   unassigned |   - |              - |               - |     1.166509e-15
 11 |   4.541681e-03 |    45.4168 |   unassigned |   - |              - |               - |     8.339193e-16
 11 |   4.970365e-03 |    49.7037 |   unassigned |   - |              - |               - |     1.265586e-15
 12 |  -4.992008e-03 |   -49.9201 |   unassigned |   - |              - |               - |     8.425576e-16
 12 |  -4.565271e-03 |   -45.6527 |   unassigned |   - |              - |               - |     8.197115e-16
 12 |  -4.141488e-03 |   -41.4149 |   unassigned |   - |              - |               - |     2.293840e-15
 12 |  -3.721687e-03 |   -37.2169 |   unassigned |   - |              - |               - |     3.137810e-15
 12 |  -3.307426e-03 |   -33.0743 |   unassigned |   - |              - |               - |     1.245119e-15
 12 |  -2.901178e-03 |   -29.0118 |   unassigned |   - |              - |               - |     1.913529e-15
 12 |  -1.026370e-03 |   -10.2637 |   unassigned |   - |              - |               - |     6.076832e-16
 12 |   2.904570e-03 |    29.0457 |   unassigned |   - |              - |               - |     2.314541e-15
 12 |   3.309907e-03 |    33.0991 |   unassigned |   - |              - |               - |     4.689225e-15
 12 |   3.723581e-03 |    37.2358 |   unassigned |   - |              - |               - |     3.655091e-15
 12 |   4.142982e-03 |    41.4298 |   unassigned |   - |              - |               - |     3.394568e-15
 12 |   4.566480e-03 |    45.6648 |   unassigned |   - |              - |               - |     5.819023e-16
 12 |   4.993006e-03 |    49.9301 |   unassigned |   - |              - |               - |     5.678037e-16
 13 |  -4.591989e-03 |   -45.9199 |   unassigned |   - |              - |               - |     2.770219e-15
 13 |  -4.170961e-03 |   -41.7096 |   unassigned |   - |              - |               - |     2.942399e-15
 13 |  -3.754521e-03 |   -37.5452 |   unassigned |   - |              - |               - |     1.903817e-15
 13 |  -3.344440e-03 |   -33.4444 |   unassigned |   - |              - |               - |     3.057730e-15
 13 |  -2.943516e-03 |   -29.4352 |   unassigned |   - |              - |               - |     1.302423e-15
 13 |  -1.102697e-03 |   -11.0270 |   unassigned |   - |              - |               - |     7.629859e-16
 13 |   2.947211e-03 |    29.4721 |   unassigned |   - |              - |               - |     1.959763e-15
 13 |   3.347137e-03 |    33.4714 |   unassigned |   - |              - |               - |     2.728196e-15
 13 |   3.756578e-03 |    37.5658 |   unassigned |   - |              - |               - |     1.657049e-15
 13 |   4.172582e-03 |    41.7258 |   unassigned |   - |              - |               - |     2.056726e-15
 13 |   4.593300e-03 |    45.9330 |   unassigned |   - |              - |               - |     1.365798e-15
 14 |  -4.620700e-03 |   -46.2070 |   unassigned |   - |              - |               - |     1.257713e-15
 14 |  -4.202599e-03 |   -42.0260 |   unassigned |   - |              - |               - |     3.246022e-15
 14 |  -3.789718e-03 |   -37.8972 |   unassigned |   - |              - |               - |     2.014157e-15
 14 |  -3.384045e-03 |   -33.8404 |   unassigned |   - |              - |               - |     1.349454e-15
 14 |  -2.988706e-03 |   -29.8871 |   unassigned |   - |              - |               - |     3.506299e-15
 14 |  -1.178908e-03 |   -11.7891 |   unassigned |   - |              - |               - |     7.679092e-16
 14 |   1.135325e-03 |    11.3532 |   unassigned |   - |              - |               - |     6.912954e-16
 14 |   2.992710e-03 |    29.9271 |   unassigned |   - |              - |               - |     1.831608e-15
 14 |   3.386960e-03 |    33.8696 |   unassigned |   - |              - |               - |     1.961802e-15
 14 |   3.791938e-03 |    37.9194 |   unassigned |   - |              - |               - |     7.068376e-16
 14 |   4.204348e-03 |    42.0435 |   unassigned |   - |              - |               - |     2.362639e-15
 14 |   4.622114e-03 |    46.2211 |   unassigned |   - |              - |               - |     2.655470e-15
 15 |  -4.651373e-03 |   -46.5137 |   unassigned |   - |              - |               - |     2.921014e-15
 15 |  -4.236362e-03 |   -42.3636 |   unassigned |   - |              - |               - |     1.595613e-15
 15 |  -3.827224e-03 |   -38.2722 |   unassigned |   - |              - |               - |     1.484228e-15
 15 |  -3.426169e-03 |   -34.2617 |   unassigned |   - |              - |               - |     1.758746e-15
 15 |  -3.036656e-03 |   -30.3666 |   unassigned |   - |              - |               - |     2.530595e-15
 15 |  -1.255023e-03 |   -12.5502 |   unassigned |   - |              - |               - |     1.162145e-15
 15 |   2.045239e-03 |    20.4524 |   unassigned |   - |              - |               - |     7.957717e-15
 15 |   3.040978e-03 |    30.4098 |   unassigned |   - |              - |               - |     1.349266e-15
 15 |   3.429308e-03 |    34.2931 |   unassigned |   - |              - |               - |     1.485148e-15
 15 |   3.829611e-03 |    38.2961 |   unassigned |   - |              - |               - |     2.599012e-15
 15 |   4.238240e-03 |    42.3824 |   unassigned |   - |              - |               - |     9.404007e-16
 15 |   4.652890e-03 |    46.5289 |   unassigned |   - |              - |               - |     2.017384e-15
 16 |  -4.683975e-03 |   -46.8398 |   unassigned |   - |              - |               - |     1.932570e-15
 16 |  -4.272207e-03 |   -42.7221 |   unassigned |   - |              - |               - |     9.659280e-16
 16 |  -3.866987e-03 |   -38.6699 |   unassigned |   - |              - |               - |     5.642020e-16
 16 |  -3.470743e-03 |   -34.7074 |   unassigned |   - |              - |               - |     1.189353e-15
 16 |  -3.087275e-03 |   -30.8727 |   unassigned |   - |              - |               - |     1.675628e-15
 16 |  -1.331056e-03 |   -13.3106 |   unassigned |   - |              - |               - |     6.048409e-16
 16 |   2.130424e-03 |    21.3042 |   unassigned |   - |              - |               - |     2.164596e-15
 16 |   3.091926e-03 |    30.9193 |   unassigned |   - |              - |               - |     1.984199e-15
 16 |   3.474110e-03 |    34.7411 |   unassigned |   - |              - |               - |     1.354609e-15
 16 |   3.869542e-03 |    38.6954 |   unassigned |   - |              - |               - |     1.090138e-15
 16 |   4.274216e-03 |    42.7422 |   unassigned |   - |              - |               - |     1.369768e-15
 16 |   4.685596e-03 |    46.8560 |   unassigned |   - |              - |               - |     6.967909e-16
 17 |  -4.718473e-03 |   -47.1847 |   unassigned |   - |              - |               - |     8.098195e-16
 17 |  -4.310094e-03 |   -43.1009 |   unassigned |   - |              - |               - |     2.270209e-15
 17 |  -3.908951e-03 |   -39.0895 |   unassigned |   - |              - |               - |     9.822758e-16
 17 |  -3.517697e-03 |   -35.1770 |   unassigned |   - |              - |               - |     3.385988e-15
 17 |  -3.140479e-03 |   -31.4048 |   unassigned |   - |              - |               - |     1.574017e-15
 17 |  -1.407016e-03 |   -14.0702 |   unassigned |   - |              - |               - |     1.075740e-15
 17 |   1.365809e-03 |    13.6581 |   unassigned |   - |              - |               - |     4.436818e-16
 17 |   3.145472e-03 |    31.4547 |   unassigned |   - |              - |               - |     1.252167e-15
 17 |   3.521299e-03 |    35.2130 |   unassigned |   - |              - |               - |     1.030855e-15
 17 |   3.911678e-03 |    39.1168 |   unassigned |   - |              - |               - |     1.004201e-15
 17 |   4.312235e-03 |    43.1223 |   unassigned |   - |              - |               - |     9.480069e-16
 17 |   4.720200e-03 |    47.2020 |   unassigned |   - |              - |               - |     1.578935e-15
 18 |  -4.754835e-03 |   -47.5483 |   unassigned |   - |              - |               - |     7.804622e-16
 18 |  -4.349979e-03 |   -43.4998 |   unassigned |   - |              - |               - |     5.164192e-16
 18 |  -3.953063e-03 |   -39.5306 |   unassigned |   - |              - |               - |     1.547485e-15
 18 |  -3.566964e-03 |   -35.6696 |   unassigned |   - |              - |               - |     1.693180e-15
 18 |  -3.196190e-03 |   -31.9619 |   unassigned |   - |              - |               - |     9.207179e-16
 18 |  -1.482909e-03 |   -14.8291 |   unassigned |   - |              - |               - |     3.106410e-16
 18 |   2.552209e-03 |    25.5221 |   unassigned |   - |              - |               - |     8.694623e-16
 18 |   3.201539e-03 |    32.0154 |   unassigned |   - |              - |               - |     3.433982e-15
 18 |   3.570807e-03 |    35.7081 |   unassigned |   - |              - |               - |     1.419841e-15
 18 |   3.955965e-03 |    39.5597 |   unassigned |   - |              - |               - |     1.506989e-15
 18 |   4.352253e-03 |    43.5225 |   unassigned |   - |              - |               - |     2.656324e-15
 18 |   4.756667e-03 |    47.5667 |   unassigned |   - |              - |               - |     1.125166e-15
 19 |  -4.793024e-03 |   -47.9302 |   unassigned |   - |              - |               - |     3.501956e-15
 19 |  -4.391819e-03 |   -43.9182 |   unassigned |   - |              - |               - |     4.084831e-16
 19 |  -3.999268e-03 |   -39.9927 |   unassigned |   - |              - |               - |     2.104806e-15
 19 |  -3.618479e-03 |   -36.1848 |   unassigned |   - |              - |               - |     4.833704e-16
 19 |  -3.254337e-03 |   -32.5434 |   unassigned |   - |              - |               - |     2.041489e-15
 19 |  -1.558742e-03 |   -15.5874 |   unassigned |   - |              - |               - |     2.595168e-16
 19 |   2.632372e-03 |    26.3237 |   unassigned |   - |              - |               - |     2.672630e-15
 19 |   3.260060e-03 |    32.6006 |   unassigned |   - |              - |               - |     1.148308e-15
 19 |   3.622570e-03 |    36.2257 |   unassigned |   - |              - |               - |     3.595898e-15
 19 |   4.002350e-03 |    40.0235 |   unassigned |   - |              - |               - |     1.624548e-15
 19 |   4.394229e-03 |    43.9423 |   unassigned |   - |              - |               - |     1.196771e-15
 19 |   4.794964e-03 |    47.9496 |   unassigned |   - |              - |               - |     1.562822e-15
 20 |  -4.833006e-03 |   -48.3301 |   unassigned |   - |              - |               - |     7.667610e-16
 20 |  -4.435571e-03 |   -44.3557 |   unassigned |   - |              - |               - |     1.689737e-15
 20 |  -4.047515e-03 |   -40.4751 |   unassigned |   - |              - |               - |     1.750092e-15
 20 |  -3.672179e-03 |   -36.7218 |   unassigned |   - |              - |               - |     8.976523e-16
 20 |  -3.314862e-03 |   -33.1486 |   unassigned |   - |              - |               - |     1.133368e-15
 20 |  -1.634518e-03 |   -16.3452 |   unassigned |   - |              - |               - |     9.441781e-16
 20 |   1.595235e-03 |    15.9524 |   unassigned |   - |              - |               - |     1.296172e-15
 20 |   3.320976e-03 |    33.2098 |   unassigned |   - |              - |               - |     2.917098e-15
 20 |   3.676529e-03 |    36.7653 |   unassigned |   - |              - |               - |     3.249758e-15
 20 |   4.050780e-03 |    40.5078 |   unassigned |   - |              - |               - |     2.955596e-15
 20 |   4.438120e-03 |    44.3812 |   unassigned |   - |              - |               - |     1.287509e-15
 20 |   4.835055e-03 |    48.3506 |   unassigned |   - |              - |               - |     2.610794e-15
 21 |  -4.874747e-03 |   -48.7475 |   unassigned |   - |              - |               - |     5.584256e-16
 21 |  -4.481192e-03 |   -44.8119 |   unassigned |   - |              - |               - |     1.488270e-15
 21 |  -4.097751e-03 |   -40.9775 |   unassigned |   - |              - |               - |     2.233532e-15
 21 |  -3.728006e-03 |   -37.2801 |   unassigned |   - |              - |               - |     2.818757e-15
 21 |  -3.377715e-03 |   -33.7771 |   unassigned |   - |              - |               - |     2.899696e-15
 21 |  -1.710242e-03 |   -17.1024 |   unassigned |   - |              - |               - |     2.160349e-15
 21 |   1.671523e-03 |    16.7152 |   unassigned |   - |              - |               - |     4.742105e-16
 21 |   3.384239e-03 |    33.8424 |   unassigned |   - |              - |               - |     1.295464e-15
 21 |   3.732626e-03 |    37.3263 |   unassigned |   - |              - |               - |     2.300903e-15
 21 |   4.101205e-03 |    41.0121 |   unassigned |   - |              - |               - |     9.681619e-16
 21 |   4.483882e-03 |    44.8388 |   unassigned |   - |              - |               - |     1.115862e-15
 21 |   4.876906e-03 |    48.7691 |   unassigned |   - |              - |               - |     7.205591e-16
 22 |  -4.918211e-03 |   -49.1821 |   unassigned |   - |              - |               - |     1.043223e-15
 22 |  -4.528641e-03 |   -45.2864 |   unassigned |   - |              - |               - |     7.121777e-16
 22 |  -4.149927e-03 |   -41.4993 |   unassigned |   - |              - |               - |     7.950063e-16
 22 |  -3.785909e-03 |   -37.8591 |   unassigned |   - |              - |               - |     2.931814e-15
 22 |  -3.442862e-03 |   -34.4286 |   unassigned |   - |              - |               - |     2.212173e-15
 22 |  -1.785917e-03 |   -17.8592 |   unassigned |   - |              - |               - |     1.049002e-15
 22 |   2.888050e-03 |    28.8805 |   unassigned |   - |              - |               - |     3.286896e-15
 22 |   3.449817e-03 |    34.4982 |   unassigned |   - |              - |               - |     3.318456e-15
 22 |   3.790811e-03 |    37.9081 |   unassigned |   - |              - |               - |     1.936079e-15
 22 |   4.153577e-03 |    41.5358 |   unassigned |   - |              - |               - |     2.010359e-15
 22 |   4.531475e-03 |    45.3148 |   unassigned |   - |              - |               - |     1.829157e-15
 22 |   4.920483e-03 |    49.2048 |   unassigned |   - |              - |               - |     1.745466e-15
 23 |  -4.963364e-03 |   -49.6336 |   unassigned |   - |              - |               - |     1.993558e-15
 23 |  -4.577875e-03 |   -45.7787 |   unassigned |   - |              - |               - |     1.293244e-15
 23 |  -4.203996e-03 |   -42.0400 |   unassigned |   - |              - |               - |     1.966200e-15
 23 |  -3.845839e-03 |   -38.4584 |   unassigned |   - |              - |               - |     2.074656e-15
 23 |  -3.510286e-03 |   -35.1029 |   unassigned |   - |              - |               - |     1.579718e-15
 23 |  -1.861547e-03 |   -18.6155 |   unassigned |   - |              - |               - |     7.797798e-16
 23 |   3.221516e-03 |    32.2152 |   unassigned |   - |              - |               - |     6.962400e-16
 23 |   3.517687e-03 |    35.1769 |   unassigned |   - |              - |               - |     2.526589e-15
 23 |   3.851037e-03 |    38.5104 |   unassigned |   - |              - |               - |     1.044469e-15
 23 |   4.207848e-03 |    42.0785 |   unassigned |   - |              - |               - |     7.212297e-16
 23 |   4.580857e-03 |    45.8086 |   unassigned |   - |              - |               - |     9.394219e-16
 23 |   4.965750e-03 |    49.6575 |   unassigned |   - |              - |               - |     1.094800e-15
 24 |  -4.628854e-03 |   -46.2885 |   unassigned |   - |              - |               - |     6.548672e-16
 24 |  -4.259912e-03 |   -42.5991 |   unassigned |   - |              - |               - |     1.507935e-15
 24 |  -3.907759e-03 |   -39.0776 |   unassigned |   - |              - |               - |     2.351582e-15
 24 |  -3.579987e-03 |   -35.7999 |   unassigned |   - |              - |               - |     2.528462e-15
 24 |  -1.937133e-03 |   -19.3713 |   unassigned |   - |              - |               - |     7.830686e-16
 24 |  -9.018067e-05 |    -0.9018 |   unassigned |   - |              - |               - |     6.252205e-12
 24 |  -8.972637e-05 |    -0.8973 |   unassigned |   - |              - |               - |     1.676010e-11
 24 |   3.302540e-03 |    33.0254 |   unassigned |   - |              - |               - |     1.243087e-15
 24 |   3.587844e-03 |    35.8784 |   unassigned |   - |              - |               - |     1.338090e-15
 24 |   3.913268e-03 |    39.1327 |   unassigned |   - |              - |               - |     1.017748e-15
 24 |   4.263975e-03 |    42.6398 |   unassigned |   - |              - |               - |     1.657900e-15
 24 |   4.631989e-03 |    46.3199 |   unassigned |   - |              - |               - |     6.738291e-16
 25 |  -4.681539e-03 |   -46.8154 |   unassigned |   - |              - |               - |     1.354287e-15
 25 |  -4.317636e-03 |   -43.1764 |   unassigned |   - |              - |               - |     7.193793e-16
 25 |  -3.971636e-03 |   -39.7164 |   unassigned |   - |              - |               - |     8.977336e-16
 25 |  -3.651985e-03 |   -36.5199 |   unassigned |   - |              - |               - |     4.507800e-16
 25 |  -2.012680e-03 |   -20.1268 |   unassigned |   - |              - |               - |     5.888201e-16
 25 |  -8.981824e-05 |    -0.8982 |   unassigned |   - |              - |               - |     1.219581e-11
 25 |   3.385970e-03 |    33.8597 |   unassigned |   - |              - |               - |     3.125124e-15
 25 |   3.660294e-03 |    36.6029 |   unassigned |   - |              - |               - |     2.430811e-15
 25 |   3.977474e-03 |    39.7747 |   unassigned |   - |              - |               - |     9.320470e-16
 25 |   4.321918e-03 |    43.2192 |   unassigned |   - |              - |               - |     1.383228e-15
 25 |   4.684831e-03 |    46.8483 |   unassigned |   - |              - |               - |     8.123050e-16
 26 |  -4.735893e-03 |   -47.3589 |   unassigned |   - |              - |               - |     1.342315e-15
 26 |  -4.377128e-03 |   -43.7713 |   unassigned |   - |              - |               - |     1.257632e-15
 26 |  -4.037450e-03 |   -40.3745 |   unassigned |   - |              - |               - |     1.132620e-15
 26 |  -3.726317e-03 |   -37.2632 |   unassigned |   - |              - |               - |     1.727616e-15
 26 |  -2.088188e-03 |   -20.8819 |   unassigned |   - |              - |               - |     4.954754e-16
 26 |  -9.032697e-05 |    -0.9033 |   unassigned |   - |              - |               - |     3.147539e-12
 26 |   3.471504e-03 |    34.7150 |   unassigned |   - |              - |               - |     1.362978e-15
 26 |   3.735050e-03 |    37.3505 |   unassigned |   - |              - |               - |     2.503459e-15
 26 |   4.043633e-03 |    40.4363 |   unassigned |   - |              - |               - |     1.027357e-15
 26 |   4.381642e-03 |    43.8164 |   unassigned |   - |              - |               - |     1.743306e-15
 26 |   4.739348e-03 |    47.3935 |   unassigned |   - |              - |               - |     1.244479e-15
 27 |  -4.791880e-03 |   -47.9188 |   unassigned |   - |              - |               - |     1.149377e-15
 27 |  -4.438357e-03 |   -44.3836 |   unassigned |   - |              - |               - |     8.454238e-16
 27 |  -4.105192e-03 |   -41.0519 |   unassigned |   - |              - |               - |     1.987847e-15
 27 |  -3.803030e-03 |   -38.0303 |   unassigned |   - |              - |               - |     3.645956e-15
 27 |  -2.163660e-03 |   -21.6366 |   unassigned |   - |              - |               - |     7.127190e-16
 27 |  -9.018032e-05 |    -0.9018 |   unassigned |   - |              - |               - |     3.884289e-12
 27 |   3.558724e-03 |    35.5872 |   unassigned |   - |              - |               - |     6.237069e-16
 27 |   3.812122e-03 |    38.1212 |   unassigned |   - |              - |               - |     1.236051e-15
 27 |   4.111738e-03 |    41.1174 |   unassigned |   - |              - |               - |     6.795264e-16
 27 |   4.443113e-03 |    44.4311 |   unassigned |   - |              - |               - |     1.811781e-15
 27 |   4.795505e-03 |    47.9550 |   unassigned |   - |              - |               - |     3.618914e-16
 28 |  -4.849468e-03 |   -48.4947 |   unassigned |   - |              - |               - |     1.754705e-15
 28 |  -4.501296e-03 |   -45.0130 |   unassigned |   - |              - |               - |     1.207990e-15
 28 |  -4.174867e-03 |   -41.7487 |   unassigned |   - |              - |               - |     3.044376e-15
 28 |  -3.639726e-03 |   -36.3973 |   unassigned |   - |              - |               - |     4.314716e-15
 28 |  -2.239098e-03 |   -22.3910 |   unassigned |   - |              - |               - |     7.830969e-16
 28 |  -9.004586e-05 |    -0.9005 |   unassigned |   - |              - |               - |     2.668600e-12
 28 |  -1.007517e-05 |    -0.1008 |   unassigned |   - |              - |               - |     7.125522e-13
 28 |   3.647120e-03 |    36.4712 |   unassigned |   - |              - |               - |     6.422689e-16
 28 |   3.891497e-03 |    38.9150 |   unassigned |   - |              - |               - |     3.227576e-15
 28 |   4.181789e-03 |    41.8179 |   unassigned |   - |              - |               - |     3.096996e-15
 28 |   4.506308e-03 |    45.0631 |   unassigned |   - |              - |               - |     2.015501e-15
 28 |   4.853268e-03 |    48.5327 |   unassigned |   - |              - |               - |     1.235382e-15
 29 |  -4.908625e-03 |   -49.0862 |   unassigned |   - |              - |               - |     7.411948e-16
 29 |  -4.565923e-03 |   -45.6592 |   unassigned |   - |              - |               - |     1.129188e-15
 29 |  -4.246494e-03 |   -42.4649 |   unassigned |   - |              - |               - |     1.775813e-15
 29 |  -3.730249e-03 |   -37.3025 |   unassigned |   - |              - |               - |     2.590482e-15
 29 |  -2.314503e-03 |   -23.1450 |   unassigned |   - |              - |               - |     4.386139e-16
 29 |  -1.007526e-05 |    -0.1008 |   unassigned |   - |              - |               - |     3.886999e-13
 29 |   3.736152e-03 |    37.3615 |   unassigned |   - |              - |               - |     1.534420e-15
 29 |   3.973118e-03 |    39.7312 |   unassigned |   - |              - |               - |     2.353311e-15
 29 |   4.253799e-03 |    42.5380 |   unassigned |   - |              - |               - |     6.891029e-16
 29 |   4.571205e-03 |    45.7120 |   unassigned |   - |              - |               - |     1.308064e-15
 29 |   4.912609e-03 |    49.1261 |   unassigned |   - |              - |               - |     8.415635e-16
 30 |  -4.969324e-03 |   -49.6932 |   unassigned |   - |              - |               - |     1.999179e-15
 30 |  -4.632225e-03 |   -46.3222 |   unassigned |   - |              - |               - |     2.492874e-15
 30 |  -4.320107e-03 |   -43.2011 |   unassigned |   - |              - |               - |     2.631893e-15
 30 |  -3.820968e-03 |   -38.2097 |   unassigned |   - |              - |               - |     1.960464e-15
 30 |  -2.389878e-03 |   -23.8988 |   unassigned |   - |              - |               - |     3.757416e-16
 30 |   3.825314e-03 |    38.2531 |   unassigned |   - |              - |               - |     2.836163e-15
 30 |   4.056850e-03 |    40.5685 |   unassigned |   - |              - |               - |     1.415016e-15
 30 |   4.327791e-03 |    43.2779 |   unassigned |   - |              - |               - |     8.207457e-16
 30 |   4.637791e-03 |    46.3779 |   unassigned |   - |              - |               - |     1.944666e-15
 30 |   4.973502e-03 |    49.7350 |   unassigned |   - |              - |               - |     7.740044e-16
========================================================================================================================
