r [m],m,root_index,omega_real [rad/s],omega_imag [rad/s],omega_hat_real,omega_hat_imag,is_real,is_valid
500000.0,0,0,-9.999999995698073e-05,-1.7259898558838081e-12,-0.9999999995698073,-1.725989855883808e-08,1,1
500000.0,0,1,-9.999999995698073e-05,1.7259898558838081e-12,-0.9999999995698073,1.725989855883808e-08,1,1
500000.0,0,2,-4.301929050003044e-14,0.0,-4.3019290500030436e-10,0.0,1,1
500000.0,0,3,-4.3019184084605425e-14,0.0,-4.3019184084605426e-10,0.0,1,1
500000.0,0,4,4.301918214778255e-14,0.0,4.301918214778255e-10,0.0,1,1
500000.0,0,5,4.301929243683687e-14,0.0,4.3019292436836865e-10,0.0,1,1
500000.0,0,6,9.999999995698068e-05,-8.807905100281677e-13,0.9999999995698068,-8.807905100281676e-09,1,1
500000.0,0,7,9.999999995698068e-05,8.807905100281677e-13,0.9999999995698068,8.807905100281676e-09,1,1
500000.0,1,0,-0.005310473986026972,0.0,-53.104739860269724,0.0,1,1
500000.0,1,1,-9.999999989246326e-05,0.0,-0.9999999989246325,0.0,1,1
500000.0,1,2,-9.079064809572516e-14,0.0,-9.079064809572515e-10,0.0,1,1
500000.0,1,3,2.8598252657492923e-15,0.0,2.859825265749292e-11,0.0,1,1
500000.0,1,4,1.0228072732117214e-13,0.0,1.0228072732117214e-09,0.0,1,1
500000.0,1,5,9.999999982787731e-05,0.0,0.9999999982787731,0.0,1,1
500000.0,1,6,0.00030069378907268386,0.0,3.0069378907268387,0.0,1,1
500000.0,1,7,0.005009780197004526,0.0,50.09780197004525,0.0,1,1
500000.0,2,0,-0.010406075720740043,0.0,-104.06075720740043,0.0,1,1
500000.0,2,1,-9.999999990537247e-05,0.0,-0.9999999990537246,0.0,1,1
500000.0,2,2,-8.603216983975778e-14,0.0,-8.603216983975778e-10,0.0,1,1
500000.0,2,3,5.6601913211155826e-15,0.0,5.6601913211155826e-11,0.0,1,1
500000.0,2,4,1.0907178750471988e-13,0.0,1.0907178750471988e-09,0.0,1,1
500000.0,2,5,9.999999969849894e-05,0.0,0.9999999969849893,0.0,1,1
500000.0,2,6,0.00014991132964370786,0.0,1.4991132964370786,0.0,1,1
500000.0,2,7,0.01025616439127451,0.0,102.56164391274508,0.0,1,1
500000.0,3,0,-0.0155472233297908,0.0,-155.472233297908,0.0,1,1
500000.0,3,1,-9.999999991397664e-05,0.0,-0.9999999991397663,0.0,1,1
500000.0,3,2,-8.186646512745351e-14,0.0,-8.186646512745351e-10,0.0,1,1
500000.0,3,3,8.348562933490044e-15,0.0,8.348562933490044e-11,0.0,1,1
500000.0,3,4,1.1656761568453071e-13,0.0,1.1656761568453072e-09,0.0,1,1
500000.0,3,5,9.992908009515197e-05,0.0,0.9992908009515197,0.0,1,1
500000.0,3,6,0.00010000012119886375,0.0,1.0000012119886375,0.0,1,1
500000.0,3,7,0.015447294128367707,0.0,154.47294128367707,0.0,1,1
500000.0,4,0,-0.02070051674448102,0.0,-207.00516744481018,0.0,1,1
500000.0,4,1,-9.999999992012211e-05,0.0,-0.9999999992012211,0.0,1,1
500000.0,4,2,-7.823366719355908e-14,0.0,-7.823366719355907e-10,0.0,1,1
500000.0,4,3,1.0884387888239793e-14,0.0,1.0884387888239793e-10,0.0,1,1
500000.0,4,4,1.2474889731045333e-13,0.0,1.2474889731045333e-09,0.0,1,1
500000.0,4,5,7.494613574452417e-05,0.0,0.7494613574452417,0.0,1,1
500000.0,4,6,0.0001000000002143671,0.0,1.000000002143671,0.0,1,1
500000.0,4,7,0.020625570608384852,0.0,206.2557060838485,0.0,1,1
500000.0,5,0,-0.025858749409889418,0.0,-258.5874940988942,0.0,1,1
500000.0,5,1,-9.99999999247305e-05,0.0,-0.999999999247305,0.0,1,1
500000.0,5,2,-7.507134212972626e-14,0.0,-7.507134212972625e-10,0.0,1,1
500000.0,5,3,1.3241286394567364e-14,0.0,1.3241286394567363e-10,0.0,1,1
500000.0,5,4,1.3357957827245146e-13,0.0,1.3357957827245147e-09,0.0,1,1
500000.0,5,5,5.995694849345041e-05,0.0,0.599569484934504,0.0,1,1
500000.0,5,6,0.00010000000008581001,0.0,1.0000000008581,0.0,1,1
500000.0,5,7,0.025798792461163136,0.0,257.98792461163134,0.0,1,1
500000.0,6,0,-0.031019468675809233,0.0,-310.1946867580923,0.0,1,1
500000.0,6,1,-9.999999992831492e-05,0.0,-0.9999999992831491,0.0,1,1
500000.0,6,2,-7.231865464859634e-14,0.0,-7.231865464859634e-10,0.0,1,1
500000.0,6,3,1.540650544315254e-14,0.0,1.5406505443152538e-10,0.0,1,1
500000.0,6,4,1.4301157629565351e-13,0.0,1.4301157629565352e-09,0.0,1,1
500000.0,6,5,4.9964213188340345e-05,0.0,0.49964213188340345,0.0,1,1
500000.0,6,6,0.00010000000004289785,0.0,1.0000000004289784,0.0,1,1
500000.0,6,7,0.030969504462420208,0.0,309.69504462420207,0.0,1,1
500000.0,7,0,-0.03618161388374307,0.0,-361.81613883743074,0.0,1,1
500000.0,7,1,-9.999999993118199e-05,0.0,-0.9999999993118199,0.0,1,1
500000.0,7,2,-6.991914020407908e-14,0.0,-6.991914020407908e-10,0.0,1,1
500000.0,7,3,1.7378551069771484e-14,0.0,1.7378551069771483e-10,0.0,1,1
500000.0,7,4,1.5298992080191644e-13,0.0,1.5298992080191643e-09,0.0,1,1
500000.0,7,5,4.2826535484112604e-05,0.0,0.42826535484112604,0.0,1,1
500000.0,7,6,0.00010000000002142937,0.0,1.0000000002142937,0.0,1,1
500000.0,7,7,0.03613878734806827,0.0,361.38787348068263,0.0,1,1
500000.0,8,0,-0.04134465215105437,0.0,-413.44652151054373,0.0,1,1
500000.0,8,1,-9.999999993352804e-05,0.0,-0.9999999993352804,0.0,1,1
500000.0,8,2,-6.78221894301489e-14,0.0,-6.78221894301489e-10,0.0,1,1
500000.0,8,3,1.91640893823714e-14,0.0,1.91640893823714e-10,0.0,1,1
500000.0,8,4,1.6345733632175381e-13,0.0,1.6345733632175381e-09,0.0,1,1
500000.0,8,5,3.747326394326757e-05,0.0,0.3747326394326757,0.0,1,1
500000.0,8,6,0.0001000000000085444,0.0,1.0000000000854439,0.0,1,1
500000.0,8,7,0.04130717888692128,0.0,413.07178886921275,0.0,1,1
500000.0,9,0,-0.04650828657707842,0.0,-465.0828657707842,0.0,1,1
500000.0,9,1,-9.999999993548268e-05,0.0,-0.9999999993548268,0.0,1,1
500000.0,9,2,-6.59835497104692e-14,0.0,-6.59835497104692e-10,0.0,1,1
500000.0,9,3,2.0774952068543424e-14,0.0,2.0774952068543423e-10,0.0,1,1
500000.0,9,4,1.7435773855555436e-13,0.0,1.7435773855555435e-09,0.0,1,1
500000.0,9,5,3.330959856912842e-05,0.0,0.3330959856912842,0.0,1,1
500000.0,9,6,9.999999999995456e-05,0.0,0.9999999999995456,0.0,1,1
500000.0,9,7,0.04647497697831568,0.0,464.74976978315675,0.0,1,1
500000.0,10,0,-0.05167233868731662,0.0,-516.7233868731662,0.0,1,1
500000.0,10,1,-9.999999993713644e-05,0.0,-0.9999999993713644,0.0,1,1
500000.0,10,2,-6.436518196307307e-14,0.0,-6.436518196307306e-10,0.0,1,1
500000.0,10,3,2.222569186611406e-14,0.0,2.2225691866114058e-10,0.0,1,1
500000.0,10,4,1.856385356867114e-13,0.0,1.8563853568671139e-09,0.0,1,1
500000.0,10,5,2.9978659746304788e-05,0.0,0.29978659746304787,0.0,1,1
500000.0,10,6,9.999999999381715e-05,0.0,0.9999999999381715,0.0,1,1
500000.0,10,7,0.05164236002737014,0.0,516.4236002737014,0.0,1,1
500000.0,11,0,-0.056836694760557,0.0,-568.36694760557,0.0,1,1
500000.0,11,1,-9.999999993855434e-05,0.0,-0.9999999993855433,0.0,1,1
500000.0,11,2,-6.293475544650625e-14,0.0,-6.293475544650625e-10,0.0,1,1
500000.0,11,3,2.353181259225837e-14,0.0,2.353181259225837e-10,0.0,1,1
500000.0,11,4,1.9725189316164373e-13,0.0,1.972518931616437e-09,0.0,1,1
500000.0,11,5,2.7253341831191582e-05,0.0,0.2725334183119158,0.0,1,1
500000.0,11,6,9.999999998921345e-05,0.0,0.9999999998921345,0.0,1,1
500000.0,11,7,0.056809441418517286,0.0,568.0944141851728,0.0,1,1
500000.0,12,0,-0.06200127891238849,0.0,-620.0127891238849,0.0,1,1
500000.0,12,1,-9.999999993978285e-05,0.0,-0.9999999993978285,0.0,1,1
500000.0,12,2,-6.166498169471171e-14,0.0,-6.166498169471171e-10,0.0,1,1
500000.0,12,3,2.4708611803121652e-14,0.0,2.470861180312165e-10,0.0,1,1
500000.0,12,4,2.0915522496196742e-13,0.0,2.091552249619674e-09,0.0,1,1
500000.0,12,5,2.4982240653831778e-05,0.0,0.24982240653831778,0.0,1,1
500000.0,12,6,9.999999998563307e-05,0.0,0.9999999998563306,0.0,1,1
500000.0,12,7,0.06197629667151663,0.0,619.7629667151663,0.0,1,1
500000.0,13,0,-0.06716603857125597,0.0,-671.6603857125597,0.0,1,1
500000.0,13,1,-9.999999994085794e-05,0.0,-0.9999999994085794,0.0,1,1
500000.0,13,2,-6.053291398037925e-14,0.0,-6.053291398037925e-10,0.0,1,1
500000.0,13,3,2.5770500727168532e-14,0.0,2.577050072716853e-10,0.0,1,1
500000.0,13,4,2.213111731360226e-13,0.0,2.213111731360226e-09,0.0,1,1
500000.0,13,5,2.30605376585787e-05,0.0,0.23060537658578698,0.0,1,1
500000.0,13,6,9.999999998276887e-05,0.0,0.9999999998276887,0.0,1,1
500000.0,13,7,0.06714297803336892,0.0,671.4297803336892,0.0,1,1
500000.0,14,0,-0.07233093616628261,0.0,-723.3093616628261,0.0,1,1
500000.0,14,1,-9.999999994180605e-05,0.0,-0.9999999994180604,0.0,1,1
500000.0,14,2,-5.951928275349372e-14,0.0,-5.951928275349371e-10,0.0,1,1
500000.0,14,3,2.6730660248870837e-14,0.0,2.6730660248870836e-10,0.0,1,1
500000.0,14,4,2.336872872534491e-13,0.0,2.336872872534491e-09,0.0,1,1
500000.0,14,5,2.141336226308213e-05,0.0,0.2141336226308213,0.0,1,1
500000.0,14,6,9.999999998042429e-05,0.0,0.9999999998042428,0.0,1,1
500000.0,14,7,0.07230952280378,0.0,723.0952280378,0.0,1,1
500000.0,15,0,-0.07749594413415636,0.0,-774.9594413415635,0.0,1,1
500000.0,15,1,-9.999999994264955e-05,0.0,-0.9999999994264954,0.0,1,1
500000.0,15,2,-5.860790043163528e-14,0.0,-5.860790043163528e-10,0.0,1,1
500000.0,15,3,2.760091548487204e-14,0.0,2.7600915484872037e-10,0.0,1,1
500000.0,15,4,2.4625555461929734e-13,0.0,2.4625555461929732e-09,0.0,1,1
500000.0,15,5,1.9985809253926697e-05,0.0,0.19985809253926695,0.0,1,1
500000.0,15,6,9.999999997847148e-05,0.0,0.9999999997847148,0.0,1,1
500000.0,15,7,0.07747595832465139,0.0,774.7595832465138,0.0,1,1
500000.0,16,0,-0.08266104179561737,0.0,-826.6104179561736,0.0,1,1
500000.0,16,1,-9.999999994340382e-05,0.0,-0.9999999994340382,0.0,1,1
500000.0,16,2,-5.778514658962774e-14,0.0,-5.778514658962773e-10,0.0,1,1
500000.0,16,3,2.839174231595251e-14,0.0,2.839174231595251e-10,0.0,1,1
500000.0,16,4,2.58991878931742e-13,0.0,2.5899187893174195e-09,0.0,1,1
500000.0,16,5,1.8736699643245193e-05,0.0,0.18736699643245192,0.0,1,1
500000.0,16,6,9.999999997681847e-05,0.0,0.9999999997681847,0.0,1,1
500000.0,16,7,0.08264230509571112,0.0,826.4230509571112,0.0,1,1
500000.0,17,0,-0.08782621333291621,0.0,-878.262133329162,0.0,1,1
500000.0,17,1,-9.999999994408262e-05,0.0,-0.9999999994408261,0.0,1,1
500000.0,17,2,-5.703953235667323e-14,0.0,-5.703953235667323e-10,0.0,1,1
500000.0,17,3,2.9112346809974934e-14,0.0,2.9112346809974933e-10,0.0,1,1
500000.0,17,4,2.7187556525624326e-13,0.0,2.7187556525624323e-09,0.0,1,1
500000.0,17,5,1.7634543565486473e-05,0.0,0.1763454356548647,0.0,1,1
500000.0,17,6,9.999999997540163e-05,0.0,0.9999999997540162,0.0,1,1
500000.0,17,7,0.08780857878907547,0.0,878.0857878907547,0.0,1,1
500000.0,18,0,-0.092991446440677,0.0,-929.91446440677,0.0,1,1
500000.0,18,1,-9.999999994469702e-05,0.0,-0.9999999994469702,0.0,1,1
500000.0,18,2,-5.6361336911468184e-14,0.0,-5.636133691146818e-10,0.0,1,1
500000.0,18,3,2.9770779626532744e-14,0.0,2.9770779626532743e-10,0.0,1,1
500000.0,18,4,2.848888421160091e-13,0.0,2.848888421160091e-09,0.0,1,1
500000.0,18,5,1.6654848868611125e-05,0.0,0.16654848868611125,0.0,1,1
500000.0,18,6,9.999999997417402e-05,0.0,0.9999999997417401,0.0,1,1
500000.0,18,7,0.09297479159152058,0.0,929.7479159152058,0.0,1,1
500000.0,19,0,-0.09815673140236818,0.0,-981.5673140236818,0.0,1,1
500000.0,19,1,-9.999999994525555e-05,0.0,-0.9999999994525555,0.0,1,1
500000.0,19,2,-5.5742306703895284e-14,0.0,-5.574230670389528e-10,0.0,1,1
500000.0,19,3,3.037406234369489e-14,0.0,3.037406234369489e-10,0.0,1,1
500000.0,19,4,2.980164343869896e-13,0.0,2.980164343869896e-09,0.0,1,1
500000.0,19,5,1.577827961966387e-05,0.0,0.15778279619663868,0.0,1,1
500000.0,19,6,9.99999999730995e-05,0.0,0.999999999730995,0.0,1,1
500000.0,19,7,0.098140953122448,0.0,981.4095312244799,0.0,1,1
500000.0,20,0,-0.10332206044358039,0.0,-1033.2206044358038,0.0,1,1
500000.0,20,1,-9.999999994576522e-05,0.0,-0.9999999994576522,0.0,1,1
500000.0,20,2,-5.517540780187071e-14,0.0,-5.517540780187071e-10,0.0,1,1
500000.0,20,3,3.092831253533431e-14,0.0,3.092831253533431e-10,0.0,1,1
500000.0,20,4,3.1124519056732633e-13,0.0,3.112451905673263e-09,0.0,1,1
500000.0,20,5,1.4989367056020207e-05,0.0,0.14989367056020206,0.0,1,1
500000.0,20,6,9.999999997215124e-05,0.0,0.9999999997215123,0.0,1,1
500000.0,20,7,0.10330707107621102,0.0,1033.0707107621101,0.0,1,1
500000.0,21,0,-0.10848742726993019,0.0,-1084.8742726993019,0.0,1,1
500000.0,21,1,-9.999999994623258e-05,0.0,-0.9999999994623258,0.0,1,1
500000.0,21,2,-5.465462244226375e-14,0.0,-5.465462244226374e-10,0.0,1,1
500000.0,21,3,3.143886063649335e-14,0.0,3.143886063649335e-10,0.0,1,1
500000.0,21,4,3.2456376246304484e-13,0.0,3.2456376246304484e-09,0.0,1,1
500000.0,21,5,1.4275588834575401e-05,0.0,0.142755888345754,0.0,1,1
500000.0,21,6,9.99999999713087e-05,0.0,0.999999999713087,0.0,1,1
500000.0,21,7,0.1084731516807692,0.0,1084.7315168076918,0.0,1,1
500000.0,22,0,-0.11365282673089754,0.0,-1136.5282673089753,0.0,1,1
500000.0,22,1,-9.999999994666235e-05,0.0,-0.9999999994666234,0.0,1,1
500000.0,22,2,-5.417478198875037e-14,0.0,-5.417478198875037e-10,0.0,1,1
500000.0,22,3,3.19103554634489e-14,0.0,3.1910355463448903e-10,0.0,1,1
500000.0,22,4,3.379623326255698e-13,0.0,3.3796233262556976e-09,0.0,1,1
500000.0,22,5,1.3626699393687988e-05,0.0,0.13626699393687988,0.0,1,1
500000.0,22,6,9.999999997055436e-05,0.0,0.9999999997055435,0.0,1,1
500000.0,22,7,0.11363920003116426,0.0,1136.3920003116425,0.0,1,1
500000.0,23,0,-0.1188182545712989,0.0,-1188.182545712989,0.0,1,1
500000.0,23,1,-9.999999994705955e-05,0.0,-0.9999999994705955,0.0,1,1
500000.0,23,2,-5.373142967155446e-14,0.0,-5.373142967155446e-10,0.0,1,1
500000.0,23,3,3.234685745094948e-14,0.0,3.2346857450949475e-10,0.0,1,1
500000.0,23,4,3.514323838545284e-13,0.0,3.514323838545284e-09,0.0,1,1
500000.0,23,5,1.3034235002580547e-05,0.0,0.13034235002580546,0.0,1,1
500000.0,23,6,9.999999996987599e-05,0.0,0.9999999996987599,0.0,1,1
500000.0,23,7,0.11880522033594342,0.0,1188.052203359434,0.0,1,1
500000.0,24,0,-0.12398370724485365,0.0,-1239.8370724485364,0.0,1,1
500000.0,24,1,-9.999999994742673e-05,0.0,-0.9999999994742672,0.0,1,1
500000.0,24,2,-5.3320707610629086e-14,0.0,-5.332070761062909e-10,0.0,1,1
500000.0,24,3,3.275191990264364e-14,0.0,3.275191990264364e-10,0.0,1,1
500000.0,24,4,3.6496650497038043e-13,0.0,3.6496650497038044e-09,0.0,1,1
500000.0,24,5,1.249114254790521e-05,0.0,0.1249114254790521,0.0,1,1
500000.0,24,6,9.999999996926182e-05,0.0,0.9999999996926181,0.0,1,1
500000.0,24,7,0.12397121610193952,0.0,1239.7121610193951,0.0,1,1
500000.0,25,0,-0.12914918177247026,0.0,-1291.4918177247025,0.0,1,1
500000.0,25,1,-9.999999994776806e-05,0.0,-0.9999999994776806,0.0,1,1
500000.0,25,2,-5.2939263606956724e-14,0.0,-5.293926360695672e-10,0.0,1,1
500000.0,25,3,3.312865916195629e-14,0.0,3.312865916195629e-10,0.0,1,1
500000.0,25,4,3.785582274347666e-13,0.0,3.785582274347666e-09,0.0,1,1
500000.0,25,5,1.199149741120174e-05,0.0,0.11991497411201739,0.0,1,1
500000.0,25,6,9.999999996870389e-05,0.0,0.9999999996870388,0.0,1,1
500000.0,25,7,0.12913719027467932,0.0,1291.3719027467932,0.0,1,1
500000.0,26,0,-0.1343146756332182,0.0,-1343.146756332182,0.0,1,1
500000.0,26,1,-9.999999994808592e-05,0.0,-0.9999999994808592,0.0,1,1
500000.0,26,2,-5.258417402884315e-14,0.0,-5.258417402884315e-10,0.0,1,1
500000.0,26,3,3.3479814872243934e-14,0.0,3.3479814872243935e-10,0.0,1,1
500000.0,26,4,3.922018879767482e-13,0.0,3.922018879767482e-09,0.0,1,1
500000.0,26,5,1.1530286451329021e-05,0.0,0.1153028645132902,0.0,1,1
500000.0,26,6,9.999999996819423e-05,0.0,0.9999999996819422,0.0,1,1
500000.0,26,7,0.13430314534637364,0.0,1343.0314534637364,0.0,1,1
500000.0,27,0,-0.1394801866795172,0.0,-1394.801866795172,0.0,1,1
500000.0,27,1,-9.999999994838252e-05,0.0,-0.9999999994838251,0.0,1,1
500000.0,27,2,-5.2252879815280006e-14,0.0,-5.225287981528e-10,0.0,1,1
500000.0,27,3,3.3807801552489313e-14,0.0,3.3807801552489313e-10,0.0,1,1
500000.0,27,4,4.05892513020491e-13,0.0,4.05892513020491e-09,0.0,1,1
500000.0,27,5,1.1103239212863184e-05,0.0,0.11103239212863183,0.0,1,1
500000.0,27,6,9.999999996772706e-05,0.0,0.9999999996772706,0.0,1,1
500000.0,27,7,0.1394690834398976,0.0,1394.690834398976,0.0,1,1
500000.0,28,0,-0.1446457130704918,0.0,-1446.4571307049177,0.0,1,1
500000.0,28,1,-9.999999994865977e-05,0.0,-0.9999999994865976,0.0,1,1
500000.0,28,2,-5.194313317817708e-14,0.0,-5.194313317817708e-10,0.0,1,1
500000.0,28,3,3.4114752649566335e-14,0.0,3.4114752649566336e-10,0.0,1,1
500000.0,28,4,4.196257213351448e-13,0.0,4.196257213351448e-09,0.0,1,1
500000.0,28,5,1.0706695304014153e-05,0.0,0.10706695304014152,0.0,1,1
500000.0,28,6,9.999999996729727e-05,0.0,0.9999999996729726,0.0,1,1
500000.0,28,7,0.1446350063747673,0.0,1446.350063747673,0.0,1,1
500000.0,29,0,-0.14981125321910946,0.0,-1498.1125321910945,0.0,1,1
500000.0,29,1,-9.999999994892001e-05,0.0,-0.9999999994892002,0.0,1,1
500000.0,29,2,-5.165295308486973e-14,0.0,-5.165295308486973e-10,0.0,1,1
500000.0,29,3,3.4402558172250685e-14,0.0,3.4402558172250685e-10,0.0,1,1
500000.0,29,4,4.33397641883494e-13,0.0,4.33397641883494e-09,0.0,1,1
500000.0,29,5,1.0337499213511986e-05,0.0,0.10337499213511986,0.0,1,1
500000.0,29,6,9.999999996690071e-05,0.0,0.999999999669007,0.0,1,1
500000.0,29,7,0.1498009157194618,0.0,1498.009157194618,0.0,1,1
500000.0,30,0,-0.15497680574988712,0.0,-1549.768057498871,0.0,1,1
500000.0,30,1,-9.999999994916429e-05,0.0,-0.9999999994916428,0.0,1,1
500000.0,30,2,-5.1380587912741696e-14,0.0,-5.13805879127417e-10,0.0,1,1
500000.0,30,3,3.4672896812501774e-14,0.0,3.467289681250177e-10,0.0,1,1
500000.0,30,4,4.4720484435473115e-13,0.0,4.472048443547311e-09,0.0,1,1
500000.0,30,5,9.992916164057403e-06,0.0,0.09992916164057403,0.0,1,1
500000.0,30,6,9.999999996653329e-05,0.0,0.9999999996653328,0.0,1,1
500000.0,30,7,0.15496681283327518,0.0,1549.6681283327516,0.0,1,1
562500.0,0,0,-0.00010000000040152622,0.0,-1.0000000040152621,0.0,1,1
562500.0,0,1,-9.999999940502551e-05,0.0,-0.9999999940502551,0.0,1,1
562500.0,0,2,-9.672495126743864e-14,0.0,-9.672495126743864e-10,0.0,1,1
562500.0,0,3,-9.672346474104423e-14,0.0,-9.672346474104422e-10,0.0,1,1
562500.0,0,4,9.67234735691438e-14,0.0,9.672347356914379e-10,0.0,1,1
562500.0,0,5,9.672494243934107e-14,0.0,9.672494243934106e-10,0.0,1,1
562500.0,0,6,9.9999999454159e-05,0.0,0.9999999945415899,0.0,1,1
562500.0,0,7,0.00010000000035239261,0.0,1.000000003523926,0.0,1,1
562500.0,1,0,-0.003936790941267877,0.0,-39.36790941267877,0.0,1,1
562500.0,1,1,-9.999999974855048e-05,0.0,-0.9999999974855047,0.0,1,1
562500.0,1,2,-2.0702716869380885e-13,0.0,-2.0702716869380884e-09,0.0,1,1
562500.0,1,3,4.831758578396087e-15,0.0,4.831758578396087e-11,0.0,1,1
562500.0,1,4,2.2640255251945326e-13,0.0,2.2640255251945325e-09,0.0,1,1
562500.0,1,5,9.999999964525179e-05,0.0,0.9999999964525179,0.0,1,1
562500.0,1,6,0.0004039700025689574,0.0,4.039700025689574,0.0,1,1
562500.0,1,7,0.003532820938778009,0.0,35.32820938778009,0.0,1,1
562500.0,2,0,-0.007598259239571823,0.0,-75.98259239571823,0.0,1,1
562500.0,2,1,-9.99999997743566e-05,0.0,-0.9999999977435658,0.0,1,1
562500.0,2,2,-1.9860329642116326e-13,0.0,-1.9860329642116327e-09,0.0,1,1
562500.0,2,3,9.606298480808318e-15,0.0,9.606298480808318e-11,0.0,1,1
562500.0,2,4,2.3741128275720923e-13,0.0,2.3741128275720923e-09,0.0,1,1
562500.0,2,5,9.999999951596114e-05,0.0,0.9999999951596114,0.0,1,1
562500.0,2,6,0.00019989090556140056,0.0,1.9989090556140054,0.0,1,1
562500.0,2,7,0.007398368334220402,0.0,73.98368334220402,0.0,1,1
562500.0,3,0,-0.011315919616499795,0.0,-113.15919616499794,0.0,1,1
562500.0,3,1,-9.999999979278493e-05,0.0,-0.9999999979278492,0.0,1,1
562500.0,3,2,-1.909647439521817e-13,0.0,-1.909647439521817e-09,0.0,1,1
562500.0,3,3,1.4270262312453907e-14,0.0,1.4270262312453905e-10,0.0,1,1
562500.0,3,4,2.4931590888844327e-13,0.0,2.4931590888844328e-09,0.0,1,1
562500.0,3,5,9.99999991269698e-05,0.0,0.999999991269698,0.0,1,1
562500.0,3,6,0.00013319777676457054,0.0,1.3319777676457054,0.0,1,1
562500.0,3,7,0.011182721840328418,0.0,111.82721840328416,0.0,1,1
562500.0,4,0,-0.015049320221573698,0.0,-150.49320221573697,0.0,1,1
562500.0,4,1,-9.999999980660354e-05,0.0,-0.9999999980660355,0.0,1,1
562500.0,4,2,-1.8405838208072524e-13,0.0,-1.8405838208072523e-09,0.0,1,1
562500.0,4,3,1.8777398789727208e-14,0.0,1.8777398789727207e-10,0.0,1,1
562500.0,4,4,2.6210955299624763e-13,0.0,2.6210955299624763e-09,0.0,1,1
562500.0,4,5,9.989203215658378e-05,0.0,0.9989203215658378,0.0,1,1
562500.0,4,6,0.00010000017889829179,0.0,1.0000017889829178,0.0,1,1
562500.0,4,7,0.014949428010228602,0.0,149.494280102286,0.0,1,1
562500.0,5,0,-0.01878920822893402,0.0,-187.89208228934018,0.0,1,1
562500.0,5,1,-9.999999981735033e-05,0.0,-0.9999999981735033,0.0,1,1
562500.0,5,2,-1.778265229734951e-13,0.0,-1.7782652297349508e-09,0.0,1,1
562500.0,5,3,2.309074761282687e-14,0.0,2.3090747612826867e-10,0.0,1,1
562500.0,5,4,2.7577148755823086e-13,0.0,2.7577148755823086e-09,0.0,1,1
562500.0,5,5,7.991295420233789e-05,0.0,0.7991295420233788,0.0,1,1
562500.0,5,6,0.00010000000067291826,0.0,1.0000000067291825,0.0,1,1
562500.0,5,7,0.01870929527375507,0.0,187.09295273755072,0.0,1,1
562500.0,6,0,-0.02253238071706059,0.0,-225.32380717060587,0.0,1,1
562500.0,6,1,-9.99999998259464e-05,0.0,-0.999999998259464,0.0,1,1
562500.0,6,2,-1.722097144081521e-13,0.0,-1.722097144081521e-09,0.0,1,1
562500.0,6,3,2.7183593861847642e-14,0.0,2.718359386184764e-10,0.0,1,1
562500.0,6,4,2.902689752801828e-13,0.0,2.9026897528018278e-09,0.0,1,1
562500.0,6,5,6.659408119200717e-05,0.0,0.6659408119200717,0.0,1,1
562500.0,6,6,0.00010000000028892414,0.0,1.0000000028892413,0.0,1,1
562500.0,6,7,0.022465786635260356,0.0,224.65786635260355,0.0,1,1
562500.0,7,0,-0.026277442212382273,0.0,-262.7744221238227,0.0,1,1
562500.0,7,1,-9.999999983297916e-05,0.0,-0.9999999983297916,0.0,1,1
562500.0,7,2,-1.671490697655388e-13,0.0,-1.671490697655388e-09,0.0,1,1
562500.0,7,3,3.103929018014722e-14,0.0,3.103929018014722e-10,0.0,1,1
562500.0,7,4,3.0555977690834443e-13,0.0,3.055597769083444e-09,0.0,1,1
562500.0,7,5,5.708071006444312e-05,0.0,0.5708071006444312,0.0,1,1
562500.0,7,6,0.00010000000016055875,0.0,1.0000000016055874,0.0,1,1
562500.0,7,7,0.026220361501820805,0.0,262.20361501820804,0.0,1,1
562500.0,8,0,-0.030023688817930022,0.0,-300.2368881793002,0.0,1,1
562500.0,8,1,-9.999999983883918e-05,0.0,-0.9999999983883917,0.0,1,1
562500.0,8,2,-1.6258803020044646e-13,0.0,-1.6258803020044645e-09,0.0,1,1
562500.0,8,3,3.465022806329351e-14,0.0,3.465022806329351e-10,0.0,1,1
562500.0,8,4,3.215949421112704e-13,0.0,3.215949421112704e-09,0.0,1,1
562500.0,8,5,4.994569344999016e-05,0.0,0.4994569344999016,0.0,1,1
562500.0,8,6,0.0001000000000963081,0.0,1.000000000963081,0.0,1,1
562500.0,8,7,0.02997374312402891,0.0,299.7374312402891,0.0,1,1
562500.0,9,0,-0.033770727408842925,0.0,-337.70727408842924,0.0,1,1
562500.0,9,1,-9.999999984379766e-05,0.0,-0.9999999984379765,0.0,1,1
562500.0,9,2,-1.5847356093712982e-13,0.0,-1.5847356093712982e-09,0.0,1,1
562500.0,9,3,3.801630818848631e-14,0.0,3.801630818848631e-10,0.0,1,1
562500.0,9,4,3.383215354433791e-13,0.0,3.3832153544337906e-09,0.0,1,1
562500.0,9,5,4.439622922777765e-05,0.0,0.44396229227777645,0.0,1,1
562500.0,9,6,0.00010000000005773476,0.0,1.0000000005773475,0.0,1,1
562500.0,9,7,0.03372633117918334,0.0,337.26331179183336,0.0,1,1
562500.0,10,0,-0.03751832129860214,0.0,-375.18321298602143,0.0,1,1
562500.0,10,1,-9.999999984804734e-05,0.0,-0.9999999984804733,0.0,1,1
562500.0,10,2,-1.5475685135551266e-13,0.0,-1.5475685135551266e-09,0.0,1,1
562500.0,10,3,4.1143231537445735e-14,0.0,4.1143231537445734e-10,0.0,1,1
562500.0,10,4,3.5568504531307903e-13,0.0,3.55685045313079e-09,0.0,1,1
562500.0,10,5,3.995664914318314e-05,0.0,0.39956649143183137,0.0,1,1
562500.0,10,6,0.00010000000003201018,0.0,1.0000000003201017,0.0,1,1
562500.0,10,7,0.037478364649032925,0.0,374.7836464903292,0.0,1,1
562500.0,11,0,-0.0412663195119472,0.0,-412.663195119472,0.0,1,1
562500.0,11,1,-9.999999985173055e-05,0.0,-0.9999999985173054,0.0,1,1
562500.0,11,2,-1.5139362036119796e-13,0.0,-1.5139362036119796e-09,0.0,1,1
562500.0,11,3,4.4040851532575136e-14,0.0,4.4040851532575136e-10,0.0,1,1
562500.0,11,4,3.736313372119087e-13,0.0,3.736313372119087e-09,0.0,1,1
562500.0,11,5,3.6324258213396316e-05,0.0,0.36324258213396315,0.0,1,1
562500.0,11,6,0.00010000000001363073,0.0,1.0000000001363072,0.0,1,1
562500.0,11,7,0.04122999525330564,0.0,412.29995253305634,0.0,1,1
562500.0,12,0,-0.045014621227507774,0.0,-450.14621227507774,0.0,1,1
562500.0,12,1,-9.999999985495282e-05,0.0,-0.9999999985495281,0.0,1,1
562500.0,12,2,-1.4834413299266969e-13,0.0,-1.4834413299266968e-09,0.0,1,1
562500.0,12,3,4.6721732208335804e-14,0.0,4.67217322083358e-10,0.0,1,1
562500.0,12,4,3.9210811215268573e-13,0.0,3.921081121526857e-09,0.0,1,1
562500.0,12,5,3.3297260321022635e-05,0.0,0.3329726032102263,0.0,1,1
562500.0,12,6,9.999999999984376e-05,0.0,0.9999999999984376,0.0,1,1
562500.0,12,7,0.044981323966751384,0.0,449.8132396675138,0.0,1,1
562500.0,13,0,-0.04876315655761929,0.0,-487.6315655761929,0.0,1,1
562500.0,13,1,-9.999999985779612e-05,0.0,-0.9999999985779611,0.0,1,1
562500.0,13,2,-1.4557302295626254e-13,0.0,-1.4557302295626254e-09,0.0,1,1
562500.0,13,3,4.919997604910037e-14,0.0,4.919997604910037e-10,0.0,1,1
562500.0,13,4,4.1106590136468614e-13,0.0,4.110659013646861e-09,0.0,1,1
562500.0,13,5,3.0735950404027975e-05,0.0,0.30735950404027973,0.0,1,1
562500.0,13,6,9.999999998911887e-05,0.0,0.9999999998911887,0.0,1,1
562500.0,13,7,0.048732420606769265,0.0,487.3242060676926,0.0,1,1
562500.0,14,0,-0.052511875534292915,0.0,-525.1187553429291,0.0,1,1
562500.0,14,1,-9.999999986032342e-05,0.0,-0.9999999986032342,0.0,1,1
562500.0,14,2,-1.430489972628884e-13,0.0,-1.430489972628884e-09,0.0,1,1
562500.0,14,3,5.149032749179575e-14,0.0,5.149032749179575e-10,0.0,1,1
562500.0,14,4,4.3045866743514265e-13,0.0,4.304586674351426e-09,0.0,1,1
562500.0,14,5,2.8540538964312742e-05,0.0,0.2854053896431274,0.0,1,1
562500.0,14,6,9.99999999805386e-05,0.0,0.999999999805386,0.0,1,1
562500.0,14,7,0.05248333499486947,0.0,524.8333499486947,0.0,1,1
562500.0,15,0,-0.056260741486664836,0.0,-562.6074148666484,0.0,1,1
562500.0,15,1,-9.99999998625843e-05,0.0,-0.999999998625843,0.0,1,1
562500.0,15,2,-1.4074447991428832e-13,0.0,-1.4074447991428832e-09,0.0,1,1
562500.0,15,3,5.3607524866210985e-14,0.0,5.360752486621098e-10,0.0,1,1
562500.0,15,4,4.50244096038463e-13,0.0,4.50244096038463e-09,0.0,1,1
562500.0,15,5,2.6637846880086294e-05,0.0,0.2663784688008629,0.0,1,1
562500.0,15,6,9.999999997351735e-05,0.0,0.9999999997351735,0.0,1,1
562500.0,15,7,0.05623410363931071,0.0,562.3410363931071,0.0,1,1
562500.0,16,0,-0.060009726895039014,0.0,-600.0972689503901,0.0,1,1
562500.0,16,1,-9.999999986461945e-05,0.0,-0.9999999986461944,0.0,1,1
562500.0,16,2,-1.386352343314806e-13,0.0,-1.386352343314806e-09,0.0,1,1
562500.0,16,3,5.556585859780186e-14,0.0,5.556585859780186e-10,0.0,1,1
562500.0,16,4,4.703836601827562e-13,0.0,4.703836601827562e-09,0.0,1,1
562500.0,16,5,2.4972989688221313e-05,0.0,0.24972989688221311,0.0,1,1
562500.0,16,6,9.999999996766575e-05,0.0,0.9999999996766574,0.0,1,1
562500.0,16,7,0.059984753904860445,0.0,599.8475390486044,0.0,1,1
562500.0,17,0,-0.0637588107046882,0.0,-637.5881070468819,0.0,1,1
562500.0,17,1,-9.999999986646075e-05,0.0,-0.9999999986646074,0.0,1,1
562500.0,17,2,-1.3669999050373338e-13,0.0,-1.3669999050373338e-09,0.0,1,1
562500.0,17,3,5.737889080340064e-14,0.0,5.737889080340063e-10,0.0,1,1
562500.0,17,4,4.908425277538584e-13,0.0,4.9084252775385845e-09,0.0,1,1
562500.0,17,5,2.3503996827486977e-05,0.0,0.23503996827486975,0.0,1,1
562500.0,17,6,9.999999996271462e-05,0.0,0.9999999996271461,0.0,1,1
562500.0,17,7,0.0637353067073529,0.0,637.353067073529,0.0,1,1
562500.0,18,0,-0.06750797653315935,0.0,-675.0797653315934,0.0,1,1
562500.0,18,1,-9.999999986813457e-05,0.0,-0.9999999986813456,0.0,1,1
562500.0,18,2,-1.3492009250630726e-13,0.0,-1.3492009250630727e-09,0.0,1,1
562500.0,18,3,5.905929523862783e-14,0.0,5.905929523862783e-10,0.0,1,1
562500.0,18,4,5.115893690718002e-13,0.0,5.115893690718002e-09,0.0,1,1
562500.0,18,5,2.2198224463634193e-05,0.0,0.22198224463634192,0.0,1,1
562500.0,18,6,9.999999995847045e-05,0.0,0.9999999995847045,0.0,1,1
562500.0,18,7,0.06748577830816962,0.0,674.8577830816962,0.0,1,1
562500.0,19,0,-0.07125721144263332,0.0,-712.5721144263332,0.0,1,1
562500.0,19,1,-9.999999986966238e-05,0.0,-0.9999999986966238,0.0,1,1
562500.0,19,2,-1.3327917481433616e-13,0.0,-1.3327917481433615e-09,0.0,1,1
562500.0,19,3,6.061878333035259e-14,0.0,6.061878333035259e-10,0.0,1,1
562500.0,19,4,5.32596107197101e-13,0.0,5.325961071971011e-09,0.0,1,1
562500.0,19,5,2.1029901102354238e-05,0.0,0.21029901102354237,0.0,1,1
562500.0,19,6,9.99999999547913e-05,0.0,0.9999999995479129,0.0,1,1
562500.0,19,7,0.07123618154098592,0.0,712.3618154098591,0.0,1,1
562500.0,20,0,-0.07500650507995965,0.0,-750.0650507995965,0.0,1,1
562500.0,20,1,-9.999999987106331e-05,0.0,-0.999999998710633,0.0,1,1
562500.0,20,2,-1.317628709612193e-13,0.0,-1.3176287096121929e-09,0.0,1,1
562500.0,20,3,6.206808925357258e-14,0.0,6.206808925357257e-10,0.0,1,1
562500.0,20,4,5.538376414969438e-13,0.0,5.538376414969438e-09,0.0,1,1
562500.0,20,5,1.997840951491178e-05,0.0,0.19978409514911777,0.0,1,1
562500.0,20,6,9.999999995157295e-05,0.0,0.9999999995157295,0.0,1,1
562500.0,20,7,0.0749865266698801,0.0,749.865266698801,0.0,1,1
562500.0,21,0,-0.07875584906202708,0.0,-787.5584906202707,0.0,1,1
562500.0,21,1,-9.999999987235218e-05,0.0,-0.9999999987235217,0.0,1,1
562500.0,21,2,-1.3035855497465818e-13,0.0,-1.3035855497465817e-09,0.0,1,1
562500.0,21,3,6.341699365369615e-14,0.0,6.341699365369615e-10,0.0,1,1
562500.0,21,4,5.752915653623953e-13,0.0,5.752915653623953e-09,0.0,1,1
562500.0,21,5,1.9027059539610366e-05,0.0,0.19027059539610366,0.0,1,1
562500.0,21,6,9.999999994873264e-05,0.0,0.9999999994873263,0.0,1,1
562500.0,21,7,0.07873682200190271,0.0,787.368220019027,0.0,1,1
562500.0,22,0,-0.0825052365285326,0.0,-825.052365285326,0.0,1,1
562500.0,22,1,-9.999999987354147e-05,0.0,-0.9999999987354147,0.0,1,1
562500.0,22,2,-1.290551142041955e-13,0.0,-1.2905511420419549e-09,0.0,1,1
562500.0,22,3,6.467437118331796e-14,0.0,6.467437118331796e-10,0.0,1,1
562500.0,22,4,5.969378914992762e-13,0.0,5.9693789149927615e-09,0.0,1,1
562500.0,22,5,1.8162195571929585e-05,0.0,0.18162195571929585,0.0,1,1
562500.0,22,6,9.999999994620764e-05,0.0,0.9999999994620763,0.0,1,1
562500.0,22,7,0.08248707433235544,0.0,824.8707433235544,0.0,1,1
562500.0,23,0,-0.08625466181127613,0.0,-862.5466181127612,0.0,1,1
562500.0,23,1,-9.999999987464302e-05,0.0,-0.9999999987464301,0.0,1,1
562500.0,23,2,-1.2784275112716817e-13,0.0,-1.2784275112716816e-09,0.0,1,1
562500.0,23,3,6.58482513572853e-14,0.0,6.58482513572853e-10,0.0,1,1
562500.0,23,4,6.187587928787975e-13,0.0,6.187587928787975e-09,0.0,1,1
562500.0,23,5,1.7372536882027953e-05,0.0,0.17372536882027953,0.0,1,1
562500.0,23,6,9.999999994394851e-05,0.0,0.9999999994394851,0.0,1,1
562500.0,23,7,0.08623728927376803,0.0,862.3728927376802,0.0,1,1
562500.0,24,0,-0.0900041201860381,0.0,-900.0412018603809,0.0,1,1
562500.0,24,1,-9.999999987566596e-05,0.0,-0.9999999987566596,0.0,1,1
562500.0,24,2,-1.2671281128212312e-13,0.0,-1.2671281128212312e-09,0.0,1,1
562500.0,24,3,6.69458855455712e-14,0.0,6.694588554557119e-10,0.0,1,1
562500.0,24,4,6.40738363678385e-13,0.0,6.40738363678385e-09,0.0,1,1
562500.0,24,5,1.664868285195462e-05,0.0,0.16648682851954621,0.0,1,1
562500.0,24,6,9.999999994191572e-05,0.0,0.9999999994191571,0.0,1,1
562500.0,24,7,0.0899874715025389,0.0,899.8747150253889,0.0,1,1
562500.0,25,0,-0.09375360768394592,0.0,-937.5360768394592,0.0,1,1
562500.0,25,1,-9.999999987661816e-05,0.0,-0.9999999987661816,0.0,1,1
562500.0,25,2,-1.2565763437329133e-13,0.0,-1.2565763437329133e-09,0.0,1,1
562500.0,25,3,6.797381535036619e-14,0.0,6.797381535036618e-10,0.0,1,1
562500.0,25,4,6.628624020088483e-13,0.0,6.6286240200884834e-09,0.0,1,1
562500.0,25,5,1.598273695528478e-05,0.0,0.15982736955284782,0.0,1,1
562500.0,25,6,9.999999994007578e-05,0.0,0.9999999994007578,0.0,1,1
562500.0,25,7,0.093737624946322,0.0,937.3762494632199,0.0,1,1
562500.0,26,0,-0.09750312094632982,0.0,-975.0312094632982,0.0,1,1
562500.0,26,1,-9.999999987750684e-05,0.0,-0.9999999987750684,0.0,1,1
562500.0,26,2,-1.246704256870899e-13,0.0,-1.246704256870899e-09,0.0,1,1
562500.0,26,3,6.893793933711737e-14,0.0,6.893793933711736e-10,0.0,1,1
562500.0,26,4,6.851182145999749e-13,0.0,6.8511821459997485e-09,0.0,1,1
562500.0,26,5,1.536801751022346e-05,0.0,0.1536801751022346,0.0,1,1
562500.0,26,6,9.999999993840367e-05,0.0,0.9999999993840367,0.0,1,1
562500.0,26,7,0.0974877529281293,0.0,974.877529281293,0.0,1,1
562500.0,27,0,-0.10125265711180428,0.0,-1012.5265711180427,0.0,1,1
562500.0,27,1,-9.999999987833803e-05,0.0,-0.9999999987833803,0.0,1,1
562500.0,27,2,-1.2374514516365086e-13,0.0,-1.2374514516365085e-09,0.0,1,1
562500.0,27,3,6.984357630030189e-14,0.0,6.984357630030188e-10,0.0,1,1
562500.0,27,4,7.074944426063268e-13,0.0,7.074944426063268e-09,0.0,1,1
562500.0,27,5,1.4798832709472681e-05,0.0,0.1479883270947268,0.0,1,1
562500.0,27,6,9.999999993687653e-05,0.0,0.9999999993687653,0.0,1,1
562500.0,27,7,0.10123785827838268,0.0,1012.3785827838267,0.0,1,1
562500.0,28,0,-0.105002213727528,0.0,-1050.0221372752799,0.0,1,1
562500.0,28,1,-9.999999987911751e-05,0.0,-0.9999999987911751,0.0,1,1
562500.0,28,2,-1.228764117329547e-13,0.0,-1.2287641173295468e-09,0.0,1,1
562500.0,28,3,7.069552407512285e-14,0.0,7.069552407512285e-10,0.0,1,1
562500.0,28,4,7.299809071311355e-13,0.0,7.299809071311354e-09,0.0,1,1
562500.0,28,5,1.4270303857741683e-05,0.0,0.1427030385774168,0.0,1,1
562500.0,28,6,9.999999993547649e-05,0.0,0.9999999993547649,0.0,1,1
562500.0,28,7,0.10498794342293609,0.0,1049.8794342293609,0.0,1,1
562500.0,29,0,-0.10875178867880889,0.0,-1087.5178867880888,0.0,1,1
562500.0,29,1,-9.99999998798497e-05,0.0,-0.9999999987984969,0.0,1,1
562500.0,29,2,-1.2205942079461168e-13,0.0,-1.2205942079461167e-09,0.0,1,1
562500.0,29,3,7.149811345866091e-14,0.0,7.149811345866091e-10,0.0,1,1
562500.0,29,4,7.525684727859383e-13,0.0,7.525684727859383e-09,0.0,1,1
562500.0,29,5,1.3778225180635718e-05,0.0,0.13778225180635717,0.0,1,1
562500.0,29,6,9.999999993418878e-05,0.0,0.9999999993418878,0.0,1,1
562500.0,29,7,0.10873801045287185,0.0,1087.3801045287184,0.0,1,1
562500.0,30,0,-0.11250138013277909,0.0,-1125.0138013277908,0.0,1,1
562500.0,30,1,-9.999999988053877e-05,0.0,-0.9999999988053877,0.0,1,1
562500.0,30,2,-1.2128987298573633e-13,0.0,-1.2128987298573632e-09,0.0,1,1
562500.0,30,3,7.225525715832281e-14,0.0,7.225525715832281e-10,0.0,1,1
562500.0,30,4,7.752489275095504e-13,0.0,7.752489275095504e-09,0.0,1,1
562500.0,30,5,1.3318951671641611e-05,0.0,0.1331895167164161,0.0,1,1
562500.0,30,6,9.999999993299975e-05,0.0,0.9999999993299975,0.0,1,1
562500.0,30,7,0.1124880611803287,0.0,1124.880611803287,0.0,1,1
625000.0,0,0,-9.999999973171008e-05,-1.270294137304323e-12,-0.9999999973171009,-1.2702941373043229e-08,1,1
625000.0,0,1,-9.999999973171008e-05,1.270294137304323e-12,-0.9999999973171009,1.2702941373043229e-08,1,1
625000.0,0,2,-2.68290554434333e-13,0.0,-2.68290554434333e-09,0.0,1,1
625000.0,0,3,-2.6828928581293884e-13,0.0,-2.6828928581293885e-09,0.0,1,1
625000.0,0,4,2.682892967703352e-13,0.0,2.682892967703352e-09,0.0,1,1
625000.0,0,5,2.6829054347691647e-13,0.0,2.6829054347691647e-09,0.0,1,1
625000.0,0,6,9.999999973171008e-05,-8.629949269669237e-13,0.9999999973171009,-8.629949269669236e-09,1,1
625000.0,0,7,9.999999973171008e-05,8.629949269669237e-13,0.9999999973171009,8.629949269669236e-09,1,1
625000.0,1,0,-0.0028762258264086755,0.0,-28.762258264086753,0.0,1,1
625000.0,1,1,-9.999999927190402e-05,0.0,-0.9999999927190402,0.0,1,1
625000.0,1,2,-5.825268673484626e-13,0.0,-5.825268673484625e-09,0.0,1,1
625000.0,1,3,8.951292808610319e-15,0.0,8.951292808610319e-11,0.0,1,1
625000.0,1,4,6.183719413284719e-13,0.0,6.183719413284718e-09,0.0,1,1
625000.0,1,5,9.999999908757988e-05,0.0,0.9999999908757987,0.0,1,1
625000.0,1,6,0.0006355126309744068,0.0,6.355126309744068,0.0,1,1
625000.0,1,7,0.002240713195573797,0.0,22.407131955737967,0.0,1,1
625000.0,2,0,-0.005374824973374843,0.0,-53.74824973374842,0.0,1,1
625000.0,2,1,-9.999999932945835e-05,0.0,-0.9999999932945834,0.0,1,1
625000.0,2,2,-5.661816818717467e-13,0.0,-5.661816818717466e-09,0.0,1,1
625000.0,2,3,1.7855000268330844e-14,0.0,1.7855000268330842e-10,0.0,1,1
625000.0,2,4,6.379194151998928e-13,0.0,6.379194151998928e-09,0.0,1,1
625000.0,2,5,9.999999892610721e-05,0.0,0.999999989261072,0.0,1,1
625000.0,2,6,0.00030033556200921184,0.0,3.003355620092118,0.0,1,1
625000.0,2,7,0.005074489411679392,0.0,50.744894116793915,0.0,1,1
625000.0,3,0,-0.00794385441273263,0.0,-79.4385441273263,0.0,1,1
625000.0,3,1,-9.999999937420705e-05,0.0,-0.9999999937420705,0.0,1,1
625000.0,3,2,-5.508453104419353e-13,0.0,-5.508453104419352e-09,0.0,1,1
625000.0,3,3,2.6664997140807083e-14,0.0,2.666499714080708e-10,0.0,1,1
625000.0,3,4,6.585694137486065e-13,0.0,6.585694137486065e-09,0.0,1,1
625000.0,3,5,9.999999865659378e-05,0.0,0.9999999865659378,0.0,1,1
625000.0,3,6,0.00019973368037190962,0.0,1.9973368037190962,0.0,1,1
625000.0,3,7,0.00774412073294395,0.0,77.4412073294395,0.0,1,1
625000.0,4,0,-0.01053488936056936,0.0,-105.34889360569359,0.0,1,1
625000.0,4,1,-9.999999940999658e-05,0.0,-0.9999999940999658,0.0,1,1
625000.0,4,2,-5.364788441420113e-13,0.0,-5.364788441420113e-09,0.0,1,1
625000.0,4,3,3.5337970570103797e-14,0.0,3.5337970570103795e-10,0.0,1,1
625000.0,4,4,6.803263409218146e-13,0.0,6.803263409218146e-09,0.0,1,1
625000.0,4,5,9.99999981160899e-05,0.0,0.9999999811608989,0.0,1,1
625000.0,4,6,0.0001497445058262259,0.0,1.497445058262259,0.0,1,1
625000.0,4,7,0.010385144855857857,0.0,103.85144855857857,0.0,1,1
625000.0,5,0,-0.01313529214826342,0.0,-131.3529214826342,0.0,1,1
625000.0,5,1,-9.999999943927197e-05,0.0,-0.9999999943927197,0.0,1,1
625000.0,5,2,-5.230392027153881e-13,0.0,-5.230392027153881e-09,0.0,1,1
625000.0,5,3,4.38345709448636e-14,0.0,4.38345709448636e-10,0.0,1,1
625000.0,5,4,7.031864661189457e-13,0.0,7.031864661189457e-09,0.0,1,1
625000.0,5,5,9.999999648266661e-05,0.0,0.999999964826666,0.0,1,1
625000.0,5,6,0.00011978505157333078,0.0,1.1978505157333077,0.0,1,1
625000.0,5,7,0.013015507099422712,0.0,130.15507099422712,0.0,1,1
625000.0,6,0,-0.015740504178473377,0.0,-157.40504178473375,0.0,1,1
625000.0,6,1,-9.99999994636641e-05,0.0,-0.9999999946366409,0.0,1,1
625000.0,6,2,-5.104802628751036e-13,0.0,-5.104802628751035e-09,0.0,1,1
625000.0,6,3,5.212029348621487e-14,0.0,5.212029348621487e-10,0.0,1,1
625000.0,6,4,7.271381708210968e-13,0.0,7.271381708210967e-09,0.0,1,1
625000.0,6,5,9.981802552904242e-05,0.0,0.9981802552904242,0.0,1,1
625000.0,6,6,0.0001000002940856398,0.0,1.000002940856398,0.0,1,1
625000.0,6,7,0.01564068585805358,0.0,156.4068585805358,0.0,1,1
625000.0,7,0,-0.018348502359534526,0.0,-183.48502359534527,0.0,1,1
625000.0,7,1,-9.999999948430031e-05,0.0,-0.9999999948430031,0.0,1,1
625000.0,7,2,-4.987539513810275e-13,0.0,-4.987539513810275e-09,0.0,1,1
625000.0,7,3,6.01660547435948e-14,0.0,6.016605474359481e-10,0.0,1,1
625000.0,7,4,7.521624652798885e-13,0.0,7.521624652798884e-09,0.0,1,1
625000.0,7,5,8.555788500593703e-05,0.0,0.8555788500593703,0.0,1,1
625000.0,7,6,0.00010000000291069028,0.0,1.0000000291069027,0.0,1,1
625000.0,7,7,0.01826294447078862,0.0,182.6294447078862,0.0,1,1
625000.0,8,0,-0.020958256017807687,0.0,-209.58256017807687,0.0,1,1
625000.0,8,1,-9.99999995019861e-05,0.0,-0.999999995019861,0.0,1,1
625000.0,8,2,-4.878112542199231e-13,0.0,-4.878112542199231e-09,0.0,1,1
625000.0,8,3,6.794846081134006e-14,0.0,6.794846081134006e-10,0.0,1,1
625000.0,8,4,7.782337294020151e-13,0.0,7.78233729402015e-09,0.0,1,1
625000.0,8,5,7.486299732555123e-05,0.0,0.7486299732555123,0.0,1,1
625000.0,8,6,0.00010000000132981582,0.0,1.0000000132981581,0.0,1,1
625000.0,8,7,0.02088339301829593,0.0,208.8339301829593,0.0,1,1
625000.0,9,0,-0.023569186057446075,0.0,-235.69186057446075,0.0,1,1
625000.0,9,1,-9.999999951731225e-05,0.0,-0.9999999951731224,0.0,1,1
625000.0,9,2,-4.776031075240737e-13,0.0,-4.7760310752407365e-09,0.0,1,1
625000.0,9,3,7.544979243216363e-14,0.0,7.544979243216363e-10,0.0,1,1
625000.0,9,4,8.053206185971542e-13,0.0,8.053206185971542e-09,0.0,1,1
625000.0,9,5,6.654488572681815e-05,0.0,0.6654488572681815,0.0,1,1
625000.0,9,6,0.00010000000079904191,0.0,1.000000007990419,0.0,1,1
625000.0,9,7,0.02350264117003436,0.0,235.02641170034357,0.0,1,1
625000.0,10,0,-0.02618094245726792,0.0,-261.8094245726792,0.0,1,1
625000.0,10,1,-9.99999995307213e-05,0.0,-0.999999995307213,0.0,1,1
625000.0,10,2,-4.680811506935262e-13,0.0,-4.680811506935262e-09,0.0,1,1
625000.0,10,3,8.265775247526668e-14,0.0,8.265775247526668e-10,0.0,1,1
625000.0,10,4,8.333870694162128e-13,0.0,8.333870694162127e-09,0.0,1,1
625000.0,10,5,5.9890437995648374e-05,0.0,0.5989043799564837,0.0,1,1
625000.0,10,6,0.0001000000005329347,0.0,1.000000005329347,0.0,1,1
625000.0,10,7,0.026121052017822093,0.0,261.2105201782209,0.0,1,1
625000.0,11,0,-0.028793301345364165,0.0,-287.93301345364165,0.0,1,1
625000.0,11,1,-9.999999954255178e-05,0.0,-0.9999999954255178,0.0,1,1
625000.0,11,2,-4.591983351386252e-13,0.0,-4.591983351386252e-09,0.0,1,1
625000.0,11,3,8.956503278306996e-14,0.0,8.956503278306995e-10,0.0,1,1
625000.0,11,4,8.623933414472839e-13,0.0,8.623933414472839e-09,0.0,1,1
625000.0,11,5,5.4445900371638884e-05,0.0,0.5444590037163888,0.0,1,1
625000.0,11,6,0.00010000000037303794,0.0,1.0000000037303793,0.0,1,1
625000.0,11,7,0.028738855443669283,0.0,287.3885544366928,0.0,1,1
625000.0,12,0,-0.03140611292907318,0.0,-314.0611292907318,0.0,1,1
625000.0,12,1,-9.999999955306672e-05,0.0,-0.9999999955306671,0.0,1,1
625000.0,12,2,-4.509093923672511e-13,0.0,-4.5090939236725106e-09,0.0,1,1
625000.0,12,3,9.616876006179288e-14,0.0,9.616876006179288e-10,0.0,1,1
625000.0,12,4,8.922970395121208e-13,0.0,8.922970395121208e-09,0.0,1,1
625000.0,12,5,4.9908785751385375e-05,0.0,0.4990878575138537,0.0,1,1
625000.0,12,6,0.00010000000026634369,0.0,1.0000000026634368,0.0,1,1
625000.0,12,7,0.03135620414207096,0.0,313.5620414207096,0.0,1,1
625000.0,13,0,-0.03401927322436274,0.0,-340.1927322436274,0.0,1,1
625000.0,13,1,-9.999999956247465e-05,0.0,-0.9999999956247464,0.0,1,1
625000.0,13,2,-4.431711724286022e-13,0.0,-4.4317117242860215e-09,0.0,1,1
625000.0,13,3,1.0246987646736231e-13,0.0,1.024698764673623e-09,0.0,1,1
625000.0,13,4,9.2305407152406e-13,0.0,9.230540715240599e-09,0.0,1,1
625000.0,13,5,4.606968560877607e-05,0.0,0.4606968560877606,0.0,1,1
625000.0,13,6,0.00010000000019008649,0.0,1.0000000019008648,0.0,1,1
625000.0,13,7,0.033973203537544,0.0,339.73203537544003,0.0,1,1
625000.0,14,0,-0.03663270780288549,0.0,-366.3270780288549,0.0,1,1
625000.0,14,1,-9.999999957094097e-05,0.0,-0.9999999957094097,0.0,1,1
625000.0,14,2,-4.3594286828677244e-13,0.0,-4.359428682867724e-09,0.0,1,1
625000.0,14,3,1.0847250214714705e-13,0.0,1.0847250214714705e-09,0.0,1,1
625000.0,14,4,9.546195103199745e-13,0.0,9.546195103199746e-09,0.0,1,1
625000.0,14,5,4.277902454997305e-05,0.0,0.42779024549973044,0.0,1,1
625000.0,14,6,0.00010000000013286803,0.0,1.0000000013286803,0.0,1,1
625000.0,14,7,0.03658992877714643,0.0,365.8992877714643,0.0,1,1
625000.0,15,0,-0.03924636199536018,0.0,-392.4636199536017,0.0,1,1
625000.0,15,1,-9.999999957860088e-05,0.0,-0.9999999957860087,0.0,1,1
625000.0,15,2,-4.2918614370724986e-13,0.0,-4.291861437072498e-09,0.0,1,1
625000.0,15,3,1.141833163541429e-13,0.0,1.1418331635414288e-09,0.0,1,1
625000.0,15,4,9.869483404324021e-13,0.0,9.869483404324021e-09,0.0,1,1
625000.0,15,5,3.992711475458511e-05,0.0,0.39927114754585113,0.0,1,1
625000.0,15,6,0.00010000000008834843,0.0,1.0000000008834842,0.0,1,1
625000.0,15,7,0.039206434879423914,0.0,392.0643487942391,0.0,1,1
625000.0,16,0,-0.0418601947468544,0.0,-418.601947468544,0.0,1,1
625000.0,16,1,-9.999999958556348e-05,0.0,-0.9999999958556347,0.0,1,1
625000.0,16,2,-4.228651825018026e-13,0.0,-4.2286518250180255e-09,0.0,1,1
625000.0,16,3,1.196109828383241e-13,0.0,1.196109828383241e-09,0.0,1,1
625000.0,16,4,1.0199960819432673e-12,0.0,1.0199960819432672e-08,0.0,1,1
625000.0,16,5,3.74316906408792e-05,0.0,0.37431690640879195,0.0,1,1
625000.0,16,6,0.0001000000000527229,0.0,1.000000000527229,0.0,1,1
625000.0,16,7,0.04182276305502962,0.0,418.22763055029617,0.0,1,1
625000.0,17,0,-0.04447417462956953,0.0,-444.74174629569524,0.0,1,1
625000.0,17,1,-9.999999959192056e-05,0.0,-0.9999999959192056,0.0,1,1
625000.0,17,2,-4.1694667602276647e-13,0.0,-4.169466760227665e-09,0.0,1,1
625000.0,17,3,1.2476563546390985e-13,0.0,1.2476563546390984e-09,0.0,1,1
625000.0,17,4,1.0537192923608698e-12,0.0,1.0537192923608698e-08,0.0,1,1
625000.0,17,5,3.5229843313239164e-05,0.0,0.3522984331323916,0.0,1,1
625000.0,17,6,0.00010000000002356911,0.0,1.000000000235691,0.0,1,1
625000.0,17,7,0.04443894478506311,0.0,444.3894478506311,0.0,1,1
625000.0,18,0,-0.04708827717865342,0.0,-470.8827717865342,0.0,1,1
625000.0,18,1,-9.99999995977479e-05,0.0,-0.9999999959774789,0.0,1,1
625000.0,18,2,-4.1139976397762236e-13,0.0,-4.1139976397762235e-09,0.0,1,1
625000.0,18,3,1.2965843174280154e-13,0.0,1.2965843174280154e-09,0.0,1,1
625000.0,18,4,1.0880759539007825e-12,0.0,1.0880759539007824e-08,0.0,1,1
625000.0,18,5,3.327264363048791e-05,0.0,0.3327264363048791,0.0,1,1
625000.0,18,6,9.999999999926936e-05,0.0,0.9999999999926935,0.0,1,1
625000.0,18,7,0.04705500453381509,0.0,470.5500453381508,0.0,1,1
625000.0,19,0,-0.04970248306594514,0.0,-497.02483065945137,0.0,1,1
625000.0,19,1,-9.999999960310872e-05,0.0,-0.9999999960310871,0.0,1,1
625000.0,19,2,-4.061959415637355e-13,0.0,-4.0619594156373545e-09,0.0,1,1
625000.0,19,3,1.3430117584393008e-13,0.0,1.3430117584393007e-09,0.0,1,1
625000.0,19,4,1.1230257576115755e-12,0.0,1.1230257576115755e-08,0.0,1,1
625000.0,19,5,3.152146329590707e-05,0.0,0.31521463295907065,0.0,1,1
625000.0,19,6,9.999999997870537e-05,0.0,0.9999999997870536,0.0,1,1
625000.0,19,7,0.0496709616014225,0.0,496.709616014225,0.0,1,1
625000.0,20,0,-0.052316776819626425,0.0,-523.1677681962642,0.0,1,1
625000.0,20,1,-9.999999960805715e-05,0.0,-0.9999999960805714,0.0,1,1
625000.0,20,2,-4.013089436961702e-13,0.0,-4.013089436961702e-09,0.0,1,1
625000.0,20,3,1.3870600827062363e-13,0.0,1.3870600827062363e-09,0.0,1,1
625000.0,20,4,1.158530297925084e-12,0.0,1.158530297925084e-08,0.0,1,1
625000.0,20,5,2.994539963841714e-05,0.0,0.29945399638417136,0.0,1,1
625000.0,20,6,9.999999996107658e-05,0.0,0.9999999996107657,0.0,1,1
625000.0,20,7,0.05228683141873906,0.0,522.8683141873906,0.0,1,1
625000.0,21,0,-0.05493114590850577,0.0,-549.3114590850577,0.0,1,1
625000.0,21,1,-9.999999961263856e-05,0.0,-0.9999999961263856,0.0,1,1
625000.0,21,2,-3.967146150124635e-13,0.0,-3.967146150124635e-09,0.0,1,1
625000.0,21,3,1.4288515667709706e-13,0.0,1.4288515667709705e-09,0.0,1,1
625000.0,21,4,1.1945531918447545e-12,0.0,1.1945531918447543e-08,0.0,1,1
625000.0,21,5,2.8519436177976688e-05,0.0,0.28519436177976687,0.0,1,1
625000.0,21,6,9.999999994579623e-05,0.0,0.9999999994579623,0.0,1,1
625000.0,21,7,0.05490262647105391,0.0,549.0262647105391,0.0,1,1
625000.0,22,0,-0.05754558007531498,0.0,-575.4558007531498,0.0,1,1
625000.0,22,1,-9.999999961689298e-05,0.0,-0.9999999961689298,0.0,1,1
625000.0,22,2,-3.923907724541555e-13,0.0,-3.923907724541555e-09,0.0,1,1
625000.0,22,3,1.468507408358799e-13,0.0,1.468507408358799e-09,0.0,1,1
625000.0,22,4,1.2310601365596975e-12,0.0,1.2310601365596975e-08,0.0,1,1
625000.0,22,5,2.7223104857746e-05,0.0,0.27223104857746,0.0,1,1
625000.0,22,6,9.999999993242518e-05,0.0,0.9999999993242518,0.0,1,1
625000.0,22,7,0.05751835696915618,0.0,575.1835696915617,0.0,1,1
625000.0,23,0,-0.060160070843467764,0.0,-601.6007084346776,0.0,1,1
625000.0,23,1,-9.999999962085354e-05,0.0,-0.9999999962085354,0.0,1,1
625000.0,23,2,-3.8831706558971555e-13,0.0,-3.883170655897156e-09,0.0,1,1
625000.0,23,3,1.5061462423045354e-13,0.0,1.5061462423045353e-09,0.0,1,1
625000.0,23,4,1.2680189181749936e-12,0.0,1.2680189181749935e-08,0.0,1,1
625000.0,23,5,2.6039497259961783e-05,0.0,0.2603949725996178,0.0,1,1
625000.0,23,6,9.999999992062616e-05,0.0,0.9999999992062616,0.0,1,1
625000.0,23,7,0.060134031344877714,0.0,601.3403134487771,0.0,1,1
625000.0,24,0,-0.06277461114683149,0.0,-627.7461114683148,0.0,1,1
625000.0,24,1,-9.999999962455014e-05,0.0,-0.9999999962455014,0.0,1,1
625000.0,24,2,-3.844748384868116e-13,0.0,-3.844748384868116e-09,0.0,1,1
625000.0,24,3,1.5418830485692557e-13,0.0,1.5418830485692557e-09,0.0,1,1
625000.0,24,4,1.3053993827752642e-12,0.0,1.3053993827752641e-08,0.0,1,1
625000.0,24,5,2.4954523017825513e-05,0.0,0.2495452301782551,0.0,1,1
625000.0,24,6,9.999999991013698e-05,0.0,0.9999999991013697,0.0,1,1
625000.0,24,7,0.06274965662245297,0.0,627.4965662245296,0.0,1,1
625000.0,25,0,-0.06538919504815735,0.0,-653.8919504815734,0.0,1,1
625000.0,25,1,-9.999999962800806e-05,0.0,-0.9999999962800805,0.0,1,1
625000.0,25,2,-3.8084699582263554e-13,0.0,-3.808469958226355e-09,0.0,1,1
625000.0,25,3,1.575828383136473e-13,0.0,1.575828383136473e-09,0.0,1,1
625000.0,25,4,1.343173379480569e-12,0.0,1.3431733794805688e-08,0.0,1,1
625000.0,25,5,2.3956346208226162e-05,0.0,0.23956346208226162,0.0,1,1
625000.0,25,6,9.999999990075112e-05,0.0,0.9999999990075111,0.0,1,1
625000.0,25,7,0.06536523870055644,0.0,653.6523870055644,0.0,1,1
625000.0,26,0,-0.06800381752235578,0.0,-680.0381752235578,0.0,1,1
625000.0,26,1,-9.999999963124966e-05,0.0,-0.9999999963124966,0.0,1,1
625000.0,26,2,-3.774178750824703e-13,0.0,-3.774178750824703e-09,0.0,1,1
625000.0,26,3,1.60808786986599e-13,0.0,1.60808786986599e-09,0.0,1,1
625000.0,26,4,1.3813146833892496e-12,0.0,1.3813146833892495e-08,0.0,1,1
625000.0,26,5,2.3034951807296058e-05,0.0,0.23034951807296056,0.0,1,1
625000.0,26,6,9.999999989230395e-05,0.0,0.9999999989230395,0.0,1,1
625000.0,26,7,0.06798078256912271,0.0,679.8078256912271,0.0,1,1
625000.0,27,0,-0.07061847428784337,0.0,-706.1847428784337,0.0,1,1
625000.0,27,1,-9.999999963429505e-05,0.0,-0.9999999963429504,0.0,1,1
625000.0,27,2,-3.74173125975167e-13,0.0,-3.7417312597516695e-09,0.0,1,1
625000.0,27,3,1.6387618997475385e-13,0.0,1.6387618997475383e-09,0.0,1,1
625000.0,27,4,1.419798905138256e-12,0.0,1.419798905138256e-08,0.0,1,1
625000.0,27,5,2.2181808488808443e-05,0.0,0.2218180848880844,0.0,1,1
625000.0,27,6,9.999999988466098e-05,0.0,0.9999999988466097,0.0,1,1
625000.0,27,7,0.07059629247789469,0.0,705.9629247789468,0.0,1,1
625000.0,28,0,-0.07323316167396658,0.0,-732.3316167396658,0.0,1,1
625000.0,28,1,-9.999999963716111e-05,0.0,-0.9999999963716111,0.0,1,1
625000.0,28,2,-3.710995976845653e-13,0.0,-3.7109959768456526e-09,0.0,1,1
625000.0,28,3,1.6679454910765682e-13,0.0,1.6679454910765681e-09,0.0,1,1
625000.0,28,4,1.4586033921020432e-12,0.0,1.4586033921020431e-08,0.0,1,1
625000.0,28,5,2.138960367973774e-05,0.0,0.2138960367973774,0.0,1,1
625000.0,28,6,9.999999987771203e-05,0.0,0.9999999987771202,0.0,1,1
625000.0,28,7,0.07321177206879201,0.0,732.11772068792,0.0,1,1
625000.0,29,0,-0.0758478765158109,0.0,-758.478765158109,0.0,1,1
625000.0,29,1,-9.999999963986352e-05,0.0,-0.9999999963986352,0.0,1,1
625000.0,29,2,-3.6818523424859373e-13,0.0,-3.681852342485937e-09,0.0,1,1
625000.0,29,3,1.6957282733853983e-13,0.0,1.6957282733853982e-09,0.0,1,1
625000.0,29,4,1.497707125385317e-12,0.0,1.497707125385317e-08,0.0,1,1
625000.0,29,5,2.0652033431648663e-05,0.0,0.20652033431648661,0.0,1,1
625000.0,29,6,9.999999987136702e-05,0.0,0.9999999987136702,0.0,1,1
625000.0,29,7,0.07582722448084867,0.0,758.2722448084866,0.0,1,1
625000.0,30,0,-0.07846261607001762,0.0,-784.6261607001761,0.0,1,1
625000.0,30,1,-9.999999964241556e-05,0.0,-0.9999999964241555,0.0,1,1
625000.0,30,2,-3.654189779858224e-13,0.0,-3.6541897798582238e-09,0.0,1,1
625000.0,30,3,1.7221945630352032e-13,0.0,1.722194563035203e-09,0.0,1,1
625000.0,30,4,1.5370906156907654e-12,0.0,1.5370906156907654e-08,0.0,1,1
625000.0,30,5,1.996363431758948e-05,0.0,0.1996363431758948,0.0,1,1
625000.0,30,6,9.999999986555095e-05,0.0,0.9999999986555095,0.0,1,1
625000.0,30,7,0.078442652434133,0.0,784.4265243413299,0.0,1,1
687500.0,0,0,-9.999999870714909e-05,-9.965007016715154e-13,-0.9999999870714908,-9.965007016715154e-09,1,1
687500.0,0,1,-9.999999870714909e-05,9.965007016715154e-13,-0.9999999870714908,9.965007016715154e-09,1,1
687500.0,0,2,-1.292851977350571e-12,0.0,-1.2928519773505711e-08,0.0,1,1
687500.0,0,3,-1.292849906262246e-12,0.0,-1.292849906262246e-08,0.0,1,1
687500.0,0,4,1.2928498282113258e-12,0.0,1.2928498282113258e-08,0.0,1,1
687500.0,0,5,1.2928520554015224e-12,0.0,1.2928520554015224e-08,0.0,1,1
687500.0,0,6,9.999999795345183e-05,0.0,0.9999999795345182,0.0,1,1
687500.0,0,7,9.999999946084624e-05,0.0,0.9999999946084625,0.0,1,1
687500.0,1,0,-0.002025744826719563,0.0,-20.257448267195628,0.0,1,1
687500.0,1,1,-9.999999632108792e-05,0.0,-0.9999999632108791,0.0,1,1
687500.0,1,2,-2.8482788228002515e-12,0.0,-2.8482788228002515e-08,0.0,1,1
687500.0,1,3,2.1629626617275495e-14,0.0,2.1629626617275496e-10,0.0,1,1
687500.0,1,4,2.9348215637106955e-12,0.0,2.9348215637106953e-08,0.0,1,1
687500.0,1,5,9.999999588534807e-05,0.0,0.9999999588534807,0.0,1,1
687500.0,1,6,0.0010128724135235643,-0.0007022135047162969,10.128724135235643,-7.022135047162969,0,1
687500.0,1,7,0.0010128724135235643,0.0007022135047162969,10.128724135235643,7.022135047162969,0,1
687500.0,2,0,-0.0034755226851436163,0.0,-34.75522685143616,0.0,1,1
687500.0,2,1,-9.999999649211016e-05,0.0,-0.9999999649211015,0.0,1,1
687500.0,2,2,-2.8069344380758193e-12,0.0,-2.8069344380758193e-08,0.0,1,1
687500.0,2,3,4.3230230884501756e-14,0.0,4.3230230884501753e-10,0.0,1,1
687500.0,2,4,2.9800489422809902e-12,0.0,2.9800489422809902e-08,0.0,1,1
687500.0,2,5,9.999999560180045e-05,0.0,0.9999999560180045,0.0,1,1
687500.0,2,6,0.0006201443994576595,0.0,6.201443994576595,0.0,1,1
687500.0,2,7,0.002855378286359925,0.0,28.55378286359925,0.0,1,1
687500.0,3,0,-0.005002693006791472,0.0,-50.02693006791471,0.0,1,1
687500.0,3,1,-9.99999966402557e-05,0.0,-0.999999966402557,0.0,1,1
687500.0,3,2,-2.7668518621230447e-12,0.0,-2.7668518621230444e-08,0.0,1,1
687500.0,3,3,6.477301699156473e-14,0.0,6.477301699156473e-10,0.0,1,1
687500.0,3,4,3.0265959479057994e-12,0.0,3.026595947905799e-08,0.0,1,1
687500.0,3,5,9.999999525490264e-05,0.0,0.9999999525490263,0.0,1,1
687500.0,3,6,0.0004010020208985635,0.0,4.010020208985635,0.0,1,1
687500.0,3,7,0.004601690986953743,0.0,46.01690986953743,0.0,1,1
687500.0,4,0,-0.0065634861052321775,0.0,-65.63486105232177,0.0,1,1
687500.0,4,1,-9.999999676982718e-05,0.0,-0.9999999676982717,0.0,1,1
687500.0,4,2,-2.728011531775303e-12,0.0,-2.728011531775303e-08,0.0,1,1
687500.0,4,3,8.622963792003808e-14,0.0,8.622963792003807e-10,0.0,1,1
687500.0,4,4,3.074471364492431e-12,0.0,3.074471364492431e-08,0.0,1,1
687500.0,4,5,9.999999482075437e-05,0.0,0.9999999482075437,0.0,1,1
687500.0,4,6,0.00029937286462234215,0.0,2.9937286462234214,0.0,1,1
687500.0,4,7,0.006264113242126222,0.0,62.64113242126221,0.0,1,1
687500.0,5,0,-0.008140377082565152,0.0,-81.4037708256515,0.0,1,1
687500.0,5,1,-9.999999688411137e-05,0.0,-0.9999999688411136,0.0,1,1
687500.0,5,2,-2.690392119615779e-12,0.0,-2.6903921196157788e-08,0.0,1,1
687500.0,5,3,1.0757240928101697e-13,0.0,1.0757240928101696e-09,0.0,1,1
687500.0,5,4,3.1236815490699165e-12,0.0,3.1236815490699164e-08,0.0,1,1
687500.0,5,5,9.999999426170315e-05,0.0,0.9999999426170314,0.0,1,1
687500.0,5,6,0.0002392108623286431,0.0,2.392108623286431,0.0,1,1
687500.0,5,7,0.007901166222318056,0.0,79.01166222318055,0.0,1,1
687500.0,6,0,-0.009725990751040138,0.0,-97.25990751040138,0.0,1,1
687500.0,6,1,-9.999999698566349e-05,0.0,-0.9999999698566349,0.0,1,1
687500.0,6,2,-2.6539706937011394e-12,0.0,-2.6539706937011395e-08,0.0,1,1
687500.0,6,3,1.2877451070549878e-13,0.0,1.2877451070549878e-09,0.0,1,1
687500.0,6,4,3.174230390130762e-12,0.0,3.174230390130762e-08,0.0,1,1
687500.0,6,5,9.999999351479145e-05,0.0,0.9999999351479144,0.0,1,1
687500.0,6,6,0.00019925999857805583,0.0,1.992599985780558,0.0,1,1
687500.0,6,7,0.009526730755283921,0.0,95.26730755283921,0.0,1,1
687500.0,7,0,-0.01131680696678001,0.0,-113.1680696678001,0.0,1,1
687500.0,7,1,-9.999999707649863e-05,0.0,-0.9999999707649863,0.0,1,1
687500.0,7,2,-2.6187228845550844e-12,0.0,-2.6187228845550843e-08,0.0,1,1
687500.0,7,3,1.4981017158343248e-13,0.0,1.4981017158343247e-09,0.0,1,1
687500.0,7,4,3.226119288853239e-12,0.0,3.226119288853239e-08,0.0,1,1
687500.0,7,5,9.999999246620492e-05,0.0,0.9999999246620492,0.0,1,1
687500.0,7,6,0.00017076548522237882,0.0,1.7076548522237882,0.0,1,1
687500.0,7,7,0.011146041485410721,0.0,111.4604148541072,0.0,1,1
687500.0,8,0,-0.012910958857401395,0.0,-129.10958857401394,0.0,1,1
687500.0,8,1,-9.999999715822817e-05,0.0,-0.9999999715822816,0.0,1,1
687500.0,8,2,-2.5846230565868543e-12,0.0,-2.5846230565868542e-08,0.0,1,1
687500.0,8,3,1.7065483804019986e-13,0.0,1.7065483804019985e-09,0.0,1,1
687500.0,8,4,3.2793471635742892e-12,0.0,3.279347163574289e-08,0.0,1,1
687500.0,8,5,9.999999088692681e-05,0.0,0.999999908869268,0.0,1,1
687500.0,8,6,0.00014940828107479385,0.0,1.4940828107479385,0.0,1,1
687500.0,8,7,0.01276155058173252,0.0,127.61550581732519,0.0,1,1
687500.0,9,0,-0.014507371406051383,0.0,-145.07371406051382,0.0,1,1
687500.0,9,1,-9.999999723215627e-05,0.0,-0.9999999723215627,0.0,1,1
687500.0,9,2,-2.5516444813335143e-12,0.0,-2.5516444813335142e-08,0.0,1,1
687500.0,9,3,1.9128531883756705e-13,0.0,1.9128531883756704e-09,0.0,1,1
687500.0,9,4,3.3339104771495897e-12,0.0,3.33391047714959e-08,0.0,1,1
687500.0,9,5,9.999998823759354e-05,0.0,0.9999998823759354,0.0,1,1
687500.0,9,6,0.00013280229505916453,0.0,1.3280229505916452,0.0,1,1
687500.0,9,7,0.014374569119013225,0.0,143.74569119013225,0.0,1,1
687500.0,10,0,-0.016105384266911386,0.0,-161.05384266911386,0.0,1,1
687500.0,10,1,-9.999999729934862e-05,0.0,-0.9999999729934861,0.0,1,1
687500.0,10,2,-2.519759510150837e-12,0.0,-2.5197595101508367e-08,0.0,1,1
687500.0,10,3,2.1167990858701233e-13,0.0,2.116799085870123e-09,0.0,1,1
687500.0,10,4,3.389803286372045e-12,0.0,3.389803286372045e-08,0.0,1,1
687500.0,10,5,9.999998287346148e-05,0.0,0.9999998287346148,0.0,1,1
687500.0,10,6,0.00011951968421243025,0.0,1.1951968421243024,0.0,1,1
687500.0,10,7,0.01598586459604312,0.0,159.8586459604312,0.0,1,1
687500.0,11,0,-0.017704570333429717,0.0,-177.04570333429717,0.0,1,1
687500.0,11,1,-9.999999736068581e-05,0.0,-0.999999973606858,0.0,1,1
687500.0,11,2,-2.4889397439363456e-12,0.0,-2.4889397439363454e-08,0.0,1,1
687500.0,11,3,2.318184872041388e-13,0.0,2.318184872041388e-09,0.0,1,1
687500.0,11,4,3.447017312282589e-12,0.0,3.447017312282589e-08,0.0,1,1
687500.0,11,5,9.999996623747868e-05,0.0,0.9999996623747867,0.0,1,1
687500.0,11,6,0.00010865309754992836,0.0,1.0865309754992836,0.0,1,1
687500.0,11,7,0.017595917265813103,0.0,175.95917265813102,0.0,1,1
687500.0,12,0,-0.019304641510548223,0.0,-193.04641510548223,0.0,1,1
687500.0,12,1,-9.99999974169017e-05,0.0,-0.999999974169017,0.0,1,1
687500.0,12,2,-2.459156197943851e-12,0.0,-2.459156197943851e-08,0.0,1,1
687500.0,12,3,2.5168259512408965e-13,0.0,2.5168259512408965e-09,0.0,1,1
687500.0,12,4,3.5055420297583807e-12,0.0,3.5055420297583804e-08,0.0,1,1
687500.0,12,5,9.959740423194799e-05,0.0,0.9959740423194798,0.0,1,1
687500.0,12,6,0.00010000063841972647,0.0,1.0000063841972646,0.0,1,1
687500.0,12,7,0.019205043464015383,0.0,192.0504346401538,0.0,1,1
687500.0,13,0,-0.0209053965976932,0.0,-209.053965976932,0.0,1,1
687500.0,13,1,-9.999999746861137e-05,0.0,-0.9999999746861137,0.0,1,1
687500.0,13,2,-2.4303794599421218e-12,0.0,-2.4303794599421216e-08,0.0,1,1
687500.0,13,3,2.712554846803388e-13,0.0,2.712554846803388e-09,0.0,1,1
687500.0,13,4,3.565364774293505e-12,0.0,3.5653647742935046e-08,0.0,1,1
687500.0,13,5,9.193631908608764e-05,0.0,0.9193631908608764,0.0,1,1
687500.0,13,6,0.00010000002818878904,0.0,1.0000002818878904,0.0,1,1
687500.0,13,7,0.02081346024648069,0.0,208.13460246480687,0.0,1,1
687500.0,14,0,-0.022506690915720155,0.0,-225.06690915720154,0.0,1,1
687500.0,14,1,-9.99999975163358e-05,0.0,-0.9999999751633579,0.0,1,1
687500.0,14,2,-2.4025798402777847e-12,0.0,-2.4025798402777846e-08,0.0,1,1
687500.0,14,3,2.9052214829474595e-13,0.0,2.905221482947459e-09,0.0,1,1
687500.0,14,4,3.6264708638715374e-12,0.0,3.626470863871537e-08,0.0,1,1
687500.0,14,5,8.536929604071197e-05,0.0,0.8536929604071196,0.0,1,1
687500.0,14,6,0.00010000001379512518,0.0,1.0000001379512518,0.0,1,1
687500.0,14,7,0.02242132160188624,0.0,224.2132160188624,0.0,1,1
687500.0,15,0,-0.02410841780963507,0.0,-241.08417809635068,0.0,1,1
687500.0,15,1,-9.999999756051899e-05,0.0,-0.9999999756051898,0.0,1,1
687500.0,15,2,-2.3757275126567743e-12,0.0,-2.3757275126567743e-08,0.0,1,1
687500.0,15,3,3.0946932485112345e-13,0.0,3.0946932485112345e-09,0.0,1,1
687500.0,15,4,3.688843733373688e-12,0.0,3.688843733373688e-08,0.0,1,1
687500.0,15,5,7.967793933018188e-05,0.0,0.7967793933018187,0.0,1,1
687500.0,15,6,0.00010000000884538568,0.0,1.0000000884538567,0.0,1,1
687500.0,15,7,0.024028739857397435,0.0,240.28739857397434,0.0,1,1
687500.0,16,0,-0.025710496953432232,0.0,-257.1049695343223,0.0,1,1
687500.0,16,1,-9.999999760154078e-05,0.0,-0.9999999760154078,0.0,1,1
687500.0,16,2,-2.3497926448225575e-12,0.0,-2.3497926448225575e-08,0.0,1,1
687500.0,16,3,3.2808548584874503e-13,0.0,3.2808548584874502e-09,0.0,1,1
687500.0,16,4,3.752465079102179e-12,0.0,3.752465079102179e-08,0.0,1,1
687500.0,16,5,7.469803964112104e-05,0.0,0.7469803964112104,0.0,1,1
687500.0,16,6,0.00010000000634102546,0.0,1.0000000634102546,0.0,1,1
687500.0,16,7,0.025635798903320864,0.0,256.35798903320864,0.0,1,1
687500.0,17,0,-0.02731286671305695,0.0,-273.12866713056945,0.0,1,1
687500.0,17,1,-9.999999763972864e-05,0.0,-0.9999999763972864,0.0,1,1
687500.0,17,2,-2.324745518502777e-12,0.0,-2.324745518502777e-08,0.0,1,1
687500.0,17,3,3.463608033246973e-13,0.0,3.4636080332469725e-09,0.0,1,1
687500.0,17,4,3.817315010806994e-12,0.0,3.817315010806994e-08,0.0,1,1
687500.0,17,5,7.030403177209191e-05,0.0,0.7030403177209191,0.0,1,1
687500.0,17,6,0.00010000000482883749,0.0,1.0000000482883749,0.0,1,1
687500.0,17,7,0.027242562672256828,0.0,272.42562672256827,0.0,1,1
687500.0,18,0,-0.02891547901734789,0.0,-289.1547901734789,0.0,1,1
687500.0,18,1,-9.999999767536673e-05,0.0,-0.9999999767536673,0.0,1,1
687500.0,18,2,-2.3005566383022607e-12,0.0,-2.3005566383022606e-08,0.0,1,1
687500.0,18,3,3.642871017623605e-13,0.0,3.6428710176236047e-09,0.0,1,1
687500.0,18,4,3.883372208667553e-12,0.0,3.883372208667553e-08,0.0,1,1
687500.0,18,5,6.639825891975862e-05,0.0,0.6639825891975862,0.0,1,1
687500.0,18,6,0.00010000000381669318,0.0,1.0000000381669318,0.0,1,1
687500.0,18,7,0.028849080750339706,0.0,288.49080750339704,0.0,1,1
687500.0,19,0,-0.030518295827435583,0.0,-305.1829582743558,0.0,1,1
687500.0,19,1,-9.999999770870174e-05,0.0,-0.9999999770870173,0.0,1,1
687500.0,19,2,-2.2771968294615083e-12,0.0,-2.2771968294615083e-08,0.0,1,1
687500.0,19,3,3.818577962798885e-13,0.0,3.818577962798885e-09,0.0,1,1
687500.0,19,4,3.950614082865578e-12,0.0,3.9506140828655775e-08,0.0,1,1
687500.0,19,5,6.29036265698194e-05,0.0,0.629036265698194,0.0,1,1
687500.0,19,6,0.00010000000309175311,0.0,1.000000030917531,0.0,1,1
687500.0,19,7,0.03045539219342743,0.0,304.5539219342743,0.0,1,1
687500.0,20,0,-0.032121286652926205,0.0,-321.21286652926204,0.0,1,1
687500.0,20,1,-9.99999977399504e-05,0.0,-0.9999999773995039,0.0,1,1
687500.0,20,2,-2.254637324465861e-12,0.0,-2.2546373244658606e-08,0.0,1,1
687500.0,20,3,3.9906781932566064e-13,0.0,3.990678193256606e-09,0.0,1,1
687500.0,20,4,4.019016933496743e-12,0.0,4.019016933496743e-08,0.0,1,1
687500.0,20,5,5.9758460834062655e-05,0.0,0.5975846083406265,0.0,1,1
687500.0,20,6,0.00010000000254696209,0.0,1.0000000254696209,0.0,1,1
687500.0,20,7,0.03206152818512168,0.0,320.61528185121676,0.0,1,1
687500.0,21,0,-0.03372442677029032,0.0,-337.2442677029032,0.0,1,1
687500.0,21,1,-9.999999776930205e-05,0.0,-0.9999999776930205,0.0,1,1
687500.0,21,2,-2.2328498389163764e-12,0.0,-2.2328498389163762e-08,0.0,1,1
687500.0,21,3,4.1591353844271566e-13,0.0,4.1591353844271565e-09,0.0,1,1
687500.0,21,4,4.088556108677426e-12,0.0,4.088556108677426e-08,0.0,1,1
687500.0,21,5,5.691283624456528e-05,0.0,0.5691283624456528,0.0,1,1
687500.0,21,6,0.00010000000212259079,0.0,1.000000021225908,0.0,1,1
687500.0,21,7,0.03366751392742084,0.0,336.67513927420833,0.0,1,1
687500.0,22,0,-0.03532769592253606,0.0,-353.2769592253606,0.0,1,1
687500.0,22,1,-9.999999779692522e-05,0.0,-0.9999999779692521,0.0,1,1
687500.0,22,2,-2.2118066369037875e-12,0.0,-2.2118066369037873e-08,0.0,1,1
687500.0,22,3,4.3239266707338266e-13,0.0,4.3239266707338265e-09,0.0,1,1
687500.0,22,4,4.159206159114998e-12,0.0,4.1592061591149974e-08,0.0,1,1
687500.0,22,5,5.432590529493521e-05,0.0,0.5432590529493521,0.0,1,1
687500.0,22,6,0.00010000000178268638,0.0,1.0000000178268638,0.0,1,1
687500.0,22,7,0.035273370010875583,0.0,352.73370010875584,0.0,1,1
687500.0,23,0,-0.03693107735517715,0.0,-369.3107735517715,0.0,1,1
687500.0,23,1,-9.999999782296758e-05,0.0,-0.9999999782296758,0.0,1,1
687500.0,23,2,-2.1914805864914433e-12,0.0,-2.191480586491443e-08,0.0,1,1
687500.0,23,3,4.4850417065659814e-13,0.0,4.485041706565981e-09,0.0,1,1
687500.0,23,4,4.230940987492621e-12,0.0,4.230940987492621e-08,0.0,1,1
687500.0,23,5,5.19639247572843e-05,0.0,0.519639247572843,0.0,1,1
687500.0,23,6,0.00010000000150431235,0.0,1.0000000150431234,0.0,1,1
687500.0,23,7,0.03687911342425057,0.0,368.7911342425057,0.0,1,1
687500.0,24,0,-0.038534557091317076,0.0,-385.3455709131707,0.0,1,1
687500.0,24,1,-9.999999784756112e-05,0.0,-0.9999999784756112,0.0,1,1
687500.0,24,2,-2.171845205844422e-12,0.0,-2.171845205844422e-08,0.0,1,1
687500.0,24,3,4.642481698509025e-13,0.0,4.642481698509024e-09,0.0,1,1
687500.0,24,4,4.303733991374828e-12,0.0,4.3037339913748275e-08,0.0,1,1
687500.0,24,5,4.979877549713311e-05,0.0,0.4979877549713311,0.0,1,1
687500.0,24,6,0.00010000000127214823,0.0,1.0000000127214823,0.0,1,1
687500.0,24,7,0.03848475830979923,0.0,384.84758309799224,0.0,1,1
687500.0,25,0,-0.040138123379462876,0.0,-401.3812337946287,0.0,1,1
687500.0,25,1,-9.999999787082353e-05,0.0,-0.9999999787082353,0.0,1,1
687500.0,25,2,-2.1528747006373776e-12,0.0,-2.1528747006373773e-08,0.0,1,1
687500.0,25,3,4.796258425972102e-13,0.0,4.7962584259721015e-09,0.0,1,1
687500.0,25,4,4.377558198556406e-12,0.0,4.377558198556406e-08,0.0,1,1
687500.0,25,5,4.7806837577808715e-05,0.0,0.47806837577808714,0.0,1,1
687500.0,25,6,0.00010000000107557065,0.0,1.0000000107557065,0.0,1,1
687500.0,25,7,0.040090316535976014,0.0,400.9031653597601,0.0,1,1
687500.0,26,0,-0.0417417662679247,0.0,-417.41766267924703,0.0,1,1
687500.0,26,1,-9.999999789285993e-05,0.0,-0.9999999789285993,0.0,1,1
687500.0,26,2,-2.134543993484259e-12,0.0,-2.1345439934842588e-08,0.0,1,1
687500.0,26,3,4.946393265835504e-13,0.0,4.946393265835503e-09,0.0,1,1
687500.0,26,4,4.452386394019587e-12,0.0,4.4523863940195866e-08,0.0,1,1
687500.0,26,5,4.5968124982911794e-05,0.0,0.4596812498291179,0.0,1,1
687500.0,26,6,0.00010000000090697781,0.0,1.000000009069778,0.0,1,1
687500.0,26,7,0.0416957981371152,0.0,416.95798137115196,0.0,1,1
687500.0,27,0,-0.04334547727321736,0.0,-433.4547727321736,0.0,1,1
687500.0,27,1,-9.999999791376505e-05,0.0,-0.9999999791376505,0.0,1,1
687500.0,27,2,-2.116828745998785e-12,0.0,-2.1168287459987846e-08,0.0,1,1
687500.0,27,3,5.092916233022267e-13,0.0,5.092916233022267e-09,0.0,1,1
687500.0,27,4,4.52819123794542e-12,0.0,4.52819123794542e-08,0.0,1,1
687500.0,27,5,4.426561263883436e-05,0.0,0.44265612638834356,0.0,1,1
687500.0,27,6,0.00010000000076079292,0.0,1.0000000076079292,0.0,1,1
687500.0,27,7,0.04330121165481085,0.0,433.0121165481085,0.0,1,1
687500.0,28,0,-0.044949249119118434,0.0,-449.49249119118434,0.0,1,1
687500.0,28,1,-9.99999979336235e-05,0.0,-0.999999979336235,0.0,1,1
687500.0,28,2,-2.0997053742428966e-12,0.0,-2.0997053742428964e-08,0.0,1,1
687500.0,28,3,5.235865048283225e-13,0.0,5.235865048283224e-09,0.0,1,1
687500.0,28,4,4.6049453743794455e-12,0.0,4.6049453743794454e-08,0.0,1,1
687500.0,28,5,4.268470765665026e-05,0.0,0.42684707656650256,0.0,1,1
687500.0,28,6,0.00010000000063282587,0.0,1.0000000063282586,0.0,1,1
687500.0,28,7,0.044906564405733755,0.0,449.0656440573375,0.0,1,1
687500.0,29,0,-0.04655307552943181,0.0,-465.53075529431806,0.0,1,1
687500.0,29,1,-9.99999979525122e-05,0.0,-0.999999979525122,0.0,1,1
687500.0,29,2,-2.0831510582311772e-12,0.0,-2.0831510582311772e-08,0.0,1,1
687500.0,29,3,5.375284241710596e-13,0.0,5.375284241710596e-09,0.0,1,1
687500.0,29,4,4.682621530385847e-12,0.0,4.682621530385847e-08,0.0,1,1
687500.0,29,5,4.121282997837356e-05,0.0,0.4121282997837356,0.0,1,1
687500.0,29,6,0.00010000000051987126,0.0,1.0000000051987126,0.0,1,1
687500.0,29,7,0.04651186269374908,0.0,465.1186269374908,0.0,1,1
687500.0,30,0,-0.048156951061997126,0.0,-481.56951061997125,0.0,1,1
687500.0,30,1,-9.999999797050054e-05,0.0,-0.9999999797050053,0.0,1,1
687500.0,30,2,-2.0671437461593545e-12,0.0,-2.0671437461593543e-08,0.0,1,1
687500.0,30,3,5.511224298695659e-13,0.0,5.511224298695659e-09,0.0,1,1
687500.0,30,4,4.7611926056798794e-12,0.0,4.761192605679879e-08,0.0,1,1
687500.0,30,5,3.9839076897827294e-05,0.0,0.3983907689782729,0.0,1,1
687500.0,30,6,0.00010000000041943374,0.0,1.0000000041943373,0.0,1,1
687500.0,30,7,0.0481171119794052,0.0,481.171119794052,0.0,1,1
750000.0,0,0,-9.992035910172723e-05,-1.3395185833263757e-12,-0.9992035910172723,-1.3395185833263758e-08,1,1
750000.0,0,1,-9.992035910172723e-05,1.3395185833263757e-12,-0.9992035910172723,1.3395185833263758e-08,1,1
750000.0,0,2,-7.964089827272451e-08,-2.4337904921324e-15,-0.0007964089827272451,-2.4337904921323998e-11,1,1
750000.0,0,3,-7.964089827272451e-08,2.4337904921324e-15,-0.0007964089827272451,2.4337904921323998e-11,1,1
750000.0,0,4,7.964089827272443e-08,-1.3819798252658466e-15,0.0007964089827272443,-1.3819798252658465e-11,1,1
750000.0,0,5,7.964089827272443e-08,1.3819798252658466e-15,0.0007964089827272443,1.3819798252658465e-11,1,1
750000.0,0,6,9.99203591017273e-05,-3.521545376543502e-13,0.999203591017273,-3.521545376543502e-09,1,1
750000.0,0,7,9.99203591017273e-05,3.521545376543502e-13,0.999203591017273,3.521545376543502e-09,1,1
750000.0,1,0,-0.0013379705516320052,0.0,-13.379705516320053,0.0,1,1
750000.0,1,1,-9.976088132305706e-05,0.0,-0.9976088132305706,0.0,1,1
750000.0,1,2,-1.783554029977985e-07,0.0,-0.001783554029977985,0.0,1,1
750000.0,1,3,5.8501863463234e-12,0.0,5.8501863463234e-08,0.0,1,1
750000.0,1,4,1.7837909903402253e-07,0.0,0.0017837909903402253,0.0,1,1
750000.0,1,5,9.976076359652902e-05,0.0,0.9976076359652902,0.0,1,1
750000.0,1,6,0.0006689853199061551,-0.001150603337935589,6.6898531990615515,-11.506033379355891,0,1
750000.0,1,7,0.0006689853199061551,0.001150603337935589,6.6898531990615515,11.506033379355891,0,1
750000.0,2,0,-0.0016887443221186528,0.0,-16.887443221186526,0.0,1,1
750000.0,2,1,-9.976093980065558e-05,0.0,-0.9976093980065559,0.0,1,1
750000.0,2,2,-1.7834362197547456e-07,0.0,-0.0017834362197547457,0.0,1,1
750000.0,2,3,1.1708388050065046e-11,0.0,1.1708388050065046e-07,0.0,1,1
750000.0,2,4,1.7839088477201571e-07,0.0,0.0017839088477201572,0.0,1,1
750000.0,2,5,9.97607049897734e-05,0.0,0.997607049897734,0.0,1,1
750000.0,2,6,0.0008443722489791741,-0.0014470650545426842,8.44372248979174,-14.470650545426842,0,1
750000.0,2,7,0.0008443722489791741,0.0014470650545426842,8.44372248979174,14.470650545426842,0,1
750000.0,3,0,-0.0019382718591409635,0.0,-19.382718591409635,0.0,1,1
750000.0,3,1,-9.976099830665875e-05,0.0,-0.9976099830665875,0.0,1,1
750000.0,3,2,-1.78331828160901e-07,0.0,-0.00178331828160901,0.0,1,1
750000.0,3,3,1.756480822569545e-11,0.0,1.756480822569545e-07,0.0,1,1
750000.0,3,4,1.7840268644611869e-07,0.0,0.0017840268644611868,0.0,1,1
750000.0,3,5,9.976064626850686e-05,0.0,0.9976064626850686,0.0,1,1
750000.0,3,6,0.0009691360613780113,-0.001652022303087702,9.691360613780112,-16.52022303087702,0,1
750000.0,3,7,0.0009691360613780113,0.001652022303087702,9.691360613780112,16.52022303087702,0,1
750000.0,4,0,-0.002140010506719031,0.0,-21.400105067190307,0.0,1,1
750000.0,4,1,-9.976105678759186e-05,0.0,-0.9976105678759186,0.0,1,1
750000.0,4,2,-1.7832003232697937e-07,0.0,-0.0017832003232697937,0.0,1,1
750000.0,4,3,2.3420782639528384e-11,0.0,2.3420782639528384e-07,0.0,1,1
750000.0,4,4,1.7841449328339114e-07,0.0,0.0017841449328339113,0.0,1,1
750000.0,4,5,9.976058748620459e-05,0.0,0.9976058748620459,0.0,1,1
750000.0,4,6,0.0010700054290693388,-0.0018125115688206691,10.700054290693389,-18.12511568820669,0,1
750000.0,4,7,0.0010700054290693388,0.0018125115688206691,10.700054290693389,18.12511568820669,0,1
750000.0,5,0,-0.0023132225882971018,0.0,-23.132225882971017,0.0,1,1
750000.0,5,1,-9.976111523279718e-05,0.0,-0.9976111523279718,0.0,1,1
750000.0,5,2,-1.783082366282228e-07,0.0,-0.0017830823662822281,0.0,1,1
750000.0,5,3,2.927657832329746e-11,0.0,2.927657832329746e-07,0.0,1,1
750000.0,5,4,1.7842630312931655e-07,0.0,0.0017842630312931654,0.0,1,1
750000.0,5,5,9.976052865352342e-05,0.0,0.9976052865352342,0.0,1,1
750000.0,5,6,0.0011566115137666482,-0.001945567693420073,11.566115137666483,-19.455676934200728,0,1
750000.0,5,7,0.0011566115137666482,0.001945567693420073,11.566115137666483,19.455676934200728,0,1
750000.0,6,0,-0.002467305939795047,0.0,-24.673059397950468,0.0,1,1
750000.0,6,1,-9.97611736387541e-05,0.0,-0.997611736387541,0.0,1,1
750000.0,6,2,-1.7829644178274567e-07,0.0,-0.0017829644178274566,0.0,1,1
750000.0,6,3,3.51322841863113e-11,0.0,3.51322841863113e-07,0.0,1,1
750000.0,6,4,1.7843811526577694e-07,0.0,0.0017843811526577693,0.0,1,1
750000.0,6,5,9.976046977398392e-05,0.0,0.9976046977398392,0.0,1,1
750000.0,6,6,0.0012336532334270235,-0.002059554244240745,12.336532334270235,-20.595542442407453,0,1
750000.0,6,7,0.0012336532334270235,0.002059554244240745,12.336532334270235,20.595542442407453,0,1
750000.0,7,0,-0.002607627679824181,0.0,-26.076276798241807,0.0,1,1
750000.0,7,1,-9.976123200397993e-05,0.0,-0.9976123200397994,0.0,1,1
750000.0,7,2,-1.7828464809826202e-07,0.0,-0.0017828464809826203,0.0,1,1
750000.0,7,3,4.0987938245755067e-11,0.0,4.098793824575507e-07,0.0,1,1
750000.0,7,4,1.78449929385059e-07,0.0,0.00178449929385059,0.0,1,1
750000.0,7,5,9.976041084906762e-05,0.0,0.9976041084906763,0.0,1,1
750000.0,7,6,0.001303814147354937,-0.0021592814715619855,13.03814147354937,-21.592814715619856,0,1
750000.0,7,7,0.001303814147354937,0.0021592814715619855,13.03814147354937,21.592814715619856,0,1
750000.0,8,0,-0.0027375708351752457,0.0,-27.375708351752458,0.0,1,1
750000.0,8,1,-9.976129032775693e-05,0.0,-0.9976129032775694,0.0,1,1
750000.0,8,2,-1.7827285572858608e-07,0.0,-0.0017827285572858608,0.0,1,1
750000.0,8,3,4.68435594342627e-11,0.0,4.6843559434262703e-07,0.0,1,1
750000.0,8,4,1.7846174533334672e-07,0.0,0.0017846174533334672,0.0,1,1
750000.0,8,5,9.976035187949137e-05,0.0,0.9976035187949137,0.0,1,1
750000.0,8,6,0.0013687857689451705,-0.0022478046188000554,13.687857689451706,-22.478046188000555,0,1
750000.0,8,7,0.0013687857689451705,0.0022478046188000554,13.687857689451706,22.478046188000555,0,1
750000.0,9,0,-0.0028594181643150193,0.0,-28.594181643150193,0.0,1,1
750000.0,9,1,-9.976134860970749e-05,0.0,-0.9976134860970749,0.0,1,1
750000.0,9,2,-1.782610647591312e-07,0.0,-0.0017826106475913122,0.0,1,1
750000.0,9,3,5.2699158202460004e-11,0.0,5.269915820246e-07,0.0,1,1
750000.0,9,4,1.7847356302522648e-07,0.0,0.0017847356302522648,0.0,1,1
750000.0,9,5,9.976029286563201e-05,0.0,0.99760292865632,0.0,1,1
750000.0,9,6,0.0014297094774308342,-0.0023272020525130477,14.297094774308341,-23.27202052513048,0,1
750000.0,9,7,0.0014297094774308342,0.0023272020525130477,14.297094774308341,23.27202052513048,0,1
750000.0,10,0,-0.002974789023823737,0.0,-29.74789023823737,0.0,1,1
750000.0,10,1,-9.976140684962331e-05,0.0,-0.9976140684962331,0.0,1,1
750000.0,10,2,-1.7824927524111205e-07,0.0,-0.0017824927524111205,0.0,1,1
750000.0,10,3,5.855474075994891e-11,0.0,5.855474075994891e-07,0.0,1,1
750000.0,10,4,1.7848538240948242e-07,0.0,0.0017848538240948242,0.0,1,1
750000.0,10,5,9.97602338076967e-05,0.0,0.997602338076967,0.0,1,1
750000.0,10,6,0.0014873949511018786,-0.0023989607526533206,14.873949511018786,-23.989607526533206,0,1
750000.0,10,7,0.0014873949511018786,0.0023989607526533206,14.873949511018786,23.989607526533206,0,1
750000.0,11,0,-0.0030848770646049874,0.0,-30.848770646049875,0.0,1,1
750000.0,11,1,-9.976146504738875e-05,0.0,-0.9976146504738875,0.0,1,1
750000.0,11,2,-1.782374872070877e-07,0.0,-0.001782374872070877,0.0,1,1
750000.0,11,3,6.441031100306083e-11,0.0,6.441031100306083e-07,0.0,1,1
750000.0,11,4,1.7849720345355476e-07,0.0,0.0017849720345355475,0.0,1,1
750000.0,11,5,9.976017470579934e-05,0.0,0.9976017470579934,0.0,1,1
750000.0,11,6,0.0015424390154100077,-0.002464186570068983,15.424390154100077,-24.64186570068983,0,1
750000.0,11,7,0.0015424390154100077,0.002464186570068983,15.424390154100077,24.64186570068983,0,1
750000.0,12,0,-0.003190589239558235,0.0,-31.90589239558235,0.0,1,1
750000.0,12,1,-9.976152320294239e-05,0.0,-0.9976152320294239,0.0,1,1
750000.0,12,2,-1.782257006787363e-07,0.0,-0.0017822570067873632,0.0,1,1
750000.0,12,3,7.026587147871401e-11,0.0,7.026587147871401e-07,0.0,1,1
750000.0,12,4,1.7850902613576436e-07,0.0,0.0017850902613576437,0.0,1,1
750000.0,12,5,9.976011556000011e-05,0.0,0.9976011556000011,0.0,1,1
750000.0,12,6,0.0015952951468049253,-0.002523727508488081,15.952951468049253,-25.23727508488081,0,1
750000.0,12,7,0.0015952951468049253,0.002523727508488081,15.952951468049253,25.23727508488081,0,1
750000.0,13,0,-0.003292631815745962,0.0,-32.92631815745962,0.0,1,1
750000.0,13,1,-9.976158131625602e-05,0.0,-0.9976158131625602,0.0,1,1
750000.0,13,2,-1.78213915671038e-07,0.0,-0.00178213915671038,0.0,1,1
750000.0,13,3,7.612142390341335e-11,0.0,7.612142390341335e-07,0.0,1,1
750000.0,13,4,1.7852085044112962e-07,0.0,0.0017852085044112963,0.0,1,1
750000.0,13,5,9.976005637032573e-05,0.0,0.9976005637032573,0.0,1,1
750000.0,13,6,0.0016463164788178496,-0.00257825021462986,16.463164788178496,-25.7825021462986,0,1
750000.0,13,7,0.0016463164788178496,0.00257825021462986,16.463164788178496,25.7825021462986,0,1
750000.0,14,0,-0.003391566068034901,0.0,-33.91566068034901,0.0,1,1
750000.0,14,1,-9.976163938732242e-05,0.0,-0.9976163938732242,0.0,1,1
750000.0,14,2,-1.7820213219467003e-07,0.0,-0.0017820213219467004,0.0,1,1
750000.0,14,3,8.197696945984562e-11,0.0,8.197696945984562e-07,0.0,1,1
750000.0,14,4,1.7853267635897234e-07,0.0,0.0017853267635897234,0.0,1,1
750000.0,14,5,9.975999713678161e-05,0.0,0.9975999713678161,0.0,1,1
750000.0,14,6,0.0016957836488821585,-0.002628289646215488,16.957836488821584,-26.28289646215488,0,1
750000.0,14,7,0.0016957836488821585,0.002628289646215488,16.957836488821584,26.28289646215488,0,1
750000.0,15,0,-0.0034878457153363776,0.0,-34.878457153363776,0.0,1,1
750000.0,15,1,-9.97616974161491e-05,0.0,-0.9976169741614911,0.0,1,1
750000.0,15,2,-1.7819035025743699e-07,0.0,-0.0017819035025743698,0.0,1,1
750000.0,15,3,8.78325089747781e-11,0.0,8.78325089747781e-07,0.0,1,1
750000.0,15,4,1.785445038814869e-07,0.0,0.001785445038814869,0.0,1,1
750000.0,15,5,9.975993785935852e-05,0.0,0.9975993785935853,0.0,1,1
750000.0,15,6,0.0017439235164535129,-0.0026742825545882105,17.439235164535127,-26.742825545882106,0,1
750000.0,15,7,0.0017439235164535129,0.0026742825545882105,17.439235164535127,26.742825545882106,0,1
750000.0,16,0,-0.0035818428861237183,0.0,-35.81842886123718,0.0,1,1
750000.0,16,1,-9.976175540275278e-05,0.0,-0.9976175540275278,0.0,1,1
750000.0,16,2,-1.7817856986517242e-07,0.0,-0.001781785698651724,0.0,1,1
750000.0,16,3,9.368804303038103e-11,0.0,9.368804303038103e-07,0.0,1,1
750000.0,16,4,1.78556333002838e-07,0.0,0.00178556333002838,0.0,1,1
750000.0,16,5,9.975987853803763e-05,0.0,0.9975987853803763,0.0,1,1
750000.0,16,6,0.0017909221457686273,-0.002716590776331457,17.90922145768627,-27.16590776331457,0,1
750000.0,16,7,0.0017909221457686273,0.002716590776331457,17.90922145768627,27.16590776331457,0,1
750000.0,17,0,-0.003673866615088531,0.0,-36.73866615088531,0.0,1,1
750000.0,17,1,-9.976181334715716e-05,0.0,-0.9976181334715716,0.0,1,1
750000.0,17,2,-1.7816679102231677e-07,0.0,-0.0017816679102231677,0.0,1,1
750000.0,17,3,9.954357203598487e-11,0.0,9.954357203598486e-07,0.0,1,1
750000.0,17,4,1.785681637185837e-07,0.0,0.001785681637185837,0.0,1,1
750000.0,17,5,9.975981917279277e-05,0.0,0.9975981917279276,0.0,1,1
750000.0,17,6,0.001836934054173316,-0.002755517874262138,18.36934054173316,-27.55517874262138,0,1
750000.0,17,7,0.001836934054173316,0.002755517874262138,18.36934054173316,27.55517874262138,0,1
750000.0,18,0,-0.0037641763259698836,0.0,-37.641763259698834,0.0,1,1
750000.0,18,1,-9.976187124939119e-05,0.0,-0.9976187124939119,0.0,1,1
750000.0,18,2,-1.7815501373230397e-07,0.0,-0.0017815501373230397,0.0,1,1
750000.0,18,3,1.0539909627630794e-10,0.0,1.0539909627630793e-06,0.0,1,1
750000.0,18,4,1.7857999602528855e-07,0.0,0.0017857999602528855,0.0,1,1
750000.0,18,5,9.975975976359331e-05,0.0,0.9975975976359331,0.0,1,1
750000.0,18,6,0.0018820889535371465,-0.0027913213033683355,18.820889535371464,-27.913213033683355,0,1
750000.0,18,7,0.0018820889535371465,0.0027913213033683355,18.820889535371464,27.913213033683355,0,1
750000.0,19,0,-0.0038529918586360013,0.0,-38.52991858636001,0.0,1,1
750000.0,19,1,-9.976192910948688e-05,0.0,-0.9976192910948688,0.0,1,1
750000.0,19,2,-1.7814323799782733e-07,0.0,-0.0017814323799782733,0.0,1,1
750000.0,19,3,1.1125461594409442e-10,0.0,1.1125461594409442e-06,0.0,1,1
750000.0,19,4,1.7859182992025765e-07,0.0,0.0017859182992025766,0.0,1,1
750000.0,19,5,9.97597003104039e-05,0.0,0.997597003104039,0.0,1,1
750000.0,19,6,0.001926496763794272,-0.0028242214848031885,19.26496763794272,-28.242214848031885,0,1
750000.0,19,7,0.001926496763794272,0.0028242214848031885,19.26496763794272,28.242214848031885,0,1
750000.0,20,0,-0.003940501058781194,0.0,-39.405010587811944,0.0,1,1
750000.0,20,1,-9.97619869274796e-05,0.0,-0.997619869274796,0.0,1,1
750000.0,20,2,-1.7813146382102338e-07,0.0,-0.0017813146382102338,0.0,1,1
750000.0,20,3,1.171101311631733e-10,0.0,1.171101311631733e-06,0.0,1,1
750000.0,20,4,1.7860366540135286e-07,0.0,0.0017860366540135286,0.0,1,1
750000.0,20,5,9.975964081318782e-05,0.0,0.9975964081318782,0.0,1,1
750000.0,20,6,0.001970251407791887,-0.00285440869355159,19.70251407791887,-28.5440869355159,0,1
750000.0,20,7,0.001970251407791887,0.00285440869355159,19.70251407791887,28.5440869355159,0,1
750000.0,21,0,-0.004026865613223976,0.0,-40.26865613223976,0.0,1,1
750000.0,21,1,-9.976204470340614e-05,0.0,-0.9976204470340614,0.0,1,1
750000.0,21,2,-1.7811969120360607e-07,0.0,-0.0017811969120360607,0.0,1,1
750000.0,21,3,1.2296564200485505e-10,0.0,1.2296564200485506e-06,0.0,1,1
750000.0,21,4,1.7861550246685794e-07,0.0,0.0017861550246685795,0.0,1,1
750000.0,21,5,9.975958127190456e-05,0.0,0.9975958127190455,0.0,1,1
750000.0,21,6,0.0020134337289392855,-0.0028820483682489404,20.134337289392853,-28.820483682489403,0,1
750000.0,21,7,0.0020134337289392855,0.0028820483682489404,20.134337289392853,28.820483682489403,0,1
750000.0,22,0,-0.004112225599417851,0.0,-41.12225599417851,0.0,1,1
750000.0,22,1,-9.976210243730529e-05,0.0,-0.9976210243730529,0.0,1,1
750000.0,22,2,-1.7810792014696122e-07,0.0,-0.0017810792014696121,0.0,1,1
750000.0,22,3,1.2882114849986278e-10,0.0,1.2882114849986279e-06,0.0,1,1
750000.0,22,4,1.7862734111538513e-07,0.0,0.0017862734111538513,0.0,1,1
750000.0,22,5,9.975952168651295e-05,0.0,0.9975952168651295,0.0,1,1
750000.0,22,6,0.0020561137659632603,-0.002907285261419316,20.561137659632603,-29.07285261419316,0,1
750000.0,22,7,0.0020561137659632603,0.002907285261419316,20.561137659632603,29.07285261419316,0,1
750000.0,23,0,-0.004196703077285846,0.0,-41.96703077285846,0.0,1,1
750000.0,23,1,-9.976216012921684e-05,0.0,-0.9976216012921684,0.0,1,1
750000.0,23,2,-1.7809615065221868e-07,0.0,-0.0017809615065221868,0.0,1,1
750000.0,23,3,1.3467665064714476e-10,0.0,1.3467665064714475e-06,0.0,1,1
750000.0,23,4,1.7863918134580314e-07,0.0,0.0017863918134580314,0.0,1,1
750000.0,23,5,9.975946205697029e-05,0.0,0.9975946205697028,0.0,1,1
750000.0,23,6,0.0020983525488253727,-0.0029302467235452537,20.983525488253726,-29.302467235452536,0,1
750000.0,23,7,0.0020983525488253727,0.0029302467235452537,20.983525488253726,29.302467235452536,0,1
750000.0,24,0,-0.004280404957326677,0.0,-42.80404957326677,0.0,1,1
750000.0,24,1,-9.976221777918158e-05,0.0,-0.9976221777918158,0.0,1,1
750000.0,24,2,-1.7808438272030586e-07,0.0,-0.0017808438272030587,0.0,1,1
750000.0,24,3,1.4053214842054028e-10,0.0,1.4053214842054029e-06,0.0,1,1
750000.0,24,4,1.7865102315718108e-07,0.0,0.0017865102315718108,0.0,1,1
750000.0,24,5,9.975940238323252e-05,0.0,0.9975940238323252,0.0,1,1
750000.0,24,6,0.0021402035327750205,-0.0029510453305718453,21.402035327750205,-29.510453305718453,0,1
750000.0,24,7,0.0021402035327750205,0.0029510453305718453,21.402035327750205,29.510453305718453,0,1
750000.0,25,0,-0.00436342531455533,0.0,-43.6342531455533,0.0,1,1
750000.0,25,1,-9.97622753872407e-05,0.0,-0.9976227538724071,0.0,1,1
750000.0,25,2,-1.780726163519876e-07,0.0,-0.001780726163519876,0.0,1,1
750000.0,25,3,1.4638764177374433e-10,0.0,1.4638764177374434e-06,0.0,1,1
750000.0,25,4,1.7866286654875382e-07,0.0,0.0017866286654875383,0.0,1,1
750000.0,25,5,9.975934266525478e-05,0.0,0.9975934266525478,0.0,1,1
750000.0,25,6,0.0021817137553197387,-0.0029697810070484967,21.817137553197387,-29.697810070484966,0,1
750000.0,25,7,0.0021817137553197387,0.0029697810070484967,21.817137553197387,29.697810070484966,0,1
750000.0,26,0,-0.004445847273012855,0.0,-44.45847273012855,0.0,1,1
750000.0,26,1,-9.976233295343693e-05,0.0,-0.9976233295343693,0.0,1,1
750000.0,26,2,-1.780608515478981e-07,0.0,-0.001780608515478981,0.0,1,1
750000.0,26,3,1.522431306442237e-10,0.0,1.522431306442237e-06,0.0,1,1
750000.0,26,4,1.7867471151988385e-07,0.0,0.0017867471151988385,0.0,1,1
750000.0,26,5,9.975928290299207e-05,0.0,0.9975928290299206,0.0,1,1
750000.0,26,6,0.002222924778480098,-0.002986542757079381,22.22924778480098,-29.86542757079381,0,1
750000.0,26,7,0.002222924778480098,0.002986542757079381,22.22924778480098,29.86542757079381,0,1
750000.0,27,0,-0.004527744553851392,0.0,-45.27744553851392,0.0,1,1
750000.0,27,1,-9.97623904778123e-05,0.0,-0.997623904778123,0.0,1,1
750000.0,27,2,-1.78049088308564e-07,0.0,-0.00178049088308564,0.0,1,1
750000.0,27,3,1.5809861495618547e-10,0.0,1.5809861495618548e-06,0.0,1,1
750000.0,27,4,1.78686558070041e-07,0.0,0.00178686558070041,0.0,1,1
750000.0,27,5,9.975922309639774e-05,0.0,0.9975922309639774,0.0,1,1
750000.0,27,6,0.0022638734628322153,-0.003001410086868928,22.63873462832215,-30.014100868689283,0,1
750000.0,27,7,0.0022638734628322153,0.003001410086868928,22.63873462832215,30.014100868689283,0,1
750000.0,28,0,-0.004609182757204617,0.0,-46.091827572046164,0.0,1,1
750000.0,28,1,-9.976244796040987e-05,0.0,-0.9976244796040986,0.0,1,1
750000.0,28,2,-1.7803732663442465e-07,0.0,-0.0017803732663442464,0.0,1,1
750000.0,28,3,1.639540946229685e-10,0.0,1.639540946229685e-06,0.0,1,1
750000.0,28,4,1.7869840619878568e-07,0.0,0.0017869840619878568,0.0,1,1
750000.0,28,5,9.975916324542554e-05,0.0,0.9975916324542554,0.0,1,1
750000.0,28,6,0.002304592608442969,-0.0030144541822172723,23.04592608442969,-30.144541822172723,0,1
750000.0,28,7,0.002304592608442969,0.0030144541822172723,23.04592608442969,30.144541822172723,0,1
750000.0,29,0,-0.004690220431449466,0.0,-46.902204314494654,0.0,1,1
750000.0,29,1,-9.976250540127283e-05,0.0,-0.9976250540127283,0.0,1,1
750000.0,29,2,-1.780255665258461e-07,0.0,-0.001780255665258461,0.0,1,1
750000.0,29,3,1.698095695489564e-10,0.0,1.6980956954895641e-06,0.0,1,1
750000.0,29,4,1.787102559057464e-07,0.0,0.001787102559057464,0.0,1,1
750000.0,29,5,9.975910335002841e-05,0.0,0.9975910335002841,0.0,1,1
750000.0,29,6,0.002345111489500882,-0.0030257388894084185,23.45111489500882,-30.257388894084183,0,1
750000.0,29,7,0.002345111489500882,0.0030257388894084185,23.45111489500882,30.257388894084183,0,1
750000.0,30,0,-0.00477090997121765,0.0,-47.7090997121765,0.0,1,1
750000.0,30,1,-9.976256280044469e-05,0.0,-0.9976256280044469,0.0,1,1
750000.0,30,2,-1.7801380798313588e-07,0.0,-0.0017801380798313589,0.0,1,1
750000.0,30,3,1.7566503963094764e-10,0.0,1.7566503963094763e-06,0.0,1,1
750000.0,30,4,1.787221071906154e-07,0.0,0.0017872210719061539,0.0,1,1
750000.0,30,5,9.975904341015879e-05,0.0,0.9975904341015879,0.0,1,1
750000.0,30,6,0.0023854563033218457,-0.0030353215369105704,23.854563033218458,-30.353215369105705,0,1
750000.0,30,7,0.0023854563033218457,0.0030353215369105704,23.854563033218458,30.353215369105705,0,1
800000.0,0,0,NaN,NaN,NaN,NaN,0,0
800000.0,0,1,NaN,NaN,NaN,NaN,0,0
800000.0,0,2,NaN,NaN,NaN,NaN,0,0
800000.0,0,3,NaN,NaN,NaN,NaN,0,0
800000.0,0,4,NaN,NaN,NaN,NaN,0,0
800000.0,0,5,NaN,NaN,NaN,NaN,0,0
800000.0,0,6,NaN,NaN,NaN,NaN,0,0
800000.0,0,7,NaN,NaN,NaN,NaN,0,0
800000.0,1,0,NaN,NaN,NaN,NaN,0,0
800000.0,1,1,NaN,NaN,NaN,NaN,0,0
800000.0,1,2,NaN,NaN,NaN,NaN,0,0
800000.0,1,3,NaN,NaN,NaN,NaN,0,0
800000.0,1,4,NaN,NaN,NaN,NaN,0,0
800000.0,1,5,NaN,NaN,NaN,NaN,0,0
800000.0,1,6,NaN,NaN,NaN,NaN,0,0
800000.0,1,7,NaN,NaN,NaN,NaN,0,0
800000.0,2,0,NaN,NaN,NaN,NaN,0,0
800000.0,2,1,NaN,NaN,NaN,NaN,0,0
800000.0,2,2,NaN,NaN,NaN,NaN,0,0
800000.0,2,3,NaN,NaN,NaN,NaN,0,0
800000.0,2,4,NaN,NaN,NaN,NaN,0,0
800000.0,2,5,NaN,NaN,NaN,NaN,0,0
800000.0,2,6,NaN,NaN,NaN,NaN,0,0
800000.0,2,7,NaN,NaN,NaN,NaN,0,0
800000.0,3,0,NaN,NaN,NaN,NaN,0,0
800000.0,3,1,NaN,NaN,NaN,NaN,0,0
800000.0,3,2,NaN,NaN,NaN,NaN,0,0
800000.0,3,3,NaN,NaN,NaN,NaN,0,0
800000.0,3,4,NaN,NaN,NaN,NaN,0,0
800000.0,3,5,NaN,NaN,NaN,NaN,0,0
800000.0,3,6,NaN,NaN,NaN,NaN,0,0
800000.0,3,7,NaN,NaN,NaN,NaN,0,0
800000.0,4,0,NaN,NaN,NaN,NaN,0,0
800000.0,4,1,NaN,NaN,NaN,NaN,0,0
800000.0,4,2,NaN,NaN,NaN,NaN,0,0
800000.0,4,3,NaN,NaN,NaN,NaN,0,0
800000.0,4,4,NaN,NaN,NaN,NaN,0,0
800000.0,4,5,NaN,NaN,NaN,NaN,0,0
800000.0,4,6,NaN,NaN,NaN,NaN,0,0
800000.0,4,7,NaN,NaN,NaN,NaN,0,0
800000.0,5,0,NaN,NaN,NaN,NaN,0,0
800000.0,5,1,NaN,NaN,NaN,NaN,0,0
800000.0,5,2,NaN,NaN,NaN,NaN,0,0
800000.0,5,3,NaN,NaN,NaN,NaN,0,0
800000.0,5,4,NaN,NaN,NaN,NaN,0,0
800000.0,5,5,NaN,NaN,NaN,NaN,0,0
800000.0,5,6,NaN,NaN,NaN,NaN,0,0
800000.0,5,7,NaN,NaN,NaN,NaN,0,0
800000.0,6,0,NaN,NaN,NaN,NaN,0,0
800000.0,6,1,NaN,NaN,NaN,NaN,0,0
800000.0,6,2,NaN,NaN,NaN,NaN,0,0
800000.0,6,3,NaN,NaN,NaN,NaN,0,0
800000.0,6,4,NaN,NaN,NaN,NaN,0,0
800000.0,6,5,NaN,NaN,NaN,NaN,0,0
800000.0,6,6,NaN,NaN,NaN,NaN,0,0
800000.0,6,7,NaN,NaN,NaN,NaN,0,0
800000.0,7,0,NaN,NaN,NaN,NaN,0,0
800000.0,7,1,NaN,NaN,NaN,NaN,0,0
800000.0,7,2,NaN,NaN,NaN,NaN,0,0
800000.0,7,3,NaN,NaN,NaN,NaN,0,0
800000.0,7,4,NaN,NaN,NaN,NaN,0,0
800000.0,7,5,NaN,NaN,NaN,NaN,0,0
800000.0,7,6,NaN,NaN,NaN,NaN,0,0
800000.0,7,7,NaN,NaN,NaN,NaN,0,0
800000.0,8,0,NaN,NaN,NaN,NaN,0,0
800000.0,8,1,NaN,NaN,NaN,NaN,0,0
800000.0,8,2,NaN,NaN,NaN,NaN,0,0
800000.0,8,3,NaN,NaN,NaN,NaN,0,0
800000.0,8,4,NaN,NaN,NaN,NaN,0,0
800000.0,8,5,NaN,NaN,NaN,NaN,0,0
800000.0,8,6,NaN,NaN,NaN,NaN,0,0
800000.0,8,7,NaN,NaN,NaN,NaN,0,0
800000.0,9,0,NaN,NaN,NaN,NaN,0,0
800000.0,9,1,NaN,NaN,NaN,NaN,0,0
800000.0,9,2,NaN,NaN,NaN,NaN,0,0
800000.0,9,3,NaN,NaN,NaN,NaN,0,0
800000.0,9,4,NaN,NaN,NaN,NaN,0,0
800000.0,9,5,NaN,NaN,NaN,NaN,0,0
800000.0,9,6,NaN,NaN,NaN,NaN,0,0
800000.0,9,7,NaN,NaN,NaN,NaN,0,0
800000.0,10,0,NaN,NaN,NaN,NaN,0,0
800000.0,10,1,NaN,NaN,NaN,NaN,0,0
800000.0,10,2,NaN,NaN,NaN,NaN,0,0
800000.0,10,3,NaN,NaN,NaN,NaN,0,0
800000.0,10,4,NaN,NaN,NaN,NaN,0,0
800000.0,10,5,NaN,NaN,NaN,NaN,0,0
800000.0,10,6,NaN,NaN,NaN,NaN,0,0
800000.0,10,7,NaN,NaN,NaN,NaN,0,0
800000.0,11,0,NaN,NaN,NaN,NaN,0,0
800000.0,11,1,NaN,NaN,NaN,NaN,0,0
800000.0,11,2,NaN,NaN,NaN,NaN,0,0
800000.0,11,3,NaN,NaN,NaN,NaN,0,0
800000.0,11,4,NaN,NaN,NaN,NaN,0,0
800000.0,11,5,NaN,NaN,NaN,NaN,0,0
800000.0,11,6,NaN,NaN,NaN,NaN,0,0
800000.0,11,7,NaN,NaN,NaN,NaN,0,0
800000.0,12,0,NaN,NaN,NaN,NaN,0,0
800000.0,12,1,NaN,NaN,NaN,NaN,0,0
800000.0,12,2,NaN,NaN,NaN,NaN,0,0
800000.0,12,3,NaN,NaN,NaN,NaN,0,0
800000.0,12,4,NaN,NaN,NaN,NaN,0,0
800000.0,12,5,NaN,NaN,NaN,NaN,0,0
800000.0,12,6,NaN,NaN,NaN,NaN,0,0
800000.0,12,7,NaN,NaN,NaN,NaN,0,0
800000.0,13,0,NaN,NaN,NaN,NaN,0,0
800000.0,13,1,NaN,NaN,NaN,NaN,0,0
800000.0,13,2,NaN,NaN,NaN,NaN,0,0
800000.0,13,3,NaN,NaN,NaN,NaN,0,0
800000.0,13,4,NaN,NaN,NaN,NaN,0,0
800000.0,13,5,NaN,NaN,NaN,NaN,0,0
800000.0,13,6,NaN,NaN,NaN,NaN,0,0
800000.0,13,7,NaN,NaN,NaN,NaN,0,0
800000.0,14,0,NaN,NaN,NaN,NaN,0,0
800000.0,14,1,NaN,NaN,NaN,NaN,0,0
800000.0,14,2,NaN,NaN,NaN,NaN,0,0
800000.0,14,3,NaN,NaN,NaN,NaN,0,0
800000.0,14,4,NaN,NaN,NaN,NaN,0,0
800000.0,14,5,NaN,NaN,NaN,NaN,0,0
800000.0,14,6,NaN,NaN,NaN,NaN,0,0
800000.0,14,7,NaN,NaN,NaN,NaN,0,0
800000.0,15,0,NaN,NaN,NaN,NaN,0,0
800000.0,15,1,NaN,NaN,NaN,NaN,0,0
800000.0,15,2,NaN,NaN,NaN,NaN,0,0
800000.0,15,3,NaN,NaN,NaN,NaN,0,0
800000.0,15,4,NaN,NaN,NaN,NaN,0,0
800000.0,15,5,NaN,NaN,NaN,NaN,0,0
800000.0,15,6,NaN,NaN,NaN,NaN,0,0
800000.0,15,7,NaN,NaN,NaN,NaN,0,0
800000.0,16,0,NaN,NaN,NaN,NaN,0,0
800000.0,16,1,NaN,NaN,NaN,NaN,0,0
800000.0,16,2,NaN,NaN,NaN,NaN,0,0
800000.0,16,3,NaN,NaN,NaN,NaN,0,0
800000.0,16,4,NaN,NaN,NaN,NaN,0,0
800000.0,16,5,NaN,NaN,NaN,NaN,0,0
800000.0,16,6,NaN,NaN,NaN,NaN,0,0
800000.0,16,7,NaN,NaN,NaN,NaN,0,0
800000.0,17,0,NaN,NaN,NaN,NaN,0,0
800000.0,17,1,NaN,NaN,NaN,NaN,0,0
800000.0,17,2,NaN,NaN,NaN,NaN,0,0
800000.0,17,3,NaN,NaN,NaN,NaN,0,0
800000.0,17,4,NaN,NaN,NaN,NaN,0,0
800000.0,17,5,NaN,NaN,NaN,NaN,0,0
800000.0,17,6,NaN,NaN,NaN,NaN,0,0
800000.0,17,7,NaN,NaN,NaN,NaN,0,0
800000.0,18,0,NaN,NaN,NaN,NaN,0,0
800000.0,18,1,NaN,NaN,NaN,NaN,0,0
800000.0,18,2,NaN,NaN,NaN,NaN,0,0
800000.0,18,3,NaN,NaN,NaN,NaN,0,0
800000.0,18,4,NaN,NaN,NaN,NaN,0,0
800000.0,18,5,NaN,NaN,NaN,NaN,0,0
800000.0,18,6,NaN,NaN,NaN,NaN,0,0
800000.0,18,7,NaN,NaN,NaN,NaN,0,0
800000.0,19,0,NaN,NaN,NaN,NaN,0,0
800000.0,19,1,NaN,NaN,NaN,NaN,0,0
800000.0,19,2,NaN,NaN,NaN,NaN,0,0
800000.0,19,3,NaN,NaN,NaN,NaN,0,0
800000.0,19,4,NaN,NaN,NaN,NaN,0,0
800000.0,19,5,NaN,NaN,NaN,NaN,0,0
800000.0,19,6,NaN,NaN,NaN,NaN,0,0
800000.0,19,7,NaN,NaN,NaN,NaN,0,0
800000.0,20,0,NaN,NaN,NaN,NaN,0,0
800000.0,20,1,NaN,NaN,NaN,NaN,0,0
800000.0,20,2,NaN,NaN,NaN,NaN,0,0
800000.0,20,3,NaN,NaN,NaN,NaN,0,0
800000.0,20,4,NaN,NaN,NaN,NaN,0,0
800000.0,20,5,NaN,NaN,NaN,NaN,0,0
800000.0,20,6,NaN,NaN,NaN,NaN,0,0
800000.0,20,7,NaN,NaN,NaN,NaN,0,0
800000.0,21,0,NaN,NaN,NaN,NaN,0,0
800000.0,21,1,NaN,NaN,NaN,NaN,0,0
800000.0,21,2,NaN,NaN,NaN,NaN,0,0
800000.0,21,3,NaN,NaN,NaN,NaN,0,0
800000.0,21,4,NaN,NaN,NaN,NaN,0,0
800000.0,21,5,NaN,NaN,NaN,NaN,0,0
800000.0,21,6,NaN,NaN,NaN,NaN,0,0
800000.0,21,7,NaN,NaN,NaN,NaN,0,0
800000.0,22,0,NaN,NaN,NaN,NaN,0,0
800000.0,22,1,NaN,NaN,NaN,NaN,0,0
800000.0,22,2,NaN,NaN,NaN,NaN,0,0
800000.0,22,3,NaN,NaN,NaN,NaN,0,0
800000.0,22,4,NaN,NaN,NaN,NaN,0,0
800000.0,22,5,NaN,NaN,NaN,NaN,0,0
800000.0,22,6,NaN,NaN,NaN,NaN,0,0
800000.0,22,7,NaN,NaN,NaN,NaN,0,0
800000.0,23,0,NaN,NaN,NaN,NaN,0,0
800000.0,23,1,NaN,NaN,NaN,NaN,0,0
800000.0,23,2,NaN,NaN,NaN,NaN,0,0
800000.0,23,3,NaN,NaN,NaN,NaN,0,0
800000.0,23,4,NaN,NaN,NaN,NaN,0,0
800000.0,23,5,NaN,NaN,NaN,NaN,0,0
800000.0,23,6,NaN,NaN,NaN,NaN,0,0
800000.0,23,7,NaN,NaN,NaN,NaN,0,0
800000.0,24,0,NaN,NaN,NaN,NaN,0,0
800000.0,24,1,NaN,NaN,NaN,NaN,0,0
800000.0,24,2,NaN,NaN,NaN,NaN,0,0
800000.0,24,3,NaN,NaN,NaN,NaN,0,0
800000.0,24,4,NaN,NaN,NaN,NaN,0,0
800000.0,24,5,NaN,NaN,NaN,NaN,0,0
800000.0,24,6,NaN,NaN,NaN,NaN,0,0
800000.0,24,7,NaN,NaN,NaN,NaN,0,0
800000.0,25,0,NaN,NaN,NaN,NaN,0,0
800000.0,25,1,NaN,NaN,NaN,NaN,0,0
800000.0,25,2,NaN,NaN,NaN,NaN,0,0
800000.0,25,3,NaN,NaN,NaN,NaN,0,0
800000.0,25,4,NaN,NaN,NaN,NaN,0,0
800000.0,25,5,NaN,NaN,NaN,NaN,0,0
800000.0,25,6,NaN,NaN,NaN,NaN,0,0
800000.0,25,7,NaN,NaN,NaN,NaN,0,0
800000.0,26,0,NaN,NaN,NaN,NaN,0,0
800000.0,26,1,NaN,NaN,NaN,NaN,0,0
800000.0,26,2,NaN,NaN,NaN,NaN,0,0
800000.0,26,3,NaN,NaN,NaN,NaN,0,0
800000.0,26,4,NaN,NaN,NaN,NaN,0,0
800000.0,26,5,NaN,NaN,NaN,NaN,0,0
800000.0,26,6,NaN,NaN,NaN,NaN,0,0
800000.0,26,7,NaN,NaN,NaN,NaN,0,0
800000.0,27,0,NaN,NaN,NaN,NaN,0,0
800000.0,27,1,NaN,NaN,NaN,NaN,0,0
800000.0,27,2,NaN,NaN,NaN,NaN,0,0
800000.0,27,3,NaN,NaN,NaN,NaN,0,0
800000.0,27,4,NaN,NaN,NaN,NaN,0,0
800000.0,27,5,NaN,NaN,NaN,NaN,0,0
800000.0,27,6,NaN,NaN,NaN,NaN,0,0
800000.0,27,7,NaN,NaN,NaN,NaN,0,0
800000.0,28,0,NaN,NaN,NaN,NaN,0,0
800000.0,28,1,NaN,NaN,NaN,NaN,0,0
800000.0,28,2,NaN,NaN,NaN,NaN,0,0
800000.0,28,3,NaN,NaN,NaN,NaN,0,0
800000.0,28,4,NaN,NaN,NaN,NaN,0,0
800000.0,28,5,NaN,NaN,NaN,NaN,0,0
800000.0,28,6,NaN,NaN,NaN,NaN,0,0
800000.0,28,7,NaN,NaN,NaN,NaN,0,0
800000.0,29,0,NaN,NaN,NaN,NaN,0,0
800000.0,29,1,NaN,NaN,NaN,NaN,0,0
800000.0,29,2,NaN,NaN,NaN,NaN,0,0
800000.0,29,3,NaN,NaN,NaN,NaN,0,0
800000.0,29,4,NaN,NaN,NaN,NaN,0,0
800000.0,29,5,NaN,NaN,NaN,NaN,0,0
800000.0,29,6,NaN,NaN,NaN,NaN,0,0
800000.0,29,7,NaN,NaN,NaN,NaN,0,0
800000.0,30,0,NaN,NaN,NaN,NaN,0,0
800000.0,30,1,NaN,NaN,NaN,NaN,0,0
800000.0,30,2,NaN,NaN,NaN,NaN,0,0
800000.0,30,3,NaN,NaN,NaN,NaN,0,0
800000.0,30,4,NaN,NaN,NaN,NaN,0,0
800000.0,30,5,NaN,NaN,NaN,NaN,0,0
800000.0,30,6,NaN,NaN,NaN,NaN,0,0
800000.0,30,7,NaN,NaN,NaN,NaN,0,0
850000.0,0,0,NaN,NaN,NaN,NaN,0,0
850000.0,0,1,NaN,NaN,NaN,NaN,0,0
850000.0,0,2,NaN,NaN,NaN,NaN,0,0
850000.0,0,3,NaN,NaN,NaN,NaN,0,0
850000.0,0,4,NaN,NaN,NaN,NaN,0,0
850000.0,0,5,NaN,NaN,NaN,NaN,0,0
850000.0,0,6,NaN,NaN,NaN,NaN,0,0
850000.0,0,7,NaN,NaN,NaN,NaN,0,0
850000.0,1,0,NaN,NaN,NaN,NaN,0,0
850000.0,1,1,NaN,NaN,NaN,NaN,0,0
850000.0,1,2,NaN,NaN,NaN,NaN,0,0
850000.0,1,3,NaN,NaN,NaN,NaN,0,0
850000.0,1,4,NaN,NaN,NaN,NaN,0,0
850000.0,1,5,NaN,NaN,NaN,NaN,0,0
850000.0,1,6,NaN,NaN,NaN,NaN,0,0
850000.0,1,7,NaN,NaN,NaN,NaN,0,0
850000.0,2,0,NaN,NaN,NaN,NaN,0,0
850000.0,2,1,NaN,NaN,NaN,NaN,0,0
850000.0,2,2,NaN,NaN,NaN,NaN,0,0
850000.0,2,3,NaN,NaN,NaN,NaN,0,0
850000.0,2,4,NaN,NaN,NaN,NaN,0,0
850000.0,2,5,NaN,NaN,NaN,NaN,0,0
850000.0,2,6,NaN,NaN,NaN,NaN,0,0
850000.0,2,7,NaN,NaN,NaN,NaN,0,0
850000.0,3,0,NaN,NaN,NaN,NaN,0,0
850000.0,3,1,NaN,NaN,NaN,NaN,0,0
850000.0,3,2,NaN,NaN,NaN,NaN,0,0
850000.0,3,3,NaN,NaN,NaN,NaN,0,0
850000.0,3,4,NaN,NaN,NaN,NaN,0,0
850000.0,3,5,NaN,NaN,NaN,NaN,0,0
850000.0,3,6,NaN,NaN,NaN,NaN,0,0
850000.0,3,7,NaN,NaN,NaN,NaN,0,0
850000.0,4,0,NaN,NaN,NaN,NaN,0,0
850000.0,4,1,NaN,NaN,NaN,NaN,0,0
850000.0,4,2,NaN,NaN,NaN,NaN,0,0
850000.0,4,3,NaN,NaN,NaN,NaN,0,0
850000.0,4,4,NaN,NaN,NaN,NaN,0,0
850000.0,4,5,NaN,NaN,NaN,NaN,0,0
850000.0,4,6,NaN,NaN,NaN,NaN,0,0
850000.0,4,7,NaN,NaN,NaN,NaN,0,0
850000.0,5,0,NaN,NaN,NaN,NaN,0,0
850000.0,5,1,NaN,NaN,NaN,NaN,0,0
850000.0,5,2,NaN,NaN,NaN,NaN,0,0
850000.0,5,3,NaN,NaN,NaN,NaN,0,0
850000.0,5,4,NaN,NaN,NaN,NaN,0,0
850000.0,5,5,NaN,NaN,NaN,NaN,0,0
850000.0,5,6,NaN,NaN,NaN,NaN,0,0
850000.0,5,7,NaN,NaN,NaN,NaN,0,0
850000.0,6,0,NaN,NaN,NaN,NaN,0,0
850000.0,6,1,NaN,NaN,NaN,NaN,0,0
850000.0,6,2,NaN,NaN,NaN,NaN,0,0
850000.0,6,3,NaN,NaN,NaN,NaN,0,0
850000.0,6,4,NaN,NaN,NaN,NaN,0,0
850000.0,6,5,NaN,NaN,NaN,NaN,0,0
850000.0,6,6,NaN,NaN,NaN,NaN,0,0
850000.0,6,7,NaN,NaN,NaN,NaN,0,0
850000.0,7,0,NaN,NaN,NaN,NaN,0,0
850000.0,7,1,NaN,NaN,NaN,NaN,0,0
850000.0,7,2,NaN,NaN,NaN,NaN,0,0
850000.0,7,3,NaN,NaN,NaN,NaN,0,0
850000.0,7,4,NaN,NaN,NaN,NaN,0,0
850000.0,7,5,NaN,NaN,NaN,NaN,0,0
850000.0,7,6,NaN,NaN,NaN,NaN,0,0
850000.0,7,7,NaN,NaN,NaN,NaN,0,0
850000.0,8,0,NaN,NaN,NaN,NaN,0,0
850000.0,8,1,NaN,NaN,NaN,NaN,0,0
850000.0,8,2,NaN,NaN,NaN,NaN,0,0
850000.0,8,3,NaN,NaN,NaN,NaN,0,0
850000.0,8,4,NaN,NaN,NaN,NaN,0,0
850000.0,8,5,NaN,NaN,NaN,NaN,0,0
850000.0,8,6,NaN,NaN,NaN,NaN,0,0
850000.0,8,7,NaN,NaN,NaN,NaN,0,0
850000.0,9,0,NaN,NaN,NaN,NaN,0,0
850000.0,9,1,NaN,NaN,NaN,NaN,0,0
850000.0,9,2,NaN,NaN,NaN,NaN,0,0
850000.0,9,3,NaN,NaN,NaN,NaN,0,0
850000.0,9,4,NaN,NaN,NaN,NaN,0,0
850000.0,9,5,NaN,NaN,NaN,NaN,0,0
850000.0,9,6,NaN,NaN,NaN,NaN,0,0
850000.0,9,7,NaN,NaN,NaN,NaN,0,0
850000.0,10,0,NaN,NaN,NaN,NaN,0,0
850000.0,10,1,NaN,NaN,NaN,NaN,0,0
850000.0,10,2,NaN,NaN,NaN,NaN,0,0
850000.0,10,3,NaN,NaN,NaN,NaN,0,0
850000.0,10,4,NaN,NaN,NaN,NaN,0,0
850000.0,10,5,NaN,NaN,NaN,NaN,0,0
850000.0,10,6,NaN,NaN,NaN,NaN,0,0
850000.0,10,7,NaN,NaN,NaN,NaN,0,0
850000.0,11,0,NaN,NaN,NaN,NaN,0,0
850000.0,11,1,NaN,NaN,NaN,NaN,0,0
850000.0,11,2,NaN,NaN,NaN,NaN,0,0
850000.0,11,3,NaN,NaN,NaN,NaN,0,0
850000.0,11,4,NaN,NaN,NaN,NaN,0,0
850000.0,11,5,NaN,NaN,NaN,NaN,0,0
850000.0,11,6,NaN,NaN,NaN,NaN,0,0
850000.0,11,7,NaN,NaN,NaN,NaN,0,0
850000.0,12,0,NaN,NaN,NaN,NaN,0,0
850000.0,12,1,NaN,NaN,NaN,NaN,0,0
850000.0,12,2,NaN,NaN,NaN,NaN,0,0
850000.0,12,3,NaN,NaN,NaN,NaN,0,0
850000.0,12,4,NaN,NaN,NaN,NaN,0,0
850000.0,12,5,NaN,NaN,NaN,NaN,0,0
850000.0,12,6,NaN,NaN,NaN,NaN,0,0
850000.0,12,7,NaN,NaN,NaN,NaN,0,0
850000.0,13,0,NaN,NaN,NaN,NaN,0,0
850000.0,13,1,NaN,NaN,NaN,NaN,0,0
850000.0,13,2,NaN,NaN,NaN,NaN,0,0
850000.0,13,3,NaN,NaN,NaN,NaN,0,0
850000.0,13,4,NaN,NaN,NaN,NaN,0,0
850000.0,13,5,NaN,NaN,NaN,NaN,0,0
850000.0,13,6,NaN,NaN,NaN,NaN,0,0
850000.0,13,7,NaN,NaN,NaN,NaN,0,0
850000.0,14,0,NaN,NaN,NaN,NaN,0,0
850000.0,14,1,NaN,NaN,NaN,NaN,0,0
850000.0,14,2,NaN,NaN,NaN,NaN,0,0
850000.0,14,3,NaN,NaN,NaN,NaN,0,0
850000.0,14,4,NaN,NaN,NaN,NaN,0,0
850000.0,14,5,NaN,NaN,NaN,NaN,0,0
850000.0,14,6,NaN,NaN,NaN,NaN,0,0
850000.0,14,7,NaN,NaN,NaN,NaN,0,0
850000.0,15,0,NaN,NaN,NaN,NaN,0,0
850000.0,15,1,NaN,NaN,NaN,NaN,0,0
850000.0,15,2,NaN,NaN,NaN,NaN,0,0
850000.0,15,3,NaN,NaN,NaN,NaN,0,0
850000.0,15,4,NaN,NaN,NaN,NaN,0,0
850000.0,15,5,NaN,NaN,NaN,NaN,0,0
850000.0,15,6,NaN,NaN,NaN,NaN,0,0
850000.0,15,7,NaN,NaN,NaN,NaN,0,0
850000.0,16,0,NaN,NaN,NaN,NaN,0,0
850000.0,16,1,NaN,NaN,NaN,NaN,0,0
850000.0,16,2,NaN,NaN,NaN,NaN,0,0
850000.0,16,3,NaN,NaN,NaN,NaN,0,0
850000.0,16,4,NaN,NaN,NaN,NaN,0,0
850000.0,16,5,NaN,NaN,NaN,NaN,0,0
850000.0,16,6,NaN,NaN,NaN,NaN,0,0
850000.0,16,7,NaN,NaN,NaN,NaN,0,0
850000.0,17,0,NaN,NaN,NaN,NaN,0,0
850000.0,17,1,NaN,NaN,NaN,NaN,0,0
850000.0,17,2,NaN,NaN,NaN,NaN,0,0
850000.0,17,3,NaN,NaN,NaN,NaN,0,0
850000.0,17,4,NaN,NaN,NaN,NaN,0,0
850000.0,17,5,NaN,NaN,NaN,NaN,0,0
850000.0,17,6,NaN,NaN,NaN,NaN,0,0
850000.0,17,7,NaN,NaN,NaN,NaN,0,0
850000.0,18,0,NaN,NaN,NaN,NaN,0,0
850000.0,18,1,NaN,NaN,NaN,NaN,0,0
850000.0,18,2,NaN,NaN,NaN,NaN,0,0
850000.0,18,3,NaN,NaN,NaN,NaN,0,0
850000.0,18,4,NaN,NaN,NaN,NaN,0,0
850000.0,18,5,NaN,NaN,NaN,NaN,0,0
850000.0,18,6,NaN,NaN,NaN,NaN,0,0
850000.0,18,7,NaN,NaN,NaN,NaN,0,0
850000.0,19,0,NaN,NaN,NaN,NaN,0,0
850000.0,19,1,NaN,NaN,NaN,NaN,0,0
850000.0,19,2,NaN,NaN,NaN,NaN,0,0
850000.0,19,3,NaN,NaN,NaN,NaN,0,0
850000.0,19,4,NaN,NaN,NaN,NaN,0,0
850000.0,19,5,NaN,NaN,NaN,NaN,0,0
850000.0,19,6,NaN,NaN,NaN,NaN,0,0
850000.0,19,7,NaN,NaN,NaN,NaN,0,0
850000.0,20,0,NaN,NaN,NaN,NaN,0,0
850000.0,20,1,NaN,NaN,NaN,NaN,0,0
850000.0,20,2,NaN,NaN,NaN,NaN,0,0
850000.0,20,3,NaN,NaN,NaN,NaN,0,0
850000.0,20,4,NaN,NaN,NaN,NaN,0,0
850000.0,20,5,NaN,NaN,NaN,NaN,0,0
850000.0,20,6,NaN,NaN,NaN,NaN,0,0
850000.0,20,7,NaN,NaN,NaN,NaN,0,0
850000.0,21,0,NaN,NaN,NaN,NaN,0,0
850000.0,21,1,NaN,NaN,NaN,NaN,0,0
850000.0,21,2,NaN,NaN,NaN,NaN,0,0
850000.0,21,3,NaN,NaN,NaN,NaN,0,0
850000.0,21,4,NaN,NaN,NaN,NaN,0,0
850000.0,21,5,NaN,NaN,NaN,NaN,0,0
850000.0,21,6,NaN,NaN,NaN,NaN,0,0
850000.0,21,7,NaN,NaN,NaN,NaN,0,0
850000.0,22,0,NaN,NaN,NaN,NaN,0,0
850000.0,22,1,NaN,NaN,NaN,NaN,0,0
850000.0,22,2,NaN,NaN,NaN,NaN,0,0
850000.0,22,3,NaN,NaN,NaN,NaN,0,0
850000.0,22,4,NaN,NaN,NaN,NaN,0,0
850000.0,22,5,NaN,NaN,NaN,NaN,0,0
850000.0,22,6,NaN,NaN,NaN,NaN,0,0
850000.0,22,7,NaN,NaN,NaN,NaN,0,0
850000.0,23,0,NaN,NaN,NaN,NaN,0,0
850000.0,23,1,NaN,NaN,NaN,NaN,0,0
850000.0,23,2,NaN,NaN,NaN,NaN,0,0
850000.0,23,3,NaN,NaN,NaN,NaN,0,0
850000.0,23,4,NaN,NaN,NaN,NaN,0,0
850000.0,23,5,NaN,NaN,NaN,NaN,0,0
850000.0,23,6,NaN,NaN,NaN,NaN,0,0
850000.0,23,7,NaN,NaN,NaN,NaN,0,0
850000.0,24,0,NaN,NaN,NaN,NaN,0,0
850000.0,24,1,NaN,NaN,NaN,NaN,0,0
850000.0,24,2,NaN,NaN,NaN,NaN,0,0
850000.0,24,3,NaN,NaN,NaN,NaN,0,0
850000.0,24,4,NaN,NaN,NaN,NaN,0,0
850000.0,24,5,NaN,NaN,NaN,NaN,0,0
850000.0,24,6,NaN,NaN,NaN,NaN,0,0
850000.0,24,7,NaN,NaN,NaN,NaN,0,0
850000.0,25,0,NaN,NaN,NaN,NaN,0,0
850000.0,25,1,NaN,NaN,NaN,NaN,0,0
850000.0,25,2,NaN,NaN,NaN,NaN,0,0
850000.0,25,3,NaN,NaN,NaN,NaN,0,0
850000.0,25,4,NaN,NaN,NaN,NaN,0,0
850000.0,25,5,NaN,NaN,NaN,NaN,0,0
850000.0,25,6,NaN,NaN,NaN,NaN,0,0
850000.0,25,7,NaN,NaN,NaN,NaN,0,0
850000.0,26,0,NaN,NaN,NaN,NaN,0,0
850000.0,26,1,NaN,NaN,NaN,NaN,0,0
850000.0,26,2,NaN,NaN,NaN,NaN,0,0
850000.0,26,3,NaN,NaN,NaN,NaN,0,0
850000.0,26,4,NaN,NaN,NaN,NaN,0,0
850000.0,26,5,NaN,NaN,NaN,NaN,0,0
850000.0,26,6,NaN,NaN,NaN,NaN,0,0
850000.0,26,7,NaN,NaN,NaN,NaN,0,0
850000.0,27,0,NaN,NaN,NaN,NaN,0,0
850000.0,27,1,NaN,NaN,NaN,NaN,0,0
850000.0,27,2,NaN,NaN,NaN,NaN,0,0
850000.0,27,3,NaN,NaN,NaN,NaN,0,0
850000.0,27,4,NaN,NaN,NaN,NaN,0,0
850000.0,27,5,NaN,NaN,NaN,NaN,0,0
850000.0,27,6,NaN,NaN,NaN,NaN,0,0
850000.0,27,7,NaN,NaN,NaN,NaN,0,0
850000.0,28,0,NaN,NaN,NaN,NaN,0,0
850000.0,28,1,NaN,NaN,NaN,NaN,0,0
850000.0,28,2,NaN,NaN,NaN,NaN,0,0
850000.0,28,3,NaN,NaN,NaN,NaN,0,0
850000.0,28,4,NaN,NaN,NaN,NaN,0,0
850000.0,28,5,NaN,NaN,NaN,NaN,0,0
850000.0,28,6,NaN,NaN,NaN,NaN,0,0
850000.0,28,7,NaN,NaN,NaN,NaN,0,0
850000.0,29,0,NaN,NaN,NaN,NaN,0,0
850000.0,29,1,NaN,NaN,NaN,NaN,0,0
850000.0,29,2,NaN,NaN,NaN,NaN,0,0
850000.0,29,3,NaN,NaN,NaN,NaN,0,0
850000.0,29,4,NaN,NaN,NaN,NaN,0,0
850000.0,29,5,NaN,NaN,NaN,NaN,0,0
850000.0,29,6,NaN,NaN,NaN,NaN,0,0
850000.0,29,7,NaN,NaN,NaN,NaN,0,0
850000.0,30,0,NaN,NaN,NaN,NaN,0,0
850000.0,30,1,NaN,NaN,NaN,NaN,0,0
850000.0,30,2,NaN,NaN,NaN,NaN,0,0
850000.0,30,3,NaN,NaN,NaN,NaN,0,0
850000.0,30,4,NaN,NaN,NaN,NaN,0,0
850000.0,30,5,NaN,NaN,NaN,NaN,0,0
850000.0,30,6,NaN,NaN,NaN,NaN,0,0
850000.0,30,7,NaN,NaN,NaN,NaN,0,0
900000.0,0,0,NaN,NaN,NaN,NaN,0,0
900000.0,0,1,NaN,NaN,NaN,NaN,0,0
900000.0,0,2,NaN,NaN,NaN,NaN,0,0
900000.0,0,3,NaN,NaN,NaN,NaN,0,0
900000.0,0,4,NaN,NaN,NaN,NaN,0,0
900000.0,0,5,NaN,NaN,NaN,NaN,0,0
900000.0,0,6,NaN,NaN,NaN,NaN,0,0
900000.0,0,7,NaN,NaN,NaN,NaN,0,0
900000.0,1,0,NaN,NaN,NaN,NaN,0,0
900000.0,1,1,NaN,NaN,NaN,NaN,0,0
900000.0,1,2,NaN,NaN,NaN,NaN,0,0
900000.0,1,3,NaN,NaN,NaN,NaN,0,0
900000.0,1,4,NaN,NaN,NaN,NaN,0,0
900000.0,1,5,NaN,NaN,NaN,NaN,0,0
900000.0,1,6,NaN,NaN,NaN,NaN,0,0
900000.0,1,7,NaN,NaN,NaN,NaN,0,0
900000.0,2,0,NaN,NaN,NaN,NaN,0,0
900000.0,2,1,NaN,NaN,NaN,NaN,0,0
900000.0,2,2,NaN,NaN,NaN,NaN,0,0
900000.0,2,3,NaN,NaN,NaN,NaN,0,0
900000.0,2,4,NaN,NaN,NaN,NaN,0,0
900000.0,2,5,NaN,NaN,NaN,NaN,0,0
900000.0,2,6,NaN,NaN,NaN,NaN,0,0
900000.0,2,7,NaN,NaN,NaN,NaN,0,0
900000.0,3,0,NaN,NaN,NaN,NaN,0,0
900000.0,3,1,NaN,NaN,NaN,NaN,0,0
900000.0,3,2,NaN,NaN,NaN,NaN,0,0
900000.0,3,3,NaN,NaN,NaN,NaN,0,0
900000.0,3,4,NaN,NaN,NaN,NaN,0,0
900000.0,3,5,NaN,NaN,NaN,NaN,0,0
900000.0,3,6,NaN,NaN,NaN,NaN,0,0
900000.0,3,7,NaN,NaN,NaN,NaN,0,0
900000.0,4,0,NaN,NaN,NaN,NaN,0,0
900000.0,4,1,NaN,NaN,NaN,NaN,0,0
900000.0,4,2,NaN,NaN,NaN,NaN,0,0
900000.0,4,3,NaN,NaN,NaN,NaN,0,0
900000.0,4,4,NaN,NaN,NaN,NaN,0,0
900000.0,4,5,NaN,NaN,NaN,NaN,0,0
900000.0,4,6,NaN,NaN,NaN,NaN,0,0
900000.0,4,7,NaN,NaN,NaN,NaN,0,0
900000.0,5,0,NaN,NaN,NaN,NaN,0,0
900000.0,5,1,NaN,NaN,NaN,NaN,0,0
900000.0,5,2,NaN,NaN,NaN,NaN,0,0
900000.0,5,3,NaN,NaN,NaN,NaN,0,0
900000.0,5,4,NaN,NaN,NaN,NaN,0,0
900000.0,5,5,NaN,NaN,NaN,NaN,0,0
900000.0,5,6,NaN,NaN,NaN,NaN,0,0
900000.0,5,7,NaN,NaN,NaN,NaN,0,0
900000.0,6,0,NaN,NaN,NaN,NaN,0,0
900000.0,6,1,NaN,NaN,NaN,NaN,0,0
900000.0,6,2,NaN,NaN,NaN,NaN,0,0
900000.0,6,3,NaN,NaN,NaN,NaN,0,0
900000.0,6,4,NaN,NaN,NaN,NaN,0,0
900000.0,6,5,NaN,NaN,NaN,NaN,0,0
900000.0,6,6,NaN,NaN,NaN,NaN,0,0
900000.0,6,7,NaN,NaN,NaN,NaN,0,0
900000.0,7,0,NaN,NaN,NaN,NaN,0,0
900000.0,7,1,NaN,NaN,NaN,NaN,0,0
900000.0,7,2,NaN,NaN,NaN,NaN,0,0
900000.0,7,3,NaN,NaN,NaN,NaN,0,0
900000.0,7,4,NaN,NaN,NaN,NaN,0,0
900000.0,7,5,NaN,NaN,NaN,NaN,0,0
900000.0,7,6,NaN,NaN,NaN,NaN,0,0
900000.0,7,7,NaN,NaN,NaN,NaN,0,0
900000.0,8,0,NaN,NaN,NaN,NaN,0,0
900000.0,8,1,NaN,NaN,NaN,NaN,0,0
900000.0,8,2,NaN,NaN,NaN,NaN,0,0
900000.0,8,3,NaN,NaN,NaN,NaN,0,0
900000.0,8,4,NaN,NaN,NaN,NaN,0,0
900000.0,8,5,NaN,NaN,NaN,NaN,0,0
900000.0,8,6,NaN,NaN,NaN,NaN,0,0
900000.0,8,7,NaN,NaN,NaN,NaN,0,0
900000.0,9,0,NaN,NaN,NaN,NaN,0,0
900000.0,9,1,NaN,NaN,NaN,NaN,0,0
900000.0,9,2,NaN,NaN,NaN,NaN,0,0
900000.0,9,3,NaN,NaN,NaN,NaN,0,0
900000.0,9,4,NaN,NaN,NaN,NaN,0,0
900000.0,9,5,NaN,NaN,NaN,NaN,0,0
900000.0,9,6,NaN,NaN,NaN,NaN,0,0
900000.0,9,7,NaN,NaN,NaN,NaN,0,0
900000.0,10,0,NaN,NaN,NaN,NaN,0,0
900000.0,10,1,NaN,NaN,NaN,NaN,0,0
900000.0,10,2,NaN,NaN,NaN,NaN,0,0
900000.0,10,3,NaN,NaN,NaN,NaN,0,0
900000.0,10,4,NaN,NaN,NaN,NaN,0,0
900000.0,10,5,NaN,NaN,NaN,NaN,0,0
900000.0,10,6,NaN,NaN,NaN,NaN,0,0
900000.0,10,7,NaN,NaN,NaN,NaN,0,0
900000.0,11,0,NaN,NaN,NaN,NaN,0,0
900000.0,11,1,NaN,NaN,NaN,NaN,0,0
900000.0,11,2,NaN,NaN,NaN,NaN,0,0
900000.0,11,3,NaN,NaN,NaN,NaN,0,0
900000.0,11,4,NaN,NaN,NaN,NaN,0,0
900000.0,11,5,NaN,NaN,NaN,NaN,0,0
900000.0,11,6,NaN,NaN,NaN,NaN,0,0
900000.0,11,7,NaN,NaN,NaN,NaN,0,0
900000.0,12,0,NaN,NaN,NaN,NaN,0,0
900000.0,12,1,NaN,NaN,NaN,NaN,0,0
900000.0,12,2,NaN,NaN,NaN,NaN,0,0
900000.0,12,3,NaN,NaN,NaN,NaN,0,0
900000.0,12,4,NaN,NaN,NaN,NaN,0,0
900000.0,12,5,NaN,NaN,NaN,NaN,0,0
900000.0,12,6,NaN,NaN,NaN,NaN,0,0
900000.0,12,7,NaN,NaN,NaN,NaN,0,0
900000.0,13,0,NaN,NaN,NaN,NaN,0,0
900000.0,13,1,NaN,NaN,NaN,NaN,0,0
900000.0,13,2,NaN,NaN,NaN,NaN,0,0
900000.0,13,3,NaN,NaN,NaN,NaN,0,0
900000.0,13,4,NaN,NaN,NaN,NaN,0,0
900000.0,13,5,NaN,NaN,NaN,NaN,0,0
900000.0,13,6,NaN,NaN,NaN,NaN,0,0
900000.0,13,7,NaN,NaN,NaN,NaN,0,0
900000.0,14,0,NaN,NaN,NaN,NaN,0,0
900000.0,14,1,NaN,NaN,NaN,NaN,0,0
900000.0,14,2,NaN,NaN,NaN,NaN,0,0
900000.0,14,3,NaN,NaN,NaN,NaN,0,0
900000.0,14,4,NaN,NaN,NaN,NaN,0,0
900000.0,14,5,NaN,NaN,NaN,NaN,0,0
900000.0,14,6,NaN,NaN,NaN,NaN,0,0
900000.0,14,7,NaN,NaN,NaN,NaN,0,0
900000.0,15,0,NaN,NaN,NaN,NaN,0,0
900000.0,15,1,NaN,NaN,NaN,NaN,0,0
900000.0,15,2,NaN,NaN,NaN,NaN,0,0
900000.0,15,3,NaN,NaN,NaN,NaN,0,0
900000.0,15,4,NaN,NaN,NaN,NaN,0,0
900000.0,15,5,NaN,NaN,NaN,NaN,0,0
900000.0,15,6,NaN,NaN,NaN,NaN,0,0
900000.0,15,7,NaN,NaN,NaN,NaN,0,0
900000.0,16,0,NaN,NaN,NaN,NaN,0,0
900000.0,16,1,NaN,NaN,NaN,NaN,0,0
900000.0,16,2,NaN,NaN,NaN,NaN,0,0
900000.0,16,3,NaN,NaN,NaN,NaN,0,0
900000.0,16,4,NaN,NaN,NaN,NaN,0,0
900000.0,16,5,NaN,NaN,NaN,NaN,0,0
900000.0,16,6,NaN,NaN,NaN,NaN,0,0
900000.0,16,7,NaN,NaN,NaN,NaN,0,0
900000.0,17,0,NaN,NaN,NaN,NaN,0,0
900000.0,17,1,NaN,NaN,NaN,NaN,0,0
900000.0,17,2,NaN,NaN,NaN,NaN,0,0
900000.0,17,3,NaN,NaN,NaN,NaN,0,0
900000.0,17,4,NaN,NaN,NaN,NaN,0,0
900000.0,17,5,NaN,NaN,NaN,NaN,0,0
900000.0,17,6,NaN,NaN,NaN,NaN,0,0
900000.0,17,7,NaN,NaN,NaN,NaN,0,0
900000.0,18,0,NaN,NaN,NaN,NaN,0,0
900000.0,18,1,NaN,NaN,NaN,NaN,0,0
900000.0,18,2,NaN,NaN,NaN,NaN,0,0
900000.0,18,3,NaN,NaN,NaN,NaN,0,0
900000.0,18,4,NaN,NaN,NaN,NaN,0,0
900000.0,18,5,NaN,NaN,NaN,NaN,0,0
900000.0,18,6,NaN,NaN,NaN,NaN,0,0
900000.0,18,7,NaN,NaN,NaN,NaN,0,0
900000.0,19,0,NaN,NaN,NaN,NaN,0,0
900000.0,19,1,NaN,NaN,NaN,NaN,0,0
900000.0,19,2,NaN,NaN,NaN,NaN,0,0
900000.0,19,3,NaN,NaN,NaN,NaN,0,0
900000.0,19,4,NaN,NaN,NaN,NaN,0,0
900000.0,19,5,NaN,NaN,NaN,NaN,0,0
900000.0,19,6,NaN,NaN,NaN,NaN,0,0
900000.0,19,7,NaN,NaN,NaN,NaN,0,0
900000.0,20,0,NaN,NaN,NaN,NaN,0,0
900000.0,20,1,NaN,NaN,NaN,NaN,0,0
900000.0,20,2,NaN,NaN,NaN,NaN,0,0
900000.0,20,3,NaN,NaN,NaN,NaN,0,0
900000.0,20,4,NaN,NaN,NaN,NaN,0,0
900000.0,20,5,NaN,NaN,NaN,NaN,0,0
900000.0,20,6,NaN,NaN,NaN,NaN,0,0
900000.0,20,7,NaN,NaN,NaN,NaN,0,0
900000.0,21,0,NaN,NaN,NaN,NaN,0,0
900000.0,21,1,NaN,NaN,NaN,NaN,0,0
900000.0,21,2,NaN,NaN,NaN,NaN,0,0
900000.0,21,3,NaN,NaN,NaN,NaN,0,0
900000.0,21,4,NaN,NaN,NaN,NaN,0,0
900000.0,21,5,NaN,NaN,NaN,NaN,0,0
900000.0,21,6,NaN,NaN,NaN,NaN,0,0
900000.0,21,7,NaN,NaN,NaN,NaN,0,0
900000.0,22,0,NaN,NaN,NaN,NaN,0,0
900000.0,22,1,NaN,NaN,NaN,NaN,0,0
900000.0,22,2,NaN,NaN,NaN,NaN,0,0
900000.0,22,3,NaN,NaN,NaN,NaN,0,0
900000.0,22,4,NaN,NaN,NaN,NaN,0,0
900000.0,22,5,NaN,NaN,NaN,NaN,0,0
900000.0,22,6,NaN,NaN,NaN,NaN,0,0
900000.0,22,7,NaN,NaN,NaN,NaN,0,0
900000.0,23,0,NaN,NaN,NaN,NaN,0,0
900000.0,23,1,NaN,NaN,NaN,NaN,0,0
900000.0,23,2,NaN,NaN,NaN,NaN,0,0
900000.0,23,3,NaN,NaN,NaN,NaN,0,0
900000.0,23,4,NaN,NaN,NaN,NaN,0,0
900000.0,23,5,NaN,NaN,NaN,NaN,0,0
900000.0,23,6,NaN,NaN,NaN,NaN,0,0
900000.0,23,7,NaN,NaN,NaN,NaN,0,0
900000.0,24,0,NaN,NaN,NaN,NaN,0,0
900000.0,24,1,NaN,NaN,NaN,NaN,0,0
900000.0,24,2,NaN,NaN,NaN,NaN,0,0
900000.0,24,3,NaN,NaN,NaN,NaN,0,0
900000.0,24,4,NaN,NaN,NaN,NaN,0,0
900000.0,24,5,NaN,NaN,NaN,NaN,0,0
900000.0,24,6,NaN,NaN,NaN,NaN,0,0
900000.0,24,7,NaN,NaN,NaN,NaN,0,0
900000.0,25,0,NaN,NaN,NaN,NaN,0,0
900000.0,25,1,NaN,NaN,NaN,NaN,0,0
900000.0,25,2,NaN,NaN,NaN,NaN,0,0
900000.0,25,3,NaN,NaN,NaN,NaN,0,0
900000.0,25,4,NaN,NaN,NaN,NaN,0,0
900000.0,25,5,NaN,NaN,NaN,NaN,0,0
900000.0,25,6,NaN,NaN,NaN,NaN,0,0
900000.0,25,7,NaN,NaN,NaN,NaN,0,0
900000.0,26,0,NaN,NaN,NaN,NaN,0,0
900000.0,26,1,NaN,NaN,NaN,NaN,0,0
900000.0,26,2,NaN,NaN,NaN,NaN,0,0
900000.0,26,3,NaN,NaN,NaN,NaN,0,0
900000.0,26,4,NaN,NaN,NaN,NaN,0,0
900000.0,26,5,NaN,NaN,NaN,NaN,0,0
900000.0,26,6,NaN,NaN,NaN,NaN,0,0
900000.0,26,7,NaN,NaN,NaN,NaN,0,0
900000.0,27,0,NaN,NaN,NaN,NaN,0,0
900000.0,27,1,NaN,NaN,NaN,NaN,0,0
900000.0,27,2,NaN,NaN,NaN,NaN,0,0
900000.0,27,3,NaN,NaN,NaN,NaN,0,0
900000.0,27,4,NaN,NaN,NaN,NaN,0,0
900000.0,27,5,NaN,NaN,NaN,NaN,0,0
900000.0,27,6,NaN,NaN,NaN,NaN,0,0
900000.0,27,7,NaN,NaN,NaN,NaN,0,0
900000.0,28,0,NaN,NaN,NaN,NaN,0,0
900000.0,28,1,NaN,NaN,NaN,NaN,0,0
900000.0,28,2,NaN,NaN,NaN,NaN,0,0
900000.0,28,3,NaN,NaN,NaN,NaN,0,0
900000.0,28,4,NaN,NaN,NaN,NaN,0,0
900000.0,28,5,NaN,NaN,NaN,NaN,0,0
900000.0,28,6,NaN,NaN,NaN,NaN,0,0
900000.0,28,7,NaN,NaN,NaN,NaN,0,0
900000.0,29,0,NaN,NaN,NaN,NaN,0,0
900000.0,29,1,NaN,NaN,NaN,NaN,0,0
900000.0,29,2,NaN,NaN,NaN,NaN,0,0
900000.0,29,3,NaN,NaN,NaN,NaN,0,0
900000.0,29,4,NaN,NaN,NaN,NaN,0,0
900000.0,29,5,NaN,NaN,NaN,NaN,0,0
900000.0,29,6,NaN,NaN,NaN,NaN,0,0
900000.0,29,7,NaN,NaN,NaN,NaN,0,0
900000.0,30,0,NaN,NaN,NaN,NaN,0,0
900000.0,30,1,NaN,NaN,NaN,NaN,0,0
900000.0,30,2,NaN,NaN,NaN,NaN,0,0
900000.0,30,3,NaN,NaN,NaN,NaN,0,0
900000.0,30,4,NaN,NaN,NaN,NaN,0,0
900000.0,30,5,NaN,NaN,NaN,NaN,0,0
900000.0,30,6,NaN,NaN,NaN,NaN,0,0
900000.0,30,7,NaN,NaN,NaN,NaN,0,0
950000.0,0,0,NaN,NaN,NaN,NaN,0,0
950000.0,0,1,NaN,NaN,NaN,NaN,0,0
950000.0,0,2,NaN,NaN,NaN,NaN,0,0
950000.0,0,3,NaN,NaN,NaN,NaN,0,0
950000.0,0,4,NaN,NaN,NaN,NaN,0,0
950000.0,0,5,NaN,NaN,NaN,NaN,0,0
950000.0,0,6,NaN,NaN,NaN,NaN,0,0
950000.0,0,7,NaN,NaN,NaN,NaN,0,0
950000.0,1,0,NaN,NaN,NaN,NaN,0,0
950000.0,1,1,NaN,NaN,NaN,NaN,0,0
950000.0,1,2,NaN,NaN,NaN,NaN,0,0
950000.0,1,3,NaN,NaN,NaN,NaN,0,0
950000.0,1,4,NaN,NaN,NaN,NaN,0,0
950000.0,1,5,NaN,NaN,NaN,NaN,0,0
950000.0,1,6,NaN,NaN,NaN,NaN,0,0
950000.0,1,7,NaN,NaN,NaN,NaN,0,0
950000.0,2,0,NaN,NaN,NaN,NaN,0,0
950000.0,2,1,NaN,NaN,NaN,NaN,0,0
950000.0,2,2,NaN,NaN,NaN,NaN,0,0
950000.0,2,3,NaN,NaN,NaN,NaN,0,0
950000.0,2,4,NaN,NaN,NaN,NaN,0,0
950000.0,2,5,NaN,NaN,NaN,NaN,0,0
950000.0,2,6,NaN,NaN,NaN,NaN,0,0
950000.0,2,7,NaN,NaN,NaN,NaN,0,0
950000.0,3,0,NaN,NaN,NaN,NaN,0,0
950000.0,3,1,NaN,NaN,NaN,NaN,0,0
950000.0,3,2,NaN,NaN,NaN,NaN,0,0
950000.0,3,3,NaN,NaN,NaN,NaN,0,0
950000.0,3,4,NaN,NaN,NaN,NaN,0,0
950000.0,3,5,NaN,NaN,NaN,NaN,0,0
950000.0,3,6,NaN,NaN,NaN,NaN,0,0
950000.0,3,7,NaN,NaN,NaN,NaN,0,0
950000.0,4,0,NaN,NaN,NaN,NaN,0,0
950000.0,4,1,NaN,NaN,NaN,NaN,0,0
950000.0,4,2,NaN,NaN,NaN,NaN,0,0
950000.0,4,3,NaN,NaN,NaN,NaN,0,0
950000.0,4,4,NaN,NaN,NaN,NaN,0,0
950000.0,4,5,NaN,NaN,NaN,NaN,0,0
950000.0,4,6,NaN,NaN,NaN,NaN,0,0
950000.0,4,7,NaN,NaN,NaN,NaN,0,0
950000.0,5,0,NaN,NaN,NaN,NaN,0,0
950000.0,5,1,NaN,NaN,NaN,NaN,0,0
950000.0,5,2,NaN,NaN,NaN,NaN,0,0
950000.0,5,3,NaN,NaN,NaN,NaN,0,0
950000.0,5,4,NaN,NaN,NaN,NaN,0,0
950000.0,5,5,NaN,NaN,NaN,NaN,0,0
950000.0,5,6,NaN,NaN,NaN,NaN,0,0
950000.0,5,7,NaN,NaN,NaN,NaN,0,0
950000.0,6,0,NaN,NaN,NaN,NaN,0,0
950000.0,6,1,NaN,NaN,NaN,NaN,0,0
950000.0,6,2,NaN,NaN,NaN,NaN,0,0
950000.0,6,3,NaN,NaN,NaN,NaN,0,0
950000.0,6,4,NaN,NaN,NaN,NaN,0,0
950000.0,6,5,NaN,NaN,NaN,NaN,0,0
950000.0,6,6,NaN,NaN,NaN,NaN,0,0
950000.0,6,7,NaN,NaN,NaN,NaN,0,0
950000.0,7,0,NaN,NaN,NaN,NaN,0,0
950000.0,7,1,NaN,NaN,NaN,NaN,0,0
950000.0,7,2,NaN,NaN,NaN,NaN,0,0
950000.0,7,3,NaN,NaN,NaN,NaN,0,0
950000.0,7,4,NaN,NaN,NaN,NaN,0,0
950000.0,7,5,NaN,NaN,NaN,NaN,0,0
950000.0,7,6,NaN,NaN,NaN,NaN,0,0
950000.0,7,7,NaN,NaN,NaN,NaN,0,0
950000.0,8,0,NaN,NaN,NaN,NaN,0,0
950000.0,8,1,NaN,NaN,NaN,NaN,0,0
950000.0,8,2,NaN,NaN,NaN,NaN,0,0
950000.0,8,3,NaN,NaN,NaN,NaN,0,0
950000.0,8,4,NaN,NaN,NaN,NaN,0,0
950000.0,8,5,NaN,NaN,NaN,NaN,0,0
950000.0,8,6,NaN,NaN,NaN,NaN,0,0
950000.0,8,7,NaN,NaN,NaN,NaN,0,0
950000.0,9,0,NaN,NaN,NaN,NaN,0,0
950000.0,9,1,NaN,NaN,NaN,NaN,0,0
950000.0,9,2,NaN,NaN,NaN,NaN,0,0
950000.0,9,3,NaN,NaN,NaN,NaN,0,0
950000.0,9,4,NaN,NaN,NaN,NaN,0,0
950000.0,9,5,NaN,NaN,NaN,NaN,0,0
950000.0,9,6,NaN,NaN,NaN,NaN,0,0
950000.0,9,7,NaN,NaN,NaN,NaN,0,0
950000.0,10,0,NaN,NaN,NaN,NaN,0,0
950000.0,10,1,NaN,NaN,NaN,NaN,0,0
950000.0,10,2,NaN,NaN,NaN,NaN,0,0
950000.0,10,3,NaN,NaN,NaN,NaN,0,0
950000.0,10,4,NaN,NaN,NaN,NaN,0,0
950000.0,10,5,NaN,NaN,NaN,NaN,0,0
950000.0,10,6,NaN,NaN,NaN,NaN,0,0
950000.0,10,7,NaN,NaN,NaN,NaN,0,0
950000.0,11,0,NaN,NaN,NaN,NaN,0,0
950000.0,11,1,NaN,NaN,NaN,NaN,0,0
950000.0,11,2,NaN,NaN,NaN,NaN,0,0
950000.0,11,3,NaN,NaN,NaN,NaN,0,0
950000.0,11,4,NaN,NaN,NaN,NaN,0,0
950000.0,11,5,NaN,NaN,NaN,NaN,0,0
950000.0,11,6,NaN,NaN,NaN,NaN,0,0
950000.0,11,7,NaN,NaN,NaN,NaN,0,0
950000.0,12,0,NaN,NaN,NaN,NaN,0,0
950000.0,12,1,NaN,NaN,NaN,NaN,0,0
950000.0,12,2,NaN,NaN,NaN,NaN,0,0
950000.0,12,3,NaN,NaN,NaN,NaN,0,0
950000.0,12,4,NaN,NaN,NaN,NaN,0,0
950000.0,12,5,NaN,NaN,NaN,NaN,0,0
950000.0,12,6,NaN,NaN,NaN,NaN,0,0
950000.0,12,7,NaN,NaN,NaN,NaN,0,0
950000.0,13,0,NaN,NaN,NaN,NaN,0,0
950000.0,13,1,NaN,NaN,NaN,NaN,0,0
950000.0,13,2,NaN,NaN,NaN,NaN,0,0
950000.0,13,3,NaN,NaN,NaN,NaN,0,0
950000.0,13,4,NaN,NaN,NaN,NaN,0,0
950000.0,13,5,NaN,NaN,NaN,NaN,0,0
950000.0,13,6,NaN,NaN,NaN,NaN,0,0
950000.0,13,7,NaN,NaN,NaN,NaN,0,0
950000.0,14,0,NaN,NaN,NaN,NaN,0,0
950000.0,14,1,NaN,NaN,NaN,NaN,0,0
950000.0,14,2,NaN,NaN,NaN,NaN,0,0
950000.0,14,3,NaN,NaN,NaN,NaN,0,0
950000.0,14,4,NaN,NaN,NaN,NaN,0,0
950000.0,14,5,NaN,NaN,NaN,NaN,0,0
950000.0,14,6,NaN,NaN,NaN,NaN,0,0
950000.0,14,7,NaN,NaN,NaN,NaN,0,0
950000.0,15,0,NaN,NaN,NaN,NaN,0,0
950000.0,15,1,NaN,NaN,NaN,NaN,0,0
950000.0,15,2,NaN,NaN,NaN,NaN,0,0
950000.0,15,3,NaN,NaN,NaN,NaN,0,0
950000.0,15,4,NaN,NaN,NaN,NaN,0,0
950000.0,15,5,NaN,NaN,NaN,NaN,0,0
950000.0,15,6,NaN,NaN,NaN,NaN,0,0
950000.0,15,7,NaN,NaN,NaN,NaN,0,0
950000.0,16,0,NaN,NaN,NaN,NaN,0,0
950000.0,16,1,NaN,NaN,NaN,NaN,0,0
950000.0,16,2,NaN,NaN,NaN,NaN,0,0
950000.0,16,3,NaN,NaN,NaN,NaN,0,0
950000.0,16,4,NaN,NaN,NaN,NaN,0,0
950000.0,16,5,NaN,NaN,NaN,NaN,0,0
950000.0,16,6,NaN,NaN,NaN,NaN,0,0
950000.0,16,7,NaN,NaN,NaN,NaN,0,0
950000.0,17,0,NaN,NaN,NaN,NaN,0,0
950000.0,17,1,NaN,NaN,NaN,NaN,0,0
950000.0,17,2,NaN,NaN,NaN,NaN,0,0
950000.0,17,3,NaN,NaN,NaN,NaN,0,0
950000.0,17,4,NaN,NaN,NaN,NaN,0,0
950000.0,17,5,NaN,NaN,NaN,NaN,0,0
950000.0,17,6,NaN,NaN,NaN,NaN,0,0
950000.0,17,7,NaN,NaN,NaN,NaN,0,0
950000.0,18,0,NaN,NaN,NaN,NaN,0,0
950000.0,18,1,NaN,NaN,NaN,NaN,0,0
950000.0,18,2,NaN,NaN,NaN,NaN,0,0
950000.0,18,3,NaN,NaN,NaN,NaN,0,0
950000.0,18,4,NaN,NaN,NaN,NaN,0,0
950000.0,18,5,NaN,NaN,NaN,NaN,0,0
950000.0,18,6,NaN,NaN,NaN,NaN,0,0
950000.0,18,7,NaN,NaN,NaN,NaN,0,0
950000.0,19,0,NaN,NaN,NaN,NaN,0,0
950000.0,19,1,NaN,NaN,NaN,NaN,0,0
950000.0,19,2,NaN,NaN,NaN,NaN,0,0
950000.0,19,3,NaN,NaN,NaN,NaN,0,0
950000.0,19,4,NaN,NaN,NaN,NaN,0,0
950000.0,19,5,NaN,NaN,NaN,NaN,0,0
950000.0,19,6,NaN,NaN,NaN,NaN,0,0
950000.0,19,7,NaN,NaN,NaN,NaN,0,0
950000.0,20,0,NaN,NaN,NaN,NaN,0,0
950000.0,20,1,NaN,NaN,NaN,NaN,0,0
950000.0,20,2,NaN,NaN,NaN,NaN,0,0
950000.0,20,3,NaN,NaN,NaN,NaN,0,0
950000.0,20,4,NaN,NaN,NaN,NaN,0,0
950000.0,20,5,NaN,NaN,NaN,NaN,0,0
950000.0,20,6,NaN,NaN,NaN,NaN,0,0
950000.0,20,7,NaN,NaN,NaN,NaN,0,0
950000.0,21,0,NaN,NaN,NaN,NaN,0,0
950000.0,21,1,NaN,NaN,NaN,NaN,0,0
950000.0,21,2,NaN,NaN,NaN,NaN,0,0
950000.0,21,3,NaN,NaN,NaN,NaN,0,0
950000.0,21,4,NaN,NaN,NaN,NaN,0,0
950000.0,21,5,NaN,NaN,NaN,NaN,0,0
950000.0,21,6,NaN,NaN,NaN,NaN,0,0
950000.0,21,7,NaN,NaN,NaN,NaN,0,0
950000.0,22,0,NaN,NaN,NaN,NaN,0,0
950000.0,22,1,NaN,NaN,NaN,NaN,0,0
950000.0,22,2,NaN,NaN,NaN,NaN,0,0
950000.0,22,3,NaN,NaN,NaN,NaN,0,0
950000.0,22,4,NaN,NaN,NaN,NaN,0,0
950000.0,22,5,NaN,NaN,NaN,NaN,0,0
950000.0,22,6,NaN,NaN,NaN,NaN,0,0
950000.0,22,7,NaN,NaN,NaN,NaN,0,0
950000.0,23,0,NaN,NaN,NaN,NaN,0,0
950000.0,23,1,NaN,NaN,NaN,NaN,0,0
950000.0,23,2,NaN,NaN,NaN,NaN,0,0
950000.0,23,3,NaN,NaN,NaN,NaN,0,0
950000.0,23,4,NaN,NaN,NaN,NaN,0,0
950000.0,23,5,NaN,NaN,NaN,NaN,0,0
950000.0,23,6,NaN,NaN,NaN,NaN,0,0
950000.0,23,7,NaN,NaN,NaN,NaN,0,0
950000.0,24,0,NaN,NaN,NaN,NaN,0,0
950000.0,24,1,NaN,NaN,NaN,NaN,0,0
950000.0,24,2,NaN,NaN,NaN,NaN,0,0
950000.0,24,3,NaN,NaN,NaN,NaN,0,0
950000.0,24,4,NaN,NaN,NaN,NaN,0,0
950000.0,24,5,NaN,NaN,NaN,NaN,0,0
950000.0,24,6,NaN,NaN,NaN,NaN,0,0
950000.0,24,7,NaN,NaN,NaN,NaN,0,0
950000.0,25,0,NaN,NaN,NaN,NaN,0,0
950000.0,25,1,NaN,NaN,NaN,NaN,0,0
950000.0,25,2,NaN,NaN,NaN,NaN,0,0
950000.0,25,3,NaN,NaN,NaN,NaN,0,0
950000.0,25,4,NaN,NaN,NaN,NaN,0,0
950000.0,25,5,NaN,NaN,NaN,NaN,0,0
950000.0,25,6,NaN,NaN,NaN,NaN,0,0
950000.0,25,7,NaN,NaN,NaN,NaN,0,0
950000.0,26,0,NaN,NaN,NaN,NaN,0,0
950000.0,26,1,NaN,NaN,NaN,NaN,0,0
950000.0,26,2,NaN,NaN,NaN,NaN,0,0
950000.0,26,3,NaN,NaN,NaN,NaN,0,0
950000.0,26,4,NaN,NaN,NaN,NaN,0,0
950000.0,26,5,NaN,NaN,NaN,NaN,0,0
950000.0,26,6,NaN,NaN,NaN,NaN,0,0
950000.0,26,7,NaN,NaN,NaN,NaN,0,0
950000.0,27,0,NaN,NaN,NaN,NaN,0,0
950000.0,27,1,NaN,NaN,NaN,NaN,0,0
950000.0,27,2,NaN,NaN,NaN,NaN,0,0
950000.0,27,3,NaN,NaN,NaN,NaN,0,0
950000.0,27,4,NaN,NaN,NaN,NaN,0,0
950000.0,27,5,NaN,NaN,NaN,NaN,0,0
950000.0,27,6,NaN,NaN,NaN,NaN,0,0
950000.0,27,7,NaN,NaN,NaN,NaN,0,0
950000.0,28,0,NaN,NaN,NaN,NaN,0,0
950000.0,28,1,NaN,NaN,NaN,NaN,0,0
950000.0,28,2,NaN,NaN,NaN,NaN,0,0
950000.0,28,3,NaN,NaN,NaN,NaN,0,0
950000.0,28,4,NaN,NaN,NaN,NaN,0,0
950000.0,28,5,NaN,NaN,NaN,NaN,0,0
950000.0,28,6,NaN,NaN,NaN,NaN,0,0
950000.0,28,7,NaN,NaN,NaN,NaN,0,0
950000.0,29,0,NaN,NaN,NaN,NaN,0,0
950000.0,29,1,NaN,NaN,NaN,NaN,0,0
950000.0,29,2,NaN,NaN,NaN,NaN,0,0
950000.0,29,3,NaN,NaN,NaN,NaN,0,0
950000.0,29,4,NaN,NaN,NaN,NaN,0,0
950000.0,29,5,NaN,NaN,NaN,NaN,0,0
950000.0,29,6,NaN,NaN,NaN,NaN,0,0
950000.0,29,7,NaN,NaN,NaN,NaN,0,0
950000.0,30,0,NaN,NaN,NaN,NaN,0,0
950000.0,30,1,NaN,NaN,NaN,NaN,0,0
950000.0,30,2,NaN,NaN,NaN,NaN,0,0
950000.0,30,3,NaN,NaN,NaN,NaN,0,0
950000.0,30,4,NaN,NaN,NaN,NaN,0,0
950000.0,30,5,NaN,NaN,NaN,NaN,0,0
950000.0,30,6,NaN,NaN,NaN,NaN,0,0
950000.0,30,7,NaN,NaN,NaN,NaN,0,0
1000000.0,0,0,NaN,NaN,NaN,NaN,0,0
1000000.0,0,1,NaN,NaN,NaN,NaN,0,0
1000000.0,0,2,NaN,NaN,NaN,NaN,0,0
1000000.0,0,3,NaN,NaN,NaN,NaN,0,0
1000000.0,0,4,NaN,NaN,NaN,NaN,0,0
1000000.0,0,5,NaN,NaN,NaN,NaN,0,0
1000000.0,0,6,NaN,NaN,NaN,NaN,0,0
1000000.0,0,7,NaN,NaN,NaN,NaN,0,0
1000000.0,1,0,NaN,NaN,NaN,NaN,0,0
1000000.0,1,1,NaN,NaN,NaN,NaN,0,0
1000000.0,1,2,NaN,NaN,NaN,NaN,0,0
1000000.0,1,3,NaN,NaN,NaN,NaN,0,0
1000000.0,1,4,NaN,NaN,NaN,NaN,0,0
1000000.0,1,5,NaN,NaN,NaN,NaN,0,0
1000000.0,1,6,NaN,NaN,NaN,NaN,0,0
1000000.0,1,7,NaN,NaN,NaN,NaN,0,0
1000000.0,2,0,NaN,NaN,NaN,NaN,0,0
1000000.0,2,1,NaN,NaN,NaN,NaN,0,0
1000000.0,2,2,NaN,NaN,NaN,NaN,0,0
1000000.0,2,3,NaN,NaN,NaN,NaN,0,0
1000000.0,2,4,NaN,NaN,NaN,NaN,0,0
1000000.0,2,5,NaN,NaN,NaN,NaN,0,0
1000000.0,2,6,NaN,NaN,NaN,NaN,0,0
1000000.0,2,7,NaN,NaN,NaN,NaN,0,0
1000000.0,3,0,NaN,NaN,NaN,NaN,0,0
1000000.0,3,1,NaN,NaN,NaN,NaN,0,0
1000000.0,3,2,NaN,NaN,NaN,NaN,0,0
1000000.0,3,3,NaN,NaN,NaN,NaN,0,0
1000000.0,3,4,NaN,NaN,NaN,NaN,0,0
1000000.0,3,5,NaN,NaN,NaN,NaN,0,0
1000000.0,3,6,NaN,NaN,NaN,NaN,0,0
1000000.0,3,7,NaN,NaN,NaN,NaN,0,0
1000000.0,4,0,NaN,NaN,NaN,NaN,0,0
1000000.0,4,1,NaN,NaN,NaN,NaN,0,0
1000000.0,4,2,NaN,NaN,NaN,NaN,0,0
1000000.0,4,3,NaN,NaN,NaN,NaN,0,0
1000000.0,4,4,NaN,NaN,NaN,NaN,0,0
1000000.0,4,5,NaN,NaN,NaN,NaN,0,0
1000000.0,4,6,NaN,NaN,NaN,NaN,0,0
1000000.0,4,7,NaN,NaN,NaN,NaN,0,0
1000000.0,5,0,NaN,NaN,NaN,NaN,0,0
1000000.0,5,1,NaN,NaN,NaN,NaN,0,0
1000000.0,5,2,NaN,NaN,NaN,NaN,0,0
1000000.0,5,3,NaN,NaN,NaN,NaN,0,0
1000000.0,5,4,NaN,NaN,NaN,NaN,0,0
1000000.0,5,5,NaN,NaN,NaN,NaN,0,0
1000000.0,5,6,NaN,NaN,NaN,NaN,0,0
1000000.0,5,7,NaN,NaN,NaN,NaN,0,0
1000000.0,6,0,NaN,NaN,NaN,NaN,0,0
1000000.0,6,1,NaN,NaN,NaN,NaN,0,0
1000000.0,6,2,NaN,NaN,NaN,NaN,0,0
1000000.0,6,3,NaN,NaN,NaN,NaN,0,0
1000000.0,6,4,NaN,NaN,NaN,NaN,0,0
1000000.0,6,5,NaN,NaN,NaN,NaN,0,0
1000000.0,6,6,NaN,NaN,NaN,NaN,0,0
1000000.0,6,7,NaN,NaN,NaN,NaN,0,0
1000000.0,7,0,NaN,NaN,NaN,NaN,0,0
1000000.0,7,1,NaN,NaN,NaN,NaN,0,0
1000000.0,7,2,NaN,NaN,NaN,NaN,0,0
1000000.0,7,3,NaN,NaN,NaN,NaN,0,0
1000000.0,7,4,NaN,NaN,NaN,NaN,0,0
1000000.0,7,5,NaN,NaN,NaN,NaN,0,0
1000000.0,7,6,NaN,NaN,NaN,NaN,0,0
1000000.0,7,7,NaN,NaN,NaN,NaN,0,0
1000000.0,8,0,NaN,NaN,NaN,NaN,0,0
1000000.0,8,1,NaN,NaN,NaN,NaN,0,0
1000000.0,8,2,NaN,NaN,NaN,NaN,0,0
1000000.0,8,3,NaN,NaN,NaN,NaN,0,0
1000000.0,8,4,NaN,NaN,NaN,NaN,0,0
1000000.0,8,5,NaN,NaN,NaN,NaN,0,0
1000000.0,8,6,NaN,NaN,NaN,NaN,0,0
1000000.0,8,7,NaN,NaN,NaN,NaN,0,0
1000000.0,9,0,NaN,NaN,NaN,NaN,0,0
1000000.0,9,1,NaN,NaN,NaN,NaN,0,0
1000000.0,9,2,NaN,NaN,NaN,NaN,0,0
1000000.0,9,3,NaN,NaN,NaN,NaN,0,0
1000000.0,9,4,NaN,NaN,NaN,NaN,0,0
1000000.0,9,5,NaN,NaN,NaN,NaN,0,0
1000000.0,9,6,NaN,NaN,NaN,NaN,0,0
1000000.0,9,7,NaN,NaN,NaN,NaN,0,0
1000000.0,10,0,NaN,NaN,NaN,NaN,0,0
1000000.0,10,1,NaN,NaN,NaN,NaN,0,0
1000000.0,10,2,NaN,NaN,NaN,NaN,0,0
1000000.0,10,3,NaN,NaN,NaN,NaN,0,0
1000000.0,10,4,NaN,NaN,NaN,NaN,0,0
1000000.0,10,5,NaN,NaN,NaN,NaN,0,0
1000000.0,10,6,NaN,NaN,NaN,NaN,0,0
1000000.0,10,7,NaN,NaN,NaN,NaN,0,0
1000000.0,11,0,NaN,NaN,NaN,NaN,0,0
1000000.0,11,1,NaN,NaN,NaN,NaN,0,0
1000000.0,11,2,NaN,NaN,NaN,NaN,0,0
1000000.0,11,3,NaN,NaN,NaN,NaN,0,0
1000000.0,11,4,NaN,NaN,NaN,NaN,0,0
1000000.0,11,5,NaN,NaN,NaN,NaN,0,0
1000000.0,11,6,NaN,NaN,NaN,NaN,0,0
1000000.0,11,7,NaN,NaN,NaN,NaN,0,0
1000000.0,12,0,NaN,NaN,NaN,NaN,0,0
1000000.0,12,1,NaN,NaN,NaN,NaN,0,0
1000000.0,12,2,NaN,NaN,NaN,NaN,0,0
1000000.0,12,3,NaN,NaN,NaN,NaN,0,0
1000000.0,12,4,NaN,NaN,NaN,NaN,0,0
1000000.0,12,5,NaN,NaN,NaN,NaN,0,0
1000000.0,12,6,NaN,NaN,NaN,NaN,0,0
1000000.0,12,7,NaN,NaN,NaN,NaN,0,0
1000000.0,13,0,NaN,NaN,NaN,NaN,0,0
1000000.0,13,1,NaN,NaN,NaN,NaN,0,0
1000000.0,13,2,NaN,NaN,NaN,NaN,0,0
1000000.0,13,3,NaN,NaN,NaN,NaN,0,0
1000000.0,13,4,NaN,NaN,NaN,NaN,0,0
1000000.0,13,5,NaN,NaN,NaN,NaN,0,0
1000000.0,13,6,NaN,NaN,NaN,NaN,0,0
1000000.0,13,7,NaN,NaN,NaN,NaN,0,0
1000000.0,14,0,NaN,NaN,NaN,NaN,0,0
1000000.0,14,1,NaN,NaN,NaN,NaN,0,0
1000000.0,14,2,NaN,NaN,NaN,NaN,0,0
1000000.0,14,3,NaN,NaN,NaN,NaN,0,0
1000000.0,14,4,NaN,NaN,NaN,NaN,0,0
1000000.0,14,5,NaN,NaN,NaN,NaN,0,0
1000000.0,14,6,NaN,NaN,NaN,NaN,0,0
1000000.0,14,7,NaN,NaN,NaN,NaN,0,0
1000000.0,15,0,NaN,NaN,NaN,NaN,0,0
1000000.0,15,1,NaN,NaN,NaN,NaN,0,0
1000000.0,15,2,NaN,NaN,NaN,NaN,0,0
1000000.0,15,3,NaN,NaN,NaN,NaN,0,0
1000000.0,15,4,NaN,NaN,NaN,NaN,0,0
1000000.0,15,5,NaN,NaN,NaN,NaN,0,0
1000000.0,15,6,NaN,NaN,NaN,NaN,0,0
1000000.0,15,7,NaN,NaN,NaN,NaN,0,0
1000000.0,16,0,NaN,NaN,NaN,NaN,0,0
1000000.0,16,1,NaN,NaN,NaN,NaN,0,0
1000000.0,16,2,NaN,NaN,NaN,NaN,0,0
1000000.0,16,3,NaN,NaN,NaN,NaN,0,0
1000000.0,16,4,NaN,NaN,NaN,NaN,0,0
1000000.0,16,5,NaN,NaN,NaN,NaN,0,0
1000000.0,16,6,NaN,NaN,NaN,NaN,0,0
1000000.0,16,7,NaN,NaN,NaN,NaN,0,0
1000000.0,17,0,NaN,NaN,NaN,NaN,0,0
1000000.0,17,1,NaN,NaN,NaN,NaN,0,0
1000000.0,17,2,NaN,NaN,NaN,NaN,0,0
1000000.0,17,3,NaN,NaN,NaN,NaN,0,0
1000000.0,17,4,NaN,NaN,NaN,NaN,0,0
1000000.0,17,5,NaN,NaN,NaN,NaN,0,0
1000000.0,17,6,NaN,NaN,NaN,NaN,0,0
1000000.0,17,7,NaN,NaN,NaN,NaN,0,0
1000000.0,18,0,NaN,NaN,NaN,NaN,0,0
1000000.0,18,1,NaN,NaN,NaN,NaN,0,0
1000000.0,18,2,NaN,NaN,NaN,NaN,0,0
1000000.0,18,3,NaN,NaN,NaN,NaN,0,0
1000000.0,18,4,NaN,NaN,NaN,NaN,0,0
1000000.0,18,5,NaN,NaN,NaN,NaN,0,0
1000000.0,18,6,NaN,NaN,NaN,NaN,0,0
1000000.0,18,7,NaN,NaN,NaN,NaN,0,0
1000000.0,19,0,NaN,NaN,NaN,NaN,0,0
1000000.0,19,1,NaN,NaN,NaN,NaN,0,0
1000000.0,19,2,NaN,NaN,NaN,NaN,0,0
1000000.0,19,3,NaN,NaN,NaN,NaN,0,0
1000000.0,19,4,NaN,NaN,NaN,NaN,0,0
1000000.0,19,5,NaN,NaN,NaN,NaN,0,0
1000000.0,19,6,NaN,NaN,NaN,NaN,0,0
1000000.0,19,7,NaN,NaN,NaN,NaN,0,0
1000000.0,20,0,NaN,NaN,NaN,NaN,0,0
1000000.0,20,1,NaN,NaN,NaN,NaN,0,0
1000000.0,20,2,NaN,NaN,NaN,NaN,0,0
1000000.0,20,3,NaN,NaN,NaN,NaN,0,0
1000000.0,20,4,NaN,NaN,NaN,NaN,0,0
1000000.0,20,5,NaN,NaN,NaN,NaN,0,0
1000000.0,20,6,NaN,NaN,NaN,NaN,0,0
1000000.0,20,7,NaN,NaN,NaN,NaN,0,0
1000000.0,21,0,NaN,NaN,NaN,NaN,0,0
1000000.0,21,1,NaN,NaN,NaN,NaN,0,0
1000000.0,21,2,NaN,NaN,NaN,NaN,0,0
1000000.0,21,3,NaN,NaN,NaN,NaN,0,0
1000000.0,21,4,NaN,NaN,NaN,NaN,0,0
1000000.0,21,5,NaN,NaN,NaN,NaN,0,0
1000000.0,21,6,NaN,NaN,NaN,NaN,0,0
1000000.0,21,7,NaN,NaN,NaN,NaN,0,0
1000000.0,22,0,NaN,NaN,NaN,NaN,0,0
1000000.0,22,1,NaN,NaN,NaN,NaN,0,0
1000000.0,22,2,NaN,NaN,NaN,NaN,0,0
1000000.0,22,3,NaN,NaN,NaN,NaN,0,0
1000000.0,22,4,NaN,NaN,NaN,NaN,0,0
1000000.0,22,5,NaN,NaN,NaN,NaN,0,0
1000000.0,22,6,NaN,NaN,NaN,NaN,0,0
1000000.0,22,7,NaN,NaN,NaN,NaN,0,0
1000000.0,23,0,NaN,NaN,NaN,NaN,0,0
1000000.0,23,1,NaN,NaN,NaN,NaN,0,0
1000000.0,23,2,NaN,NaN,NaN,NaN,0,0
1000000.0,23,3,NaN,NaN,NaN,NaN,0,0
1000000.0,23,4,NaN,NaN,NaN,NaN,0,0
1000000.0,23,5,NaN,NaN,NaN,NaN,0,0
1000000.0,23,6,NaN,NaN,NaN,NaN,0,0
1000000.0,23,7,NaN,NaN,NaN,NaN,0,0
1000000.0,24,0,NaN,NaN,NaN,NaN,0,0
1000000.0,24,1,NaN,NaN,NaN,NaN,0,0
1000000.0,24,2,NaN,NaN,NaN,NaN,0,0
1000000.0,24,3,NaN,NaN,NaN,NaN,0,0
1000000.0,24,4,NaN,NaN,NaN,NaN,0,0
1000000.0,24,5,NaN,NaN,NaN,NaN,0,0
1000000.0,24,6,NaN,NaN,NaN,NaN,0,0
1000000.0,24,7,NaN,NaN,NaN,NaN,0,0
1000000.0,25,0,NaN,NaN,NaN,NaN,0,0
1000000.0,25,1,NaN,NaN,NaN,NaN,0,0
1000000.0,25,2,NaN,NaN,NaN,NaN,0,0
1000000.0,25,3,NaN,NaN,NaN,NaN,0,0
1000000.0,25,4,NaN,NaN,NaN,NaN,0,0
1000000.0,25,5,NaN,NaN,NaN,NaN,0,0
1000000.0,25,6,NaN,NaN,NaN,NaN,0,0
1000000.0,25,7,NaN,NaN,NaN,NaN,0,0
1000000.0,26,0,NaN,NaN,NaN,NaN,0,0
1000000.0,26,1,NaN,NaN,NaN,NaN,0,0
1000000.0,26,2,NaN,NaN,NaN,NaN,0,0
1000000.0,26,3,NaN,NaN,NaN,NaN,0,0
1000000.0,26,4,NaN,NaN,NaN,NaN,0,0
1000000.0,26,5,NaN,NaN,NaN,NaN,0,0
1000000.0,26,6,NaN,NaN,NaN,NaN,0,0
1000000.0,26,7,NaN,NaN,NaN,NaN,0,0
1000000.0,27,0,NaN,NaN,NaN,NaN,0,0
1000000.0,27,1,NaN,NaN,NaN,NaN,0,0
1000000.0,27,2,NaN,NaN,NaN,NaN,0,0
1000000.0,27,3,NaN,NaN,NaN,NaN,0,0
1000000.0,27,4,NaN,NaN,NaN,NaN,0,0
1000000.0,27,5,NaN,NaN,NaN,NaN,0,0
1000000.0,27,6,NaN,NaN,NaN,NaN,0,0
1000000.0,27,7,NaN,NaN,NaN,NaN,0,0
1000000.0,28,0,NaN,NaN,NaN,NaN,0,0
1000000.0,28,1,NaN,NaN,NaN,NaN,0,0
1000000.0,28,2,NaN,NaN,NaN,NaN,0,0
1000000.0,28,3,NaN,NaN,NaN,NaN,0,0
1000000.0,28,4,NaN,NaN,NaN,NaN,0,0
1000000.0,28,5,NaN,NaN,NaN,NaN,0,0
1000000.0,28,6,NaN,NaN,NaN,NaN,0,0
1000000.0,28,7,NaN,NaN,NaN,NaN,0,0
1000000.0,29,0,NaN,NaN,NaN,NaN,0,0
1000000.0,29,1,NaN,NaN,NaN,NaN,0,0
1000000.0,29,2,NaN,NaN,NaN,NaN,0,0
1000000.0,29,3,NaN,NaN,NaN,NaN,0,0
1000000.0,29,4,NaN,NaN,NaN,NaN,0,0
1000000.0,29,5,NaN,NaN,NaN,NaN,0,0
1000000.0,29,6,NaN,NaN,NaN,NaN,0,0
1000000.0,29,7,NaN,NaN,NaN,NaN,0,0
1000000.0,30,0,NaN,NaN,NaN,NaN,0,0
1000000.0,30,1,NaN,NaN,NaN,NaN,0,0
1000000.0,30,2,NaN,NaN,NaN,NaN,0,0
1000000.0,30,3,NaN,NaN,NaN,NaN,0,0
1000000.0,30,4,NaN,NaN,NaN,NaN,0,0
1000000.0,30,5,NaN,NaN,NaN,NaN,0,0
1000000.0,30,6,NaN,NaN,NaN,NaN,0,0
1000000.0,30,7,NaN,NaN,NaN,NaN,0,0
