omega_rad_s,hat_omega,sigma_rel
-0.0005,-5.0,3.5891693249477537e-07
-0.0004994993867334168,-4.994993867334168,3.534703623023281e-07
-0.0004989987734668335,-4.989987734668335,3.480280140819428e-07
-0.0004984981602002503,-4.984981602002502,3.4258990287370513e-07
-0.0004979975469336671,-4.9799754693366705,3.3715604371508584e-07
-0.0004974969336670839,-4.9749693366708385,3.317264516634714e-07
-0.0004969963204005006,-4.969963204005006,3.2630114180620025e-07
-0.0004964957071339174,-4.964957071339174,3.2088012922728e-07
-0.0004959950938673342,-4.959950938673342,3.1546342903989757e-07
-0.0004954944806007509,-4.954944806007509,3.100510563802868e-07
-0.0004949938673341677,-4.949938673341677,3.0464302640568275e-07
-0.0004944932540675845,-4.944932540675845,2.9923935428565795e-07
-0.0004939926408010013,-4.939926408010013,2.9384005523262656e-07
-0.000493492027534418,-4.934920275344179,2.884451444754463e-07
-0.0004929914142678348,-4.9299141426783475,2.8305463727065654e-07
-0.0004924908010012516,-4.9249080100125155,2.776685489074252e-07
-0.0004919901877346684,-4.919901877346684,2.7228689470623036e-07
-0.0004914895744680851,-4.914895744680851,2.669096900170611e-07
-0.0004909889612015019,-4.909889612015019,2.61536950225986e-07
-0.0004904883479349187,-4.904883479349187,2.5616869075769973e-07
-0.0004899877346683354,-4.899877346683354,2.5080492706961295e-07
-0.0004894871214017522,-4.894871214017521,2.4544567465929984e-07
-0.000488986508135169,-4.889865081351689,2.4009094907425814e-07
-0.0004884858948685858,-4.884858948685857,2.3474076588730266e-07
-0.00048798528160200254,-4.879852816020025,2.2939514073548006e-07
-0.0004874846683354193,-4.874846683354193,2.240540892831211e-07
-0.00048698405506883603,-4.86984055068836,2.1871762725393241e-07
-0.00048648344180225283,-4.864834418022528,2.133857704168921e-07
-0.0004859828285356696,-4.859828285356696,2.0805853459571735e-07
-0.0004854822152690864,-4.854822152690864,2.027359356604809e-07
-0.00048498160200250313,-4.849816020025031,1.9741798954496804e-07
-0.00048448098873591993,-4.844809887359199,1.92104712232471e-07
-0.0004839803754693367,-4.839803754693366,1.8679611976601058e-07
-0.0004834797622027535,-4.834797622027534,1.8149222825392248e-07
-0.0004829791489361702,-4.829791489361702,1.7619305386042266e-07
-0.00048247853566958697,-4.82478535669587,1.708986128190496e-07
-0.0004819779224030038,-4.819779224030038,1.6560892142323924e-07
-0.0004814773091364205,-4.814773091364205,1.6032399604772772e-07
-0.0004809766958698373,-4.809766958698373,1.550438531212843e-07
-0.00048047608260325407,-4.80476082603254,1.4976850915496112e-07
-0.00047997546933667087,-4.799754693366708,1.4449798073547138e-07
-0.0004794748560700876,-4.794748560700876,1.392322845161738e-07
-0.00047897424280350437,-4.789742428035043,1.3397143724209964e-07
-0.00047847362953692117,-4.784736295369211,1.2871545572592323e-07
-0.0004779730162703379,-4.779730162703379,1.2346435688120881e-07
-0.0004774724030037547,-4.774724030037547,1.182181576876829e-07
-0.00047697178973717146,-4.769717897371715,1.1297687522396078e-07
-0.00047647117647058826,-4.764711764705883,1.0774052665331645e-07
-0.000475970563204005,-4.75970563204005,1.0250912923867514e-07
-0.0004754699499374218,-4.754699499374218,9.728270033185358e-08
-0.00047496933667083856,-4.749693366708385,9.206125738012185e-08
-0.0004744687234042553,-4.744687234042553,8.684481793319954e-08
-0.0004739681101376721,-4.739681101376721,8.163339964753257e-08
-0.00047346749687108885,-4.734674968710888,7.642702028147336e-08
-0.00047296688360450566,-4.7296688360450565,7.122569768798342e-08
-0.0004724662703379224,-4.724662703379224,6.602944985333019e-08
-0.0004719656570713392,-4.719656570713392,6.083829485786127e-08
-0.00047146504380475595,-4.714650438047559,5.5652250912659155e-08
-0.00047096443053817275,-4.709644305381727,5.0471336325376315e-08
-0.0004704638172715895,-4.704638172715895,4.529556954358155e-08
-0.00046996320400500625,-4.699632040050062,4.0124969132637025e-08
-0.00046946259073842305,-4.69462590738423,3.495955379008565e-08
-0.0004689619774718398,-4.689619774718397,2.979934233037544e-08
-0.0004684613642052566,-4.6846136420525655,2.464435371610797e-08
-0.00046796075093867334,-4.6796075093867335,1.9494607030266496e-08
-0.00046746013767209015,-4.674601376720902,1.435012150525378e-08
-0.0004669595244055069,-4.669595244055069,9.210916516366348e-09
-0.00046645891113892364,-4.664589111389236,4.077011586590257e-09
-0.00046595829787234044,-4.659582978723404,1.051573626128925e-09
-0.0004654576846057572,-4.654576846057572,6.174819294572273e-09
-0.000464957071339174,-4.64957071339174,1.1292705444984596e-08
-0.00046445645807259074,-4.644564580725907,1.640521194740037e-08
-0.00046395584480600754,-4.639558448060075,2.1512318497441476e-08
-0.0004634552315394243,-4.6345523153942425,2.6614004629932067e-08
-0.00046295461827284103,-4.62954618272841,3.171024971752643e-08
-0.00046245400500625783,-4.624540050062578,3.680103294051836e-08
-0.0004619533917396746,-4.619533917396746,4.1886333322788387e-08
-0.0004614527784730914,-4.614527784730914,4.696612968107957e-08
-0.00046095216520650813,-4.609521652065081,5.2040400669804065e-08
-0.00046045155193992493,-4.604515519399249,5.7109124735494635e-08
-0.0004599509386733417,-4.599509386733416,6.217228014825457e-08
-0.0004594503254067585,-4.594503254067584,6.722984495831259e-08
-0.0004589497121401752,-4.589497121401752,7.228179702601718e-08
-0.000458449098873592,-4.58449098873592,7.732811400261042e-08
-0.0004579484856070088,-4.579484856070088,8.236877332555069e-08
-0.0004574478723404255,-4.574478723404255,8.740375221479781e-08
-0.0004569472590738423,-4.569472590738423,9.24330276628242e-08
-0.00045644664580725907,-4.564466458072591,9.745657645287077e-08
-0.00045594603254067587,-4.559460325406758,1.0247437511974744e-07
-0.0004554454192740926,-4.554454192740926,1.0748639996607287e-07
-0.0004549448060075094,-4.549448060075094,1.1249262705943775e-07
-0.00045444419274092617,-4.544441927409261,1.1749303220915389e-07
-0.0004539435794743429,-4.5394357947434285,1.224875909816049e-07
-0.0004534429662077597,-4.534429662077597,1.274762786762145e-07
-0.00045294235294117646,-4.529423529411765,1.3245907034248702e-07
-0.00045244173967459326,-4.524417396745933,1.3743594074100783e-07
-0.00045194112640801,-4.5194112640801,1.42406864380717e-07
-0.0004514405131414268,-4.514405131414268,1.4737181546316206e-07
-0.00045093989987484356,-4.509398998748435,1.523307679220362e-07
-0.0004504392866082603,-4.504392866082603,1.572836953951234e-07
-0.0004499386733416771,-4.499386733416771,1.6223057120082907e-07
-0.00044943806007509385,-4.494380600750938,1.6717136837545878e-07
-0.00044893744680851066,-4.489374468085106,1.7210605963634792e-07
-0.0004484368335419274,-4.484368335419274,1.7703461736084245e-07
-0.0004479362202753442,-4.479362202753442,1.8195701362398655e-07
-0.00044743560700876095,-4.47435607008761,1.868732201524396e-07
-0.00044693499374217775,-4.469349937421777,1.917832083261218e-07
-0.0004464343804755945,-4.464343804755945,1.9668694919310844e-07
-0.0004459337672090113,-4.459337672090113,2.0158441342610477e-07
-0.00044543315394242805,-4.45433153942428,2.0647557133871935e-07
-0.0004449325406758448,-4.449325406758447,2.113603928781252e-07
-0.0004444319274092616,-4.444319274092615,2.1623884760387616e-07
-0.00044393131414267834,-4.4393131414267835,2.2111090467729045e-07
-0.00044343070087609515,-4.4343070087609515,2.259765328733091e-07
-0.0004429300876095119,-4.429300876095119,2.3083570055464907e-07
-0.0004424294743429287,-4.424294743429287,2.3568837566660227e-07
-0.00044192886107634544,-4.419288610763454,2.405345257273427e-07
-0.0004414282478097622,-4.414282478097622,2.4537411782226357e-07
-0.000440927634543179,-4.40927634543179,2.5020711858807977e-07
-0.00044042702127659574,-4.404270212765957,2.5503349421136357e-07
-0.00043992640801001254,-4.399264080100125,2.5985321040929996e-07
-0.0004394257947434293,-4.394257947434292,2.6466623241920544e-07
-0.0004389251814768461,-4.3892518147684605,2.694725249989071e-07
-0.00043842456821026283,-4.3842456821026285,2.7427205240486726e-07
-0.0004379239549436796,-4.379239549436796,2.790647783819519e-07
-0.0004374233416770964,-4.374233416770964,2.838506661623244e-07
-0.00043692272841051313,-4.369227284105131,2.886296784338385e-07
-0.00043642211514392993,-4.364221151439299,2.934017773542903e-07
-0.0004359215018773467,-4.359215018773466,2.98166924509689e-07
-0.0004354208886107635,-4.354208886107634,3.0292508092456205e-07
-0.0004349202753441802,-4.349202753441802,3.0767620704758913e-07
-0.000434419662077597,-4.3441966207759695,3.124202627062364e-07
-0.0004339190488110138,-4.3391904881101375,3.171572071478597e-07
-0.0004334184355444306,-4.334184355444306,3.2188699898143145e-07
-0.0004329178222778473,-4.329178222778473,3.2660959617372154e-07
-0.00043241720901126407,-4.324172090112641,3.31324956044994e-07
-0.00043191659574468087,-4.319165957446809,3.360330352446916e-07
-0.0004314159824780976,-4.314159824780976,3.407337897406909e-07
-0.0004309153692115144,-4.309153692115144,3.454271748039954e-07
-0.00043041475594493117,-4.304147559449311,3.5011314497262684e-07
-0.00042991414267834797,-4.299141426783479,3.5479165407887823e-07
-0.0004294135294117647,-4.294135294117647,3.594626551779353e-07
-0.00042891291614518146,-4.2891291614518146,3.6412610057005355e-07
-0.00042841230287859826,-4.284123028785983,3.687819417683753e-07
-0.000427911689612015,-4.27911689612015,3.734301294875348e-07
-0.0004274110763454318,-4.274110763454318,3.780706136054543e-07
-0.00042691046307884856,-4.269104630788485,3.8270334316520473e-07
-0.00042640984981226536,-4.264098498122653,3.8732826634283047e-07
-0.0004259092365456821,-4.259092365456821,3.919453304396764e-07
-0.00042540862327909885,-4.254086232790988,3.965544818312472e-07
-0.00042490801001251566,-4.249080100125156,4.011556659881956e-07
-0.0004244073967459324,-4.2440739674593235,4.0574882741950267e-07
-0.0004239067834793492,-4.239067834793492,4.103339096710629e-07
-0.00042340617021276595,-4.23406170212766,4.1491085527970265e-07
-0.00042290555694618275,-4.229055569461828,4.194796057719379e-07
-0.0004224049436795995,-4.224049436795995,4.240401016239417e-07
-0.00042190433041301625,-4.219043304130162,4.2859228225947565e-07
-0.00042140371714643305,-4.21403717146433,4.33136085981648e-07
-0.00042090310387984985,-4.209031038798498,4.3767144997489865e-07
-0.0004204024906132666,-4.204024906132665,4.42198310288023e-07
-0.00041990187734668334,-4.199018773466833,4.467166017875433e-07
-0.00041940126408010015,-4.1940126408010014,4.512262581170739e-07
-0.0004189006508135169,-4.189006508135169,4.557272116967047e-07
-0.0004184000375469337,-4.184000375469337,4.602193936710214e-07
-0.00041789942428035044,-4.178994242803504,4.6470273388376796e-07
-0.00041739881101376724,-4.173988110137672,4.691771608613342e-07
-0.000416898197747184,-4.16898197747184,4.7364260173857865e-07
-0.00041639758448060074,-4.163975844806007,4.780989822754043e-07
-0.00041589697121401754,-4.158969712140175,4.825462267730658e-07
-0.0004153963579474343,-4.153963579474342,4.869842580902521e-07
-0.0004148957446808511,-4.14895744680851,4.914129975516016e-07
-0.00041439513141426783,-4.1439513141426785,4.958323649566255e-07
-0.00041389451814768463,-4.1389451814768465,5.002422784978314e-07
-0.0004133939048811014,-4.133939048811014,5.046426547624308e-07
-0.00041289329161451813,-4.128932916145181,5.090334086648627e-07
-0.00041239267834793493,-4.123926783479349,5.13414453407357e-07
-0.0004118920650813517,-4.118920650813517,5.177857004376456e-07
-0.0004113914518147685,-4.113914518147684,5.221470594163759e-07
-0.0004108908385481852,-4.108908385481852,5.264984381510988e-07
-0.00041039022528160203,-4.10390225281602,5.30839742568005e-07
-0.0004098896120150188,-4.0988961201501874,5.351708766530086e-07
-0.0004093889987484355,-4.093889987484355,5.394917423913639e-07
-0.0004088883854818523,-4.088883854818523,5.438022397333671e-07
-0.0004083877722152691,-4.083877722152691,5.481022665512591e-07
-0.00040788715894868587,-4.078871589486859,5.523917185603354e-07
-0.0004073865456821026,-4.073865456821026,5.56670489274989e-07
-0.0004068859324155194,-4.068859324155194,5.609384699442658e-07
-0.00040638531914893617,-4.063853191489361,5.651955495048312e-07
-0.0004058847058823529,-4.058847058823529,5.6944161452285e-07
-0.0004053840926157697,-4.053840926157697,5.736765491107579e-07
-0.0004048834793491865,-4.048834793491865,5.779002348843899e-07
-0.00040438286608260326,-4.0438286608260325,5.821125508982331e-07
-0.00040388225281602,-4.0388225281602,5.863133735586218e-07
-0.0004033816395494368,-4.033816395494368,5.90502576583092e-07
-0.00040288102628285356,-4.028810262828536,5.946800308969398e-07
-0.00040238041301627036,-4.023804130162703,5.988456045969013e-07
-0.0004018797997496871,-4.018797997496871,6.029991628424374e-07
-0.0004013791864831039,-4.013791864831039,6.071405678172278e-07
-0.00040087857321652066,-4.008785732165206,6.112696786054704e-07
-0.0004003779599499374,-4.0037795994993735,6.153863511459821e-07
-0.0003998773466833542,-3.998773466833542,6.194904381433633e-07
-0.00039937673341677095,-3.993767334167709,6.23581788965271e-07
-0.00039887612015018775,-3.988761201501877,6.276602496027505e-07
-0.0003983755068836045,-3.983755068836045,6.317256625088954e-07
-0.0003978748936170213,-3.978748936170213,6.357778665812203e-07
-0.00039737428035043805,-3.9737428035043805,6.398166970019277e-07
-0.0003968736670838548,-3.9687366708385476,6.438419852137692e-07
-0.0003963730538172716,-3.9637305381727157,6.478535587566869e-07
-0.0003958724405506884,-3.9587244055068838,6.518512412003182e-07
-0.00039537182728410515,-3.9537182728410514,6.558348520475731e-07
-0.0003948712140175219,-3.9487121401752185,6.598042066102633e-07
-0.0003943706007509387,-3.9437060075093866,6.637591159085264e-07
-0.00039386998748435544,-3.938699874843554,6.676993865707271e-07
-0.0003933693742177722,-3.933693742177722,6.716248206985059e-07
-0.000392868760951189,-3.92868760951189,6.755352157942598e-07
-0.0003923681476846058,-3.9236814768460575,6.794303645854601e-07
-0.00039186753441802254,-3.918675344180225,6.8331005496559e-07
-0.0003913669211514393,-3.9136692115143927,6.871740698272323e-07
-0.0003908663078848561,-3.908663078848561,6.910221869621139e-07
-0.00039036569461827283,-3.903656946182728,6.948541789247419e-07
-0.00038986508135168963,-3.898650813516896,6.986698129044576e-07
-0.0003893644680851064,-3.8936446808510636,7.024688506062514e-07
-0.0003888638548185232,-3.8886385481852317,7.062510480958265e-07
-0.00038836324155193993,-3.8836324155193993,7.100161556906448e-07
-0.0003878626282853567,-3.8786262828535665,7.137639177907185e-07
-0.0003873620150187735,-3.8736201501877345,7.174940727773937e-07
-0.0003868614017521902,-3.868614017521902,7.21206352831695e-07
-0.00038636078848560703,-3.86360788485607,7.249004838294505e-07
-0.0003858601752190238,-3.8586017521902374,7.285761851716357e-07
-0.0003853595619524406,-3.8535956195244054,7.322331696435307e-07
-0.0003848589486858573,-3.848589486858573,7.358711432823215e-07
-0.00038435833541927407,-3.8435833541927407,7.394898051986925e-07
-0.00038385772215269087,-3.8385772215269087,7.430888474663016e-07
-0.00038335710888610767,-3.8335710888610763,7.46667954945626e-07
-0.0003828564956195244,-3.828564956195244,7.50226805138284e-07
-0.00038235588235294117,-3.8235588235294116,7.537650680438033e-07
-0.00038185526908635797,-3.8185526908635796,7.5728240600893e-07
-0.0003813546558197747,-3.813546558197747,7.607784735883722e-07
-0.00038085404255319146,-3.8085404255319144,7.642529173652467e-07
-0.00038035342928660826,-3.8035342928660825,7.677053758531704e-07
-0.00037985281602002507,-3.7985281602002505,7.711354793179455e-07
-0.0003793522027534418,-3.793522027534418,7.745428496432714e-07
-0.00037885158948685856,-3.7885158948685853,7.779271001987525e-07
-0.00037835097622027536,-3.7835097622027534,7.812878357148033e-07
-0.0003778503629536921,-3.778503629536921,7.846246521282793e-07
-0.00037734974968710885,-3.773497496871088,7.879371364869935e-07
-0.00037684913642052566,-3.768491364205256,7.912248668090486e-07
-0.00037634852315394246,-3.7634852315394243,7.94487411978353e-07
-0.0003758479098873592,-3.758479098873592,7.977243316579438e-07
-0.00037534729662077595,-3.7534729662077595,8.00935176160686e-07
-0.00037484668335419275,-3.7484668335419276,8.041194863935512e-07
-0.00037434607008760955,-3.743460700876095,8.072767937709118e-07
-0.00037384545682102625,-3.7384545682102623,8.104066201419844e-07
-0.00037334484355444305,-3.7334484355444304,8.135084777654153e-07
-0.00037284423028785985,-3.7284423028785985,8.165818692399167e-07
-0.0003723436170212766,-3.7234361702127656,8.196262875002641e-07
-0.00037184300375469334,-3.7184300375469332,8.226412158265438e-07
-0.00037134239048811015,-3.7134239048811013,8.25626127829918e-07
-0.00037084177722152695,-3.7084177722152694,8.28580487508428e-07
-0.0003703411639549437,-3.703411639549437,8.315037492776026e-07
-0.00036984055068836044,-3.698405506883604,8.343953580642371e-07
-0.00036933993742177724,-3.693399374217772,8.372547494324697e-07
-0.000368839324155194,-3.68839324155194,8.400813496336941e-07
-0.00036833871088861074,-3.683387108886107,8.428745758632275e-07
-0.00036783809762202754,-3.678380976220275,8.456338363683373e-07
-0.00036733748435544434,-3.673374843554443,8.483585307044651e-07
-0.0003668368710888611,-3.6683687108886107,8.510480499572338e-07
-0.00036633625782227783,-3.6633625782227783,8.537017770560656e-07
-0.00036583564455569464,-3.6583564455569464,8.563190870924429e-07
-0.0003653350312891114,-3.6533503128911136,8.588993476513096e-07
-0.00036483441802252813,-3.648344180225281,8.614419192659609e-07
-0.00036433380475594493,-3.6433380475594492,8.639461558045348e-07
-0.00036383319148936173,-3.6383319148936173,8.664114049966948e-07
-0.0003633325782227785,-3.6333257822277845,8.688370089602944e-07
-0.0003628319649561952,-3.628319649561952,8.712223047797914e-07
-0.00036233135168961203,-3.62331351689612,8.735666251348405e-07
-0.00036183073842302883,-3.618307384230288,8.758692989799868e-07
-0.0003613301251564455,-3.613301251564455,8.781296522883068e-07
-0.0003608295118898623,-3.608295118898623,8.803470088051152e-07
-0.0003603288986232791,-3.603288986232791,8.825206909222438e-07
-0.00035982828535669587,-3.5982828535669587,8.846500205311069e-07
-0.0003593276720901126,-3.593276720901126,8.867343199680423e-07
-0.0003588270588235294,-3.588270588235294,8.887729130358568e-07
-0.0003583264455569462,-3.583264455569462,8.907651260008689e-07
-0.00035782583229036297,-3.5782583229036296,8.927102887283575e-07
-0.0003573252190237797,-3.573252190237797,8.946077358023873e-07
-0.0003568246057571965,-3.568246057571965,8.964568077270797e-07
-0.00035632399249061326,-3.5632399249061324,8.982568521587e-07
-0.00035582337922403,-3.5582337922403,9.000072251899976e-07
-0.0003553227659574468,-3.553227659574468,9.017072926628828e-07
-0.0003548221526908636,-3.548221526908636,9.033564315172701e-07
-0.00035432153942428036,-3.5432153942428033,9.049540311933143e-07
-0.0003538209261576971,-3.538209261576971,9.064994950261431e-07
-0.0003533203128911139,-3.533203128911139,9.079922416862105e-07
-0.00035281969962453066,-3.5281969962453066,9.094317066361564e-07
-0.0003523190863579474,-3.5231908635794738,9.108173435690066e-07
-0.0003518184730913642,-3.518184730913642,9.121486258917603e-07
-0.000351317859824781,-3.51317859824781,9.134250481703066e-07
-0.00035081724655819775,-3.5081724655819775,9.146461275836273e-07
-0.0003503166332916145,-3.5031663329161447,9.158114053413305e-07
-0.0003498160200250313,-3.4981602002503127,9.16920448106279e-07
-0.0003493154067584481,-3.4931540675844808,9.179728493372584e-07
-0.0003488147934918648,-3.488147934918648,9.18968230638808e-07
-0.0003483141802252816,-3.483141802252816,9.199062430148009e-07
-0.0003478135669586984,-3.4781356695869836,9.207865680841175e-07
-0.00034731295369211515,-3.4731295369211512,9.216089192524896e-07
-0.0003468123404255319,-3.468123404255319,9.223730427565628e-07
-0.0003463117271589487,-3.463117271589487,9.230787186755272e-07
-0.0003458111138923655,-3.458111138923655,9.237257618210765e-07
-0.00034531050062578224,-3.453105006257822,9.243140225484926e-07
-0.000344809887359199,-3.4480988735919897,9.248433874626958e-07
-0.0003443092740926158,-3.443092740926158,9.253137800107357e-07
-0.00034380866082603254,-3.4380866082603254,9.257251609722665e-07
-0.0003433080475594493,-3.4330804755944926,9.260775288168566e-07
-0.0003428074342928661,-3.4280743429286606,9.263709199715466e-07
-0.0003423068210262829,-3.4230682102628287,9.266054089365538e-07
-0.00034180620775969964,-3.4180620775969963,9.267811082921135e-07
-0.0003413055944931164,-3.4130559449311635,9.268981685850702e-07
-0.0003408049812265332,-3.4080498122653315,9.269567780921577e-07
-0.00034030436795994993,-3.403043679599499,9.269571624491288e-07
-0.0003398037546933667,-3.3980375469336668,9.268995841868474e-07
-0.0003393031414267835,-3.393031414267835,9.26784342119475e-07
-0.0003388025281602003,-3.3880252816020024,9.266117706536065e-07
-0.00033830191489361703,-3.38301914893617,9.263822389615375e-07
-0.0003378013016270338,-3.3780130162703377,9.260961500762856e-07
-0.0003373006883604506,-3.3730068836045057,9.257539398858937e-07
-0.0003368000750938674,-3.368000750938674,9.253560760227468e-07
-0.00033629946182728407,-3.3629946182728405,9.249030567023577e-07
-0.00033579884856070087,-3.3579884856070086,9.243954094571902e-07
-0.0003352982352941177,-3.3529823529411766,9.238336898385869e-07
-0.0003347976220275344,-3.3479762202753443,9.232184800252007e-07
-0.00033429700876095117,-3.3429700876095114,9.225503874125903e-07
-0.00033379639549436797,-3.3379639549436795,9.218300431537851e-07
-0.00033329578222778477,-3.3329578222778475,9.210581006569714e-07
-0.0003327951689612015,-3.327951689612015,9.202352340827666e-07
-0.00033229455569461826,-3.3229455569461823,9.193621367954562e-07
-0.00033179394242803507,-3.3179394242803504,9.184395198371077e-07
-0.0003312933291614518,-3.312933291614518,9.174681103826612e-07
-0.00033079271589486856,-3.3079271589486856,9.164486502116391e-07
-0.00033029210262828536,-3.3029210262828537,9.153818941808745e-07
-0.00032979148936170216,-3.2979148936170213,9.142686087410484e-07
-0.0003292908760951189,-3.292908760951189,9.131095704504472e-07
-0.00032879026282853566,-3.2879026282853565,9.119055645428326e-07
-0.00032828964956195246,-3.2828964956195246,9.106573835171643e-07
-0.0003277890362953692,-3.2778903629536917,9.093658257840616e-07
-0.00032728842302878595,-3.2728842302878594,9.080316943304306e-07
-0.00032678780976220275,-3.2678780976220274,9.066557954599199e-07
-0.00032628719649561955,-3.2628719649561955,9.052389375620451e-07
-0.0003257865832290363,-3.257865832290363,9.037819299484004e-07
-0.00032528596996245305,-3.2528596996245303,9.022855817310931e-07
-0.00032478535669586985,-3.2478535669586983,9.007507007683507e-07
-0.0003242847434292866,-3.242847434292866,8.99178092655886e-07
-0.00032378413016270334,-3.237841301627033,8.975685597787592e-07
-0.00032328351689612015,-3.232835168961201,8.959229004297065e-07
-0.00032278290362953695,-3.227829036295369,8.942419079652407e-07
-0.0003222822903629537,-3.222822903629537,8.92526370038183e-07
-0.00032178167709637044,-3.2178167709637044,8.907770678680103e-07
-0.00032128106382978724,-3.212810638297872,8.889947755856722e-07
-0.00032078045056320404,-3.20780450563204,8.871802596065946e-07
-0.0003202798372966208,-3.2027983729662077,8.853342780825707e-07
-0.00031977922403003754,-3.1977922403003753,8.834575803790951e-07
-0.00031927861076345434,-3.1927861076345434,8.815509066288797e-07
-0.0003187779974968711,-3.1877799749687106,8.796149872980769e-07
-0.00031827738423028783,-3.182773842302878,8.776505428296906e-07
-0.00031777677096370464,-3.1777677096370462,8.756582833090488e-07
-0.00031727615769712144,-3.1727615769712143,8.736389081865851e-07
-0.0003167755444305382,-3.1677554443053815,8.715931060201806e-07
-0.00031627493116395493,-3.162749311639549,8.695215542678744e-07
-0.00031577431789737173,-3.157743178973717,8.67424919118141e-07
-0.0003152737046307885,-3.1527370463078848,8.653038553383167e-07
-0.0003147730913642052,-3.147730913642052,8.631590061703835e-07
-0.00031427247809762203,-3.14272478097622,8.609910032467842e-07
-0.00031377186483103883,-3.137718648310388,8.588004665273984e-07
-0.0003132712515644556,-3.1327125156445557,8.565880042780221e-07
-0.0003127706382978723,-3.1277063829787233,8.543542130584107e-07
-0.0003122700250312891,-3.122700250312891,8.520996777360701e-07
-0.00031176941176470587,-3.1176941176470585,8.498249715213658e-07
-0.0003112687984981226,-3.112687984981226,8.475306560203777e-07
-0.0003107681852315394,-3.107681852315394,8.45217281297496e-07
-0.0003102675719649562,-3.1026757196495622,8.428853859710064e-07
-0.00030976695869837297,-3.0976695869837294,8.405354972972977e-07
-0.0003092663454317897,-3.092663454317897,8.381681312946835e-07
-0.0003087657321652065,-3.087657321652065,8.357837928536404e-07
-0.0003082651188986233,-3.082651188986233,8.333829758762318e-07
-0.00030776450563204007,-3.0776450563204003,8.309661634127245e-07
-0.0003072638923654568,-3.072638923654568,8.285338278123862e-07
-0.0003067632790988736,-3.067632790988736,8.26086430876567e-07
-0.00030626266583229036,-3.0626266583229036,8.236244240219481e-07
-0.0003057620525657071,-3.0576205256570708,8.211482484502274e-07
-0.0003052614392991239,-3.052614392991239,8.186583353127948e-07
-0.0003047608260325407,-3.047608260325407,8.161551058912988e-07
-0.00030426021276595746,-3.0426021276595745,8.13638971768927e-07
-0.0003037595994993742,-3.037595994993742,8.111103350220446e-07
-0.000303258986232791,-3.0325898623279097,8.085695883889782e-07
-0.00030275837296620775,-3.0275837296620773,8.060171154613362e-07
-0.0003022577596996245,-3.022577596996245,8.034532908646087e-07
-0.0003017571464330413,-3.017571464330413,8.008784804436962e-07
-0.0003012565331664581,-3.012565331664581,7.982930414458007e-07
-0.00030075591989987485,-3.0075591989987482,7.956973227060694e-07
-0.0003002553066332916,-3.002553066332916,7.930916648273206e-07
-0.0002997546933667084,-2.997546933667084,7.904764003649408e-07
-0.00029925408010012515,-2.9925408010012515,7.878518540037316e-07
-0.0002987534668335419,-2.9875346683354187,7.852183427397745e-07
-0.0002982528535669587,-2.9825285356695868,7.82576176052622e-07
-0.0002977522403003755,-2.977522403003755,7.799256560844675e-07
-0.00029725162703379224,-2.9725162703379224,7.772670778137013e-07
-0.000296751013767209,-2.9675101376720896,7.746007292150803e-07
-0.0002962504005006258,-2.9625040050062577,7.719268914397277e-07
-0.0002957497872340426,-2.9574978723404257,7.692458389744431e-07
-0.0002952491739674593,-2.952491739674593,7.665578397989187e-07
-0.0002947485607008761,-2.947485607008761,7.638631555528264e-07
-0.0002942479474342929,-2.9424794743429286,7.611620416912917e-07
-0.00029374733416770964,-2.937473341677096,7.584547476358892e-07
-0.0002932467209011264,-2.932467209011264,7.557415169195075e-07
-0.0002927461076345432,-2.927461076345432,7.530225873506039e-07
-0.00029224549436796,-2.9224549436796,7.502981911378994e-07
-0.00029174488110137673,-2.917448811013767,7.475685550488423e-07
-0.0002912442678347935,-2.9124426783479347,7.448339005342391e-07
-0.0002907436545682103,-2.9074365456821027,7.420944438746475e-07
-0.00029024304130162703,-2.9024304130162704,7.393503963072836e-07
-0.0002897424280350438,-2.8974242803504375,7.366019641553357e-07
-0.0002892418147684606,-2.8924181476846056,7.338493489569246e-07
-0.0002887412015018774,-2.8874120150187736,7.310927475855941e-07
-0.0002882405882352941,-2.8824058823529413,7.283323523707732e-07
-0.00028773997496871087,-2.8773997496871084,7.255683512226925e-07
-0.0002872393617021277,-2.8723936170212765,7.228009277375339e-07
-0.0002867387484355444,-2.867387484355444,7.200302613114806e-07
-0.00028623813516896117,-2.8623813516896117,7.172565272581625e-07
-0.00028573752190237797,-2.8573752190237793,7.144798969039287e-07
-0.00028523690863579477,-2.8523690863579474,7.117005376971677e-07
-0.0002847362953692115,-2.847362953692115,7.089186133067506e-07
-0.00028423568210262826,-2.8423568210262826,7.061342837312818e-07
-0.00028373506883604507,-2.8373506883604507,7.033477053722001e-07
-0.00028323445556946187,-2.8323445556946187,7.005590311533148e-07
-0.00028273384230287856,-2.8273384230287855,6.977684105956036e-07
-0.00028223322903629536,-2.8223322903629535,6.949759899108578e-07
-0.00028173261576971216,-2.8173261576971216,6.921819120850351e-07
-0.0002812320025031289,-2.8123200250312888,6.893863169667496e-07
-0.00028073138923654566,-2.8073138923654564,6.865893413479012e-07
-0.00028023077596996246,-2.8023077596996244,6.837911190401157e-07
-0.00027973016270337926,-2.7973016270337925,6.809917809536524e-07
-0.000279229549436796,-2.79229549436796,6.781914551779213e-07
-0.00027872893617021275,-2.7872893617021273,6.753902670464766e-07
-0.00027822832290362955,-2.7822832290362953,6.725883392131098e-07
-0.0002777277096370463,-2.777277096370463,6.697857917233605e-07
-0.00027722709637046305,-2.7722709637046306,6.669827420762233e-07
-0.00027672648310387985,-2.767264831038798,6.641793052946296e-07
-0.00027622586983729665,-2.7622586983729662,6.613755939872479e-07
-0.0002757252565707134,-2.757252565707134,6.585717184109885e-07
-0.00027522464330413015,-2.7522464330413015,6.557677865362685e-07
-0.00027472403003754695,-2.7472403003754695,6.529639040949361e-07
-0.0002742234167709637,-2.7422341677096367,6.501601746468415e-07
-0.00027372280350438044,-2.7372280350438043,6.473566996355063e-07
-0.00027322219023779724,-2.7322219023779724,6.445535784363199e-07
-0.00027272157697121404,-2.7272157697121404,6.417509084141821e-07
-0.0002722209637046308,-2.7222096370463076,6.389487849724817e-07
-0.00027172035043804754,-2.717203504380475,6.361473016036103e-07
-0.00027121973717146434,-2.7121973717146433,6.333465499367112e-07
-0.00027071912390488114,-2.7071912390488113,6.305466197917203e-07
-0.00027021851063829783,-2.702185106382978,6.277475992136403e-07
-0.00026971789737171464,-2.697178973717146,6.249495745203892e-07
-0.00026921728410513144,-2.692172841051314,6.22152630360265e-07
-0.0002687166708385482,-2.6871667083854818,6.193568497287188e-07
-0.00026821605757196493,-2.6821605757196494,6.165623140351885e-07
-0.00026771544430538173,-2.677154443053817,6.137691031246709e-07
-0.00026721483103879853,-2.672148310387985,6.109772953266932e-07
-0.0002667142177722153,-2.6671421777221527,6.081869674867176e-07
-0.00026621360450563203,-2.6621360450563203,6.053981950155356e-07
-0.00026571299123904883,-2.6571299123904883,6.026110519021571e-07
-0.0002652123779724656,-2.6521237797246555,5.99825610775874e-07
-0.0002647117647058823,-2.647117647058823,5.970419429154241e-07
-0.0002642111514392991,-2.642111514392991,5.942601183058356e-07
-0.0002637105381727159,-2.6371053817271592,5.914802056504847e-07
-0.0002632099249061327,-2.6320992490613264,5.8870227240934e-07
-0.0002627093116395494,-2.627093116395494,5.859263848373369e-07
-0.0002622086983729662,-2.622086983729662,5.831526080005372e-07
-0.00026170808510638297,-2.6170808510638297,5.803810058157693e-07
-0.0002612074718397997,-2.612074718397997,5.7761164107681e-07
-0.0002607068585732165,-2.607068585732165,5.748445754741049e-07
-0.0002602062453066333,-2.602062453066333,5.720798696320956e-07
-0.00025970563204005007,-2.5970563204005006,5.693175831274449e-07
-0.0002592050187734668,-2.592050187734668,5.665577745199764e-07
-0.0002587044055068836,-2.587044055068836,5.638005013743439e-07
-0.0002582037922403004,-2.582037922403004,5.610458202846272e-07
-0.0002577031789737171,-2.577031789737171,5.582937868952043e-07
-0.0002572025657071339,-2.572025657071339,5.555444559252133e-07
-0.0002567019524405507,-2.567019524405507,5.527978811964981e-07
-0.00025620133917396746,-2.5620133917396744,5.500541156495609e-07
-0.0002557007259073842,-2.557007259073842,5.473132113609416e-07
-0.000255200112640801,-2.55200112640801,5.445752195719703e-07
-0.00025469949937421775,-2.5469949937421776,5.418401907095402e-07
-0.00025419888610763456,-2.5419888610763453,5.39108174388613e-07
-0.0002536982728410513,-2.536982728410513,5.36379219453661e-07
-0.0002531976595744681,-2.531976595744681,5.336533739903945e-07
-0.00025269704630788485,-2.5269704630788485,5.309306853301982e-07
-0.00025219643304130165,-2.5219643304130166,5.282112000900343e-07
-0.0002516958197747184,-2.5169581977471838,5.254949641690689e-07
-0.00025119520650813515,-2.5119520650813514,5.227820227809447e-07
-0.00025069459324155195,-2.5069459324155194,5.200724204617521e-07
-0.0002501939799749687,-2.5019397997496866,5.173662010908962e-07
-0.0002496933667083855,-2.4969336670838547,5.146634078982151e-07
-0.00024919275344180224,-2.4919275344180223,5.119640834925455e-07
-0.00024869214017521904,-2.4869214017521903,5.092682698653366e-07
-0.0002481915269086358,-2.481915269086358,5.065760084094144e-07
-0.00024769091364205254,-2.476909136420525,5.038873399326088e-07
-0.00024719030037546934,-2.471903003754693,5.012023046680153e-07
-0.0002466896871088861,-2.466896871088861,4.985209423016131e-07
-0.0002461890738423029,-2.461890738423029,4.958432919678796e-07
-0.00024568846057571964,-2.456884605757196,4.931693922705203e-07
-0.00024518784730913644,-2.451878473091364,4.904992812924052e-07
-0.0002446872340425532,-2.4468723404255317,4.878329966177978e-07
-0.00024418662077597,-2.4418662077596998,4.851705753312114e-07
-0.00024368600750938673,-2.4368600750938674,4.825120540315702e-07
-0.00024318539424280348,-2.4318539424280345,4.798574688515116e-07
-0.00024268478097622028,-2.4268478097622026,4.772068554617445e-07
-0.00024218416770963703,-2.42184167709637,4.745602490880426e-07
-0.00024168355444305383,-2.4168355444305383,4.719176845125046e-07
-0.00024118294117647058,-2.4118294117647054,4.6927919609128344e-07
-0.00024068232790988738,-2.4068232790988735,4.666448177644178e-07
-0.00024018171464330412,-2.401817146433041,4.640145830638148e-07
-0.00023968110137672093,-2.396811013767209,4.613885251216229e-07
-0.00023918048811013767,-2.391804881101377,4.5876667669246943e-07
-0.00023867987484355442,-2.386798748435544,4.5614907013397476e-07
-0.00023817926157697122,-2.381792615769712,4.5353573744804604e-07
-0.00023767864831038797,-2.3767864831038796,4.509267102762526e-07
-0.00023717803504380477,-2.3717803504380477,4.4832201990476475e-07
-0.00023667742177722152,-2.366774217772215,4.457216972736388e-07
-0.00023617680851063832,-2.361768085106383,4.431257729974101e-07
-0.00023567619524405507,-2.3567619524405505,4.4053427736095705e-07
-0.0002351755819774718,-2.351755819774718,4.379472403221713e-07
-0.00023467496871088861,-2.346749687108886,4.3536469154249466e-07
-0.00023417435544430536,-2.3417435544430534,4.3278666038124387e-07
-0.00023367374217772216,-2.3367374217772214,4.3021317588873007e-07
-0.0002331731289111389,-2.331731289111389,4.2764426684097327e-07
-0.0002326725156445557,-2.326725156445557,4.250799617324677e-07
-0.00023217190237797246,-2.3217190237797243,4.2252028878366e-07
-0.00023167128911138926,-2.3167128911138923,4.199652759495662e-07
-0.000231170675844806,-2.31170675844806,4.1741495092609266e-07
-0.00023067006257822275,-2.3067006257822276,4.148693411632726e-07
-0.00023016944931163956,-2.3016944931163956,4.123284738599732e-07
-0.0002296688360450563,-2.296688360450563,4.097923759784558e-07
-0.0002291682227784731,-2.291682227784731,4.072610742506101e-07
-0.00022866760951188985,-2.2866760951188985,4.0473459518252405e-07
-0.00022816699624530665,-2.2816699624530665,4.022129650666503e-07
-0.0002276663829787234,-2.2766638297872337,3.9969620996946836e-07
-0.0002271657697121402,-2.2716576971214018,3.97184355761636e-07
-0.00022666515644555695,-2.2666515644555694,3.946774281097243e-07
-0.0002261645431789737,-2.261645431789737,3.9217545248767157e-07
-0.0002256639299123905,-2.256639299123905,3.896784541794381e-07
-0.00022516331664580724,-2.251633166458072,3.871864582798776e-07
-0.00022466270337922404,-2.2466270337922403,3.846994897097971e-07
-0.0002241620901126408,-2.241620901126408,3.8221757321903936e-07
-0.0002236614768460576,-2.236614768460576,3.797407333917021e-07
-0.00022316086357947434,-2.231608635794743,3.77268994642164e-07
-0.0002226602503128911,-2.2266025031289107,3.748023812366417e-07
-0.0002221596370463079,-2.221596370463079,3.723409172849041e-07
-0.00022165902377972464,-2.2165902377972464,3.6988462675639134e-07
-0.00022115841051314144,-2.2115841051314145,3.6743353346632267e-07
-0.00022065779724655818,-2.2065779724655816,3.64987661115709e-07
-0.00022015718397997499,-2.2015718397997497,3.625470332519614e-07
-0.00021965657071339173,-2.1965657071339173,3.601116733114779e-07
-0.00021915595744680853,-2.1915595744680854,3.576816045920154e-07
-0.00021865534418022528,-2.1865534418022525,3.552568502982835e-07
-0.00021815473091364203,-2.18154730913642,3.5283743350364074e-07
-0.00021765411764705883,-2.176541176470588,3.5042337717760815e-07
-0.00021715350438047558,-2.171535043804756,3.4801470419224415e-07
-0.00021665289111389238,-2.166528911138924,3.456114373176214e-07
-0.00021615227784730913,-2.161522778473091,3.432135992286574e-07
-0.00021565166458072593,-2.156516645807259,3.408212125159945e-07
-0.00021515105131414267,-2.1515105131414267,3.3843429967396836e-07
-0.00021465043804755942,-2.146504380475594,3.360528831278347e-07
-0.00021414982478097622,-2.141498247809762,3.3367698521671966e-07
-0.00021364921151439297,-2.1364921151439296,3.313066282203174e-07
-0.00021314859824780977,-2.1314859824780976,3.2894183433532183e-07
-0.00021264798498122652,-2.1264798498122652,3.2658262569784095e-07
-0.00021214737171464332,-2.1214737171464333,3.242290243955539e-07
-0.00021164675844806007,-2.1164675844806005,3.2188105245202763e-07
-0.00021114614518147687,-2.1114614518147685,3.195387318323169e-07
-0.00021064553191489361,-2.106455319148936,3.172020844725876e-07
-0.00021014491864831036,-2.1014491864831033,3.148711322460243e-07
-0.00020964430538172716,-2.0964430538172714,3.125458970001073e-07
-0.0002091436921151439,-2.091436921151439,3.102264005398416e-07
-0.0002086430788485607,-2.086430788485607,3.079126646403554e-07
-0.00020814246558197746,-2.0814246558197746,3.0560471105701704e-07
-0.00020764185231539426,-2.0764185231539427,3.033025615106045e-07
-0.000207141239048811,-2.07141239048811,3.010062377053142e-07
-0.0002066406257822278,-2.066406257822278,2.9871576133623824e-07
-0.00020614001251564456,-2.0614001251564456,2.964311540807539e-07
-0.0002056393992490613,-2.0563939924906127,2.941524376099346e-07
-0.0002051387859824781,-2.051387859824781,2.918796335992277e-07
-0.00020463817271589485,-2.0463817271589484,2.89612763705242e-07
-0.00020413755944931165,-2.0413755944931165,2.8735184960579254e-07
-0.0002036369461827284,-2.036369461827284,2.850969129834984e-07
-0.0002031363329161452,-2.031363329161452,2.828479755295191e-07
-0.00020263571964956195,-2.0263571964956193,2.8060505894718976e-07
-0.0002021351063829787,-2.021351063829787,2.7836818496858863e-07
-0.0002016344931163955,-2.016344931163955,2.7613737534526925e-07
-0.00020113387984981224,-2.011338798498122,2.739126518494119e-07
-0.00020063326658322904,-2.00633266583229,2.716940362971349e-07
-0.0002001326533166458,-2.001326533166458,2.694815505357577e-07
-0.0001996320400500626,-1.9963204005006259,2.672752164412967e-07
-0.00019913142678347934,-1.9913142678347933,2.6507505594817445e-07
-0.00019863081351689614,-1.9863081351689613,2.6288109102619346e-07
-0.0001981302002503129,-1.9813020025031287,2.6069334370117614e-07
-0.00019762958698372964,-1.9762958698372963,2.585118360525783e-07
-0.00019712897371714644,-1.9712897371714644,2.563365902210971e-07
-0.00019662836045056318,-1.9662836045056318,2.541676284050057e-07
-0.00019612774718397999,-1.9612774718397998,2.5200497287371445e-07
-0.00019562713391739673,-1.9562713391739672,2.4984864596681377e-07
-0.00019512652065081353,-1.9512652065081353,2.4769867009859063e-07
-0.00019462590738423028,-1.9462590738423027,2.455550677632552e-07
-0.00019412529411764708,-1.9412529411764707,2.434178615375795e-07
-0.00019362468085106383,-1.9362468085106381,2.412870740777182e-07
-0.00019312406758448058,-1.9312406758448057,2.3916272814453916e-07
-0.00019262345431789738,-1.9262345431789736,2.3704484658379683e-07
-0.00019212284105131413,-1.9212284105131412,2.3493345235049678e-07
-0.00019162222778473093,-1.9162222778473093,2.3282856849314178e-07
-0.00019112161451814767,-1.9112161451814766,2.3073021818020745e-07
-0.00019062100125156447,-1.9062100125156447,2.2863842467550654e-07
-0.00019012038798498122,-1.901203879849812,2.2655321137897318e-07
-0.00018961977471839797,-1.8961977471839797,2.2447460179902533e-07
-0.00018911916145181477,-1.8911916145181475,2.2240261957929619e-07
-0.00018861854818523152,-1.8861854818523152,2.2033728848054573e-07
-0.00018811793491864832,-1.881179349186483,2.1827863240954496e-07
-0.00018761732165206507,-1.8761732165206506,2.1622667541456988e-07
-0.00018711670838548187,-1.8711670838548187,2.1418144167051466e-07
-0.00018661609511889861,-1.866160951188986,2.1214295552037643e-07
-0.00018611548185231542,-1.8611548185231541,2.101112414500867e-07
-0.00018561486858573216,-1.8561486858573215,2.080863241065864e-07
-0.0001851142553191489,-1.851142553191489,2.060682282939233e-07
-0.0001846136420525657,-1.846136420525657,2.0405697899095426e-07
-0.00018411302878598246,-1.8411302878598246,2.0205260135574862e-07
-0.00018361241551939926,-1.8361241551939924,2.000551207057953e-07
-0.000183111802252816,-1.83111802252816,1.9806456255287264e-07
-0.0001826111889862328,-1.826111889862328,1.9608095259225902e-07
-0.00018211057571964956,-1.8211057571964955,1.9410431672248754e-07
-0.0001816099624530663,-1.8160996245306629,1.921346810247089e-07
-0.0001811093491864831,-1.811093491864831,1.901720717935599e-07
-0.00018060873591989985,-1.8060873591989983,1.8821651553546433e-07
-0.00018010812265331665,-1.8010812265331664,1.8626803895273426e-07
-0.0001796075093867334,-1.796075093867334,1.843266689968553e-07
-0.0001791068961201502,-1.7910689612015018,1.8239243282434304e-07
-0.00017860628285356695,-1.7860628285356694,1.804653578392605e-07
-0.00017810566958698375,-1.7810566958698375,1.7854547165493242e-07
-0.0001776050563204005,-1.776050563204005,1.766328021508673e-07
-0.00017710444305381724,-1.7710444305381723,1.747273774609742e-07
-0.00017660382978723404,-1.7660382978723403,1.7282922596054403e-07
-0.0001761032165206508,-1.7610321652065077,1.7093837627613918e-07
-0.0001756026032540676,-1.7560260325406758,1.6905485733187125e-07
-0.00017510198998748434,-1.7510198998748434,1.6717869830588896e-07
-0.00017460137672090114,-1.7460137672090112,1.6530992866015275e-07
-0.0001741007634543179,-1.7410076345431789,1.6344857815171975e-07
-0.0001736001501877347,-1.736001501877347,1.6159467681931282e-07
-0.00017309953692115144,-1.7309953692115143,1.5974825500364858e-07
-0.00017259892365456818,-1.7259892365456817,1.579093433662412e-07
-0.00017209831038798499,-1.7209831038798498,1.5607797288340423e-07
-0.00017159769712140173,-1.7159769712140172,1.5425417482630946e-07
-0.00017109708385481853,-1.7109708385481852,1.5243798083092144e-07
-0.00017059647058823528,-1.7059647058823528,1.5062942284379303e-07
-0.00017009585732165208,-1.7009585732165207,1.4882853317931398e-07
-0.00016959524405506883,-1.6959524405506883,1.470353444788993e-07
-0.00016909463078848558,-1.6909463078848557,1.4524988976286802e-07
-0.00016859401752190238,-1.6859401752190237,1.434722024104184e-07
-0.00016809340425531913,-1.6809340425531911,1.417023161737321e-07
-0.00016759279098873593,-1.6759279098873592,1.3994026521040137e-07
-0.00016709217772215267,-1.6709217772215266,1.3818608404032338e-07
-0.00016659156445556948,-1.6659156445556946,1.3643980761333765e-07
-0.00016609095118898622,-1.6609095118898622,1.3470147127002105e-07
-0.00016559033792240302,-1.65590337922403,1.329711107774195e-07
-0.00016508972465581977,-1.6508972465581977,1.3124876232553895e-07
-0.00016458911138923652,-1.645891113892365,1.295344625658699e-07
-0.00016408849812265332,-1.6408849812265331,1.2782824856292068e-07
-0.00016358788485607007,-1.6358788485607005,1.2613015785769526e-07
-0.00016308727158948687,-1.6308727158948686,1.244402284589863e-07
-0.00016258665832290361,-1.625866583229036,1.2275849884708726e-07
-0.00016208604505632042,-1.620860450563204,1.210850079873966e-07
-0.00016158543178973716,-1.6158543178973717,1.1941979535188085e-07
-0.00016108481852315396,-1.6108481852315395,1.1776290090780617e-07
-0.0001605842052565707,-1.6058420525657071,1.1611436515550174e-07
-0.00016008359198998746,-1.6008359198998745,1.1447422911979656e-07
-0.00015958297872340426,-1.5958297872340426,1.1284253436712562e-07
-0.000159082365456821,-1.59082365456821,1.1121932302577633e-07
-0.0001585817521902378,-1.585817521902378,1.0960463776572125e-07
-0.00015808113892365456,-1.5808113892365454,1.0799852186455103e-07
-0.00015758052565707136,-1.5758052565707135,1.0640101917123869e-07
-0.0001570799123904881,-1.5707991239048809,1.0481217413704126e-07
-0.00015657929912390485,-1.5657929912390485,1.0323203183853002e-07
-0.00015607868585732165,-1.5607868585732165,1.016606379772081e-07
-0.0001555780725907384,-1.555780725907384,1.0009803889104178e-07
-0.0001550774593241552,-1.550774593241552,9.854428158332691e-08
-0.00015457684605757195,-1.5457684605757194,9.699941372117103e-08
-0.00015407623279098875,-1.5407623279098874,9.546348366070509e-08
-0.0001535756195244055,-1.5357561952440548,9.393654045432768e-08
-0.0001530750062578223,-1.5307500625782229,9.241863385788617e-08
-0.00015257439299123904,-1.5257439299123903,9.09098143796526e-08
-0.0001520737797246558,-1.5207377972465579,8.941013325758502e-08
-0.0001515731664580726,-1.515731664580726,8.791964249451535e-08
-0.00015107255319148934,-1.5107255319148933,8.643839487161557e-08
-0.00015057193992490614,-1.5057193992490614,8.496644396363237e-08
-0.0001500713266583229,-1.5007132665832288,8.350384414963151e-08
-0.0001495707133917397,-1.4957071339173968,8.205065065333481e-08
-0.00014907010012515644,-1.4907010012515642,8.060691953962774e-08
-0.00014856948685857318,-1.4856948685857319,7.917270774815583e-08
-0.00014806887359198999,-1.4806887359198997,7.774807307283175e-08
-0.00014756826032540673,-1.4756826032540673,7.633307424466457e-08
-0.00014706764705882353,-1.4706764705882354,7.492777090355832e-08
-0.00014656703379224028,-1.4656703379224028,7.353222362869896e-08
-0.00014606642052565708,-1.4606642052565708,7.214649398796841e-08
-0.00014556580725907383,-1.4556580725907382,7.077064450512406e-08
-0.00014506519399249063,-1.4506519399249063,6.940473872599589e-08
-0.00014456458072590738,-1.4456458072590737,6.804884121987461e-08
-0.00014406396745932413,-1.4406396745932413,6.670301762092255e-08
-0.00014356335419274093,-1.435633541927409,6.536733463323241e-08
-0.00014306274092615767,-1.4306274092615767,6.40418600498743e-08
-0.00014256212765957448,-1.4256212765957448,6.272666280507228e-08
-0.00014206151439299122,-1.4206151439299122,6.142181295986475e-08
-0.00014156090112640802,-1.4156090112640802,6.0127381775212e-08
-0.00014106028785982477,-1.4106028785982476,5.8843441696215294e-08
-0.00014055967459324157,-1.4055967459324157,5.757006640573566e-08
-0.00014005906132665832,-1.400590613266583,5.6307330837607994e-08
-0.00013955844806007507,-1.3955844806007507,5.505531120613655e-08
-0.00013905783479349187,-1.3905783479349185,5.3814085037876625e-08
-0.00013855722152690861,-1.3855722152690861,5.2583731207408835e-08
-0.00013805660826032542,-1.3805660826032542,5.13643299594203e-08
-0.00013755599499374216,-1.3755599499374216,5.015596295584171e-08
-0.00013705538172715896,-1.3705538172715896,4.8958713271135564e-08
-0.0001365547684605757,-1.365547684605757,4.777266545702581e-08
-0.00013605415519399246,-1.3605415519399244,4.659790558516496e-08
-0.00013555354192740926,-1.3555354192740925,4.5434521239496646e-08
-0.000135052928660826,-1.35052928660826,4.428260159433992e-08
-0.0001345523153942428,-1.345523153942428,4.3142237424203195e-08
-0.00013405170212765956,-1.3405170212765956,4.201352115113513e-08
-0.00013355108886107636,-1.3355108886107636,4.089654690122775e-08
-0.0001330504755944931,-1.330504755944931,3.979141048628232e-08
-0.0001325498623279099,-1.325498623279099,3.869820951049483e-08
-0.00013204924906132665,-1.3204924906132665,3.761704338161634e-08
-0.0001315486357947434,-1.3154863579474338,3.6548013348175704e-08
-0.0001310480225281602,-1.310480225281602,3.5491222558382086e-08
-0.00013054740926157695,-1.3054740926157695,3.444677608400261e-08
-0.00013004679599499375,-1.3004679599499374,3.34147809978724e-08
-0.0001295461827284105,-1.295461827284105,3.2395346398725326e-08
-0.0001290455694618273,-1.2904556946182728,3.138858343938964e-08
-0.00012854495619524405,-1.2854495619524404,3.0394605441338846e-08
-0.00012804434292866085,-1.2804434292866085,2.9413527873603566e-08
-0.0001275437296620776,-1.2754372966207759,2.8445468453278797e-08
-0.00012704311639549434,-1.2704311639549433,2.7490547182646018e-08
-0.00012654250312891114,-1.2654250312891113,2.6548886394520175e-08
-0.0001260418898623279,-1.260418898623279,2.5620610824855897e-08
-0.0001255412765957447,-1.2554127659574468,2.4705847682676627e-08
-0.00012504066332916144,-1.2504066332916144,2.3804726669903415e-08
-0.00012454005006257824,-1.2454005006257822,2.2917380092896282e-08
-0.00012403943679599499,-1.2403943679599498,2.204394287399168e-08
-0.00012353882352941173,-1.2353882352941172,2.1184552669770607e-08
-0.00012303821026282853,-1.2303821026282853,2.033934989984456e-08
-0.00012253759699624528,-1.2253759699624527,1.9508477826362033e-08
-0.00012203698372966208,-1.2203698372966207,1.8692082629098926e-08
-0.00012153637046307883,-1.2153637046307881,1.789031348989847e-08
-0.00012103575719649563,-1.2103575719649562,1.710332264544343e-08
-0.00012053514392991238,-1.2053514392991238,1.6331265467894867e-08
-0.00012003453066332918,-1.2003453066332916,1.5574300557778803e-08
-0.00011953391739674593,-1.1953391739674593,1.4832589821530584e-08
-0.00011903330413016267,-1.1903330413016266,1.4106298563029928e-08
-0.00011853269086357948,-1.1853269086357947,1.3395595537228698e-08
-0.00011803207759699622,-1.180320775969962,1.2700653079468505e-08
-0.00011753146433041302,-1.1753146433041302,1.2021647181455967e-08
-0.00011703085106382977,-1.1703085106382975,1.1358757587939146e-08
-0.00011653023779724657,-1.1653023779724656,1.0712167889446784e-08
-0.00011602962453066332,-1.1602962453066332,1.0082065611640451e-08
-0.00011552901126408012,-1.155290112640801,9.46864237535739e-09
-0.00011502839799749687,-1.1502839799749687,8.872093896802864e-09
-0.00011452778473091361,-1.145277847309136,8.292620221624457e-09
-0.00011402717146433042,-1.1402717146433041,7.730425733971162e-09
-0.00011352655819774716,-1.1352655819774715,7.185719364514356e-09
-0.00011302594493116396,-1.1302594493116396,6.658714600932153e-09
-0.00011252533166458071,-1.125253316645807,6.1496297135038715e-09
-0.00011202471839799751,-1.120247183979975,5.658687840483967e-09
-0.00011152410513141426,-1.1152410513141426,5.186117108533984e-09
-0.00011102349186483101,-1.11023491864831,4.732150783640022e-09
-0.00011052287859824781,-1.105228785982478,4.2970274181597544e-09
-0.00011002226533166456,-1.1002226533166455,3.880990967938173e-09
-0.00010952165206508136,-1.0952165206508135,3.484290967060136e-09
-0.0001090210387984981,-1.090210387984981,3.107182670776044e-09
-0.0001085204255319149,-1.085204255319149,2.7499272147539174e-09
-0.00010801981226533165,-1.0801981226533164,2.4127917683496743e-09
-0.00010751919899874845,-1.0751919899874844,2.096049702099726e-09
-0.0001070185857321652,-1.070185857321652,1.799980811593867e-09
-0.00010651797246558195,-1.0651797246558194,1.5248714080837658e-09
-0.00010601735919899875,-1.0601735919899875,1.2710145737408691e-09
-0.0001055167459324155,-1.055167459324155,1.038710309922833e-09
-0.0001050161326658323,-1.050161326658323,8.28265765485959e-10
-0.00010451551939924905,-1.0451551939924904,6.399954283008064e-10
-0.00010401490613266585,-1.0401490613266584,4.742213174511852e-10
-0.0001035142928660826,-1.0351429286608258,3.3127322585075834e-10
-0.00010301367959949934,-1.0301367959949934,2.1148893142436927e-10
-0.00010251306633291614,-1.0251306633291615,1.1521441899863184e-10
-0.00010201245306633289,-1.0201245306633289,4.280414518270431e-11
-0.00010151183979974969,-1.015118397997497,5.378768578783486e-12
-0.00010101122653316644,-1.0101122653316643,2.8962210087168993e-11
-0.00010051061326658324,-1.0051061326658324,2.7564867882357283e-11
-0.00010001,-1.0001,7.959268087865876e-13
-9.999000000000001e-05,-0.9999,8.062077058757044e-13
-9.948505050505051e-05,-0.9948505050505051,5.496334580737396e-11
-9.898010101010102e-05,-0.9898010101010102,1.3577941813336331e-10
-9.847515151515152e-05,-0.9847515151515152,2.4368703444433516e-10
-9.797020202020203e-05,-0.9797020202020202,3.7912982593755914e-10
-9.746525252525253e-05,-0.9746525252525252,5.425628774800874e-10
-9.696030303030305e-05,-0.9696030303030304,7.344529775360475e-10
-9.645535353535355e-05,-0.9645535353535355,9.552790303037877e-10
-9.595040404040405e-05,-0.9595040404040405,1.2055323976537355e-09
-9.544545454545456e-05,-0.9544545454545456,1.4857173253497962e-09
-9.494050505050506e-05,-0.9494050505050505,1.796351283080198e-09
-9.443555555555557e-05,-0.9443555555555556,2.1379654155544043e-09
-9.393060606060607e-05,-0.9393060606060607,2.5111049674394216e-09
-9.342565656565657e-05,-0.9342565656565657,2.9163297050445584e-09
-9.292070707070708e-05,-0.9292070707070708,3.3542143595807796e-09
-9.241575757575758e-05,-0.9241575757575757,3.825349161075365e-09
-9.191080808080808e-05,-0.9191080808080808,4.330340261227381e-09
-9.14058585858586e-05,-0.914058585858586,4.869810238213992e-09
-9.090090909090909e-05,-0.9090090909090909,5.444398708724375e-09
-9.039595959595961e-05,-0.9039595959595961,6.0547627203074395e-09
-8.989101010101011e-05,-0.898910101010101,6.70157747697361e-09
-8.938606060606062e-05,-0.8938606060606061,7.385536802907718e-09
-8.888111111111112e-05,-0.8888111111111112,8.10735379476418e-09
-8.837616161616162e-05,-0.8837616161616162,8.867761444406126e-09
-8.787121212121213e-05,-0.8787121212121213,9.667513273074829e-09
-8.736626262626263e-05,-0.8736626262626263,1.0507384024728235e-08
-8.686131313131314e-05,-0.8686131313131313,1.1388170284080527e-08
-8.635636363636364e-05,-0.8635636363636363,1.2310691341578329e-08
-8.585141414141414e-05,-0.8585141414141414,1.3275789801733263e-08
-8.534646464646465e-05,-0.8534646464646465,1.4284332452064817e-08
-8.484151515151516e-05,-0.8484151515151516,1.53372109605331e-08
-8.433656565656567e-05,-0.8433656565656567,1.6435342856088568e-08
-8.383161616161617e-05,-0.8383161616161617,1.757967223743952e-08
-8.332666666666668e-05,-0.8332666666666667,1.8771170758222136e-08
-8.282171717171718e-05,-0.8282171717171718,2.0010838588663623e-08
-8.231676767676768e-05,-0.8231676767676768,2.1299705187852562e-08
-8.181181818181819e-05,-0.8181181818181819,2.26388306100009e-08
-8.130686868686869e-05,-0.8130686868686868,2.402930620485012e-08
-8.08019191919192e-05,-0.8080191919191919,2.547225594468692e-08
-8.02969696969697e-05,-0.802969696969697,2.6968837422357606e-08
-7.97920202020202e-05,-0.797920202020202,2.8520242985845846e-08
-7.928707070707072e-05,-0.7928707070707072,3.012770100128167e-08
-7.878212121212121e-05,-0.787821212121212,3.179247708634463e-08
-7.827717171717173e-05,-0.7827717171717172,3.3515875312090226e-08
-7.777222222222223e-05,-0.7777222222222223,3.529923970785619e-08
-7.726727272727274e-05,-0.7726727272727273,3.7143955394771895e-08
-7.676232323232324e-05,-0.7676232323232324,3.905145028197713e-08
-7.625737373737374e-05,-0.7625737373737373,4.102319640718732e-08
-7.575242424242425e-05,-0.7575242424242424,4.3060711479445055e-08
-7.524747474747475e-05,-0.7524747474747475,4.516556056920658e-08
-7.474252525252525e-05,-0.7474252525252525,4.7339357683101734e-08
-7.423757575757576e-05,-0.7423757575757576,4.958376754782465e-08
-7.373262626262628e-05,-0.7373262626262628,5.190050732462716e-08
-7.322767676767677e-05,-0.7322767676767676,5.429134855031372e-08
-7.272272727272728e-05,-0.7272272727272728,5.6758118980092746e-08
-7.221777777777779e-05,-0.7221777777777778,5.930270461092507e-08
-7.171282828282829e-05,-0.7171282828282829,6.192705179596551e-08
-7.12078787878788e-05,-0.7120787878787879,6.463316918801447e-08
-7.07029292929293e-05,-0.707029292929293,6.742313026466883e-08
-7.01979797979798e-05,-0.701979797979798,7.029907529322311e-08
-6.96930303030303e-05,-0.696930303030303,7.326321398907447e-08
-6.918808080808081e-05,-0.6918808080808081,7.631782774670227e-08
-6.868313131313131e-05,-0.6868313131313131,7.946527230575663e-08
-6.817818181818183e-05,-0.6817818181818183,8.270798038326594e-08
-6.767323232323232e-05,-0.6767323232323231,8.604846437684393e-08
-6.716828282828284e-05,-0.6716828282828283,8.948931913383377e-08
-6.666333333333333e-05,-0.6666333333333333,9.30332249613857e-08
-6.615838383838385e-05,-0.6615838383838384,9.668295053711115e-08
-6.565343434343435e-05,-0.6565343434343435,1.004413561228337e-07
-6.514848484848485e-05,-0.6514848484848486,1.0431139662301864e-07
-6.464353535353536e-05,-0.6464353535353535,1.0829612508573269e-07
-6.413858585858586e-05,-0.6413858585858586,1.1239869597776551e-07
-6.363363636363637e-05,-0.6363363636363636,1.1662236873537443e-07
-6.312868686868687e-05,-0.6312868686868687,1.2097051141214525e-07
-6.262373737373739e-05,-0.6262373737373739,1.2544660435627647e-07
-6.211878787878788e-05,-0.6211878787878787,1.3005424424450595e-07
-6.16138383838384e-05,-0.6161383838383839,1.3479714761590202e-07
-6.110888888888888e-05,-0.6110888888888888,1.3967915537946676e-07
-6.0603939393939395e-05,-0.6060393939393939,1.4470423667736193e-07
-6.0098989898989906e-05,-0.6009898989898991,1.4987649320010664e-07
-5.959404040404041e-05,-0.595940404040404,1.5520016360406276e-07
-5.9089090909090913e-05,-0.5908909090909091,1.6067962782113847e-07
-5.858414141414142e-05,-0.5858414141414141,1.6631941169295284e-07
-5.807919191919192e-05,-0.5807919191919192,1.7212419159650214e-07
-5.7574242424242425e-05,-0.5757424242424242,1.780987990243374e-07
-5.7069292929292935e-05,-0.5706929292929294,1.8424822543676345e-07
-5.656434343434344e-05,-0.5656434343434343,1.9057762714017667e-07
-5.605939393939394e-05,-0.5605939393939394,1.9709232989363443e-07
-5.555444444444445e-05,-0.5555444444444444,2.0379783409945796e-07
-5.504949494949495e-05,-0.5504949494949495,2.1069981957365963e-07
-5.4544545454545455e-05,-0.5454454545454546,2.1780415038634978e-07
-5.4039595959595965e-05,-0.5403959595959597,2.2511687986001034e-07
-5.353464646464647e-05,-0.5353464646464646,2.3264425547553181e-07
-5.302969696969697e-05,-0.5302969696969697,2.4039272335523246e-07
-5.2524747474747477e-05,-0.5252474747474747,2.4836893329755424e-07
-5.201979797979798e-05,-0.5201979797979798,2.5657974305305513e-07
-5.1514848484848484e-05,-0.5151484848484849,2.6503222285519003e-07
-5.1009898989898995e-05,-0.5100989898989899,2.73733659312032e-07
-5.05049494949495e-05,-0.5050494949494949,2.826915595810647e-07
-5e-05,-0.5,2.91913654766308e-07
-4.9495050505050506e-05,-0.49495050505050503,3.0140790300829315e-07
-4.899010101010101e-05,-0.48990101010101006,3.111824924927544e-07
-4.848515151515152e-05,-0.4848515151515152,3.2124584346098514e-07
-4.7980202020202024e-05,-0.47980202020202023,3.316066095879987e-07
-4.747525252525253e-05,-0.47475252525252526,3.422736794511107e-07
-4.697030303030303e-05,-0.4697030303030303,3.532561760391523e-07
-4.6465353535353536e-05,-0.4646535353535353,3.6456345624169616e-07
-4.596040404040404e-05,-0.45960404040404035,3.7620510882204584e-07
-4.545545454545455e-05,-0.4545545454545455,3.8819095123476724e-07
-4.4950505050505054e-05,-0.4495050505050505,4.0053102533064393e-07
-4.444555555555556e-05,-0.44445555555555555,4.1323559094806683e-07
-4.394060606060606e-05,-0.4394060606060606,4.263151185624596e-07
-4.3435656565656565e-05,-0.4343565656565656,4.3978027889584866e-07
-4.293070707070707e-05,-0.4293070707070707,4.536419310449505e-07
-4.242575757575758e-05,-0.4242575757575758,4.679111077100535e-07
-4.1920808080808084e-05,-0.4192080808080808,4.82598997328897e-07
-4.141585858585859e-05,-0.41415858585858584,4.977169230519207e-07
-4.091090909090909e-05,-0.40910909090909087,5.132763178324063e-07
-4.0405959595959595e-05,-0.40405959595959595,5.292886948548037e-07
-3.99010101010101e-05,-0.399010101010101,5.457656130860161e-07
-3.939606060606061e-05,-0.39396060606060607,5.627186373859428e-07
-3.8891111111111107e-05,-0.38891111111111104,5.801592907176246e-07
-3.838616161616161e-05,-0.38386161616161607,5.980989998095544e-07
-3.788121212121213e-05,-0.37881212121212127,6.16549030542282e-07
-3.737626262626263e-05,-0.3737626262626263,6.355204130729408e-07
-3.6871313131313135e-05,-0.3687131313131313,6.550238536372025e-07
-3.636636363636364e-05,-0.36366363636363636,6.750696310742312e-07
-3.586141414141414e-05,-0.3586141414141414,6.956674748709128e-07
-3.535646464646465e-05,-0.35356464646464647,7.168264198189188e-07
-3.485151515151515e-05,-0.3485151515151515,7.385546338080424e-07
-3.4346565656565654e-05,-0.34346565656565653,7.608592098019916e-07
-3.384161616161616e-05,-0.33841616161616156,7.837459156554009e-07
-3.333666666666666e-05,-0.3333666666666666,8.072188882505631e-07
-3.2831717171717166e-05,-0.3283171717171716,8.312802581465406e-07
-3.232676767676768e-05,-0.3232676767676768,8.559296834324802e-07
-3.182181818181819e-05,-0.31821818181818184,8.811637655749113e-07
-3.131686868686869e-05,-0.3131686868686869,9.069753095885431e-07
-3.0811919191919195e-05,-0.3081191919191919,9.333523769863685e-07
-3.03069696969697e-05,-0.303069696969697,9.602770593372771e-07
-2.9802020202020202e-05,-0.298020202020202,9.877238748229644e-07
-2.9297070707070706e-05,-0.29297070707070705,1.0156576466388727e-06
-2.879212121212121e-05,-0.2879212121212121,1.0440306733197506e-06
-2.8287171717171714e-05,-0.2828717171717171,1.0727789236111328e-06
-2.7782222222222217e-05,-0.27782222222222214,1.1018168966275776e-06
-2.727727272727272e-05,-0.2727727272727272,1.131030685509194e-06
-2.6772323232323225e-05,-0.26772323232323225,1.1602687029367912e-06
-2.6267373737373742e-05,-0.2626737373737374,1.1893295828971893e-06
-2.5762424242424246e-05,-0.2576242424242425,1.2179472196190454e-06
-2.525747474747475e-05,-0.2525747474747475,1.245774273084842e-06
-2.4752525252525254e-05,-0.24752525252525254,1.272368644351634e-06
-2.4247575757575758e-05,-0.24247575757575757,1.297193145724963e-06
-2.374262626262626e-05,-0.2374262626262626,1.3196454103553977e-06
-2.3237676767676765e-05,-0.23237676767676765,1.3391352149654427e-06
-2.273272727272727e-05,-0.22732727272727268,1.3552058706983256e-06
-2.2227777777777773e-05,-0.2222777777777777,1.3676542049716556e-06
-2.1722828282828277e-05,-0.21722828282828277,1.3765789617038377e-06
-2.121787878787878e-05,-0.2121787878787878,1.3823261747766695e-06
-2.0712929292929284e-05,-0.20712929292929283,1.3853721890989797e-06
-2.0207979797979802e-05,-0.202079797979798,1.3862120360088987e-06
-1.9703030303030306e-05,-0.19703030303030306,1.385290564202705e-06
-1.919808080808081e-05,-0.19198080808080809,1.3829757374926588e-06
-1.8693131313131313e-05,-0.18693131313131311,1.3795578736305371e-06
-1.8188181818181817e-05,-0.18188181818181817,1.3752601100444027e-06
-1.768323232323232e-05,-0.1768323232323232,1.3702515250004623e-06
-1.7178282828282825e-05,-0.17178282828282823,1.3646591498832891e-06
-1.667333333333333e-05,-0.1667333333333333,1.3585777194918714e-06
-1.6168383838383832e-05,-0.16168383838383832,1.3520771391586697e-06
-1.5663434343434336e-05,-0.15663434343434335,1.3452080262877006e-06
-1.515848484848484e-05,-0.15158484848484838,1.338005741818038e-06
-1.4653535353535357e-05,-0.14653535353535357,1.330493271166836e-06
-1.4148585858585861e-05,-0.1414858585858586,1.3226832325778313e-06
-1.3643636363636365e-05,-0.13643636363636363,1.314579213600878e-06
-1.3138686868686869e-05,-0.1313868686868687,1.3061765731932162e-06
-1.2633737373737372e-05,-0.12633737373737372,1.2974627952764433e-06
-1.2128787878787876e-05,-0.12128787878787875,1.2884174376068335e-06
-1.162383838383838e-05,-0.1162383838383838,1.2790116820702148e-06
-1.1118888888888884e-05,-0.11118888888888884,1.2692074549566352e-06
-1.0613939393939388e-05,-0.10613939393939387,1.258956044174205e-06
-1.0108989898989892e-05,-0.10108989898989891,1.2481960863806684e-06
-9.604040404040395e-06,-0.09604040404040395,1.2368507244191699e-06
-9.099090909090899e-06,-0.09099090909090898,1.224823627383281e-06
-8.594141414141416e-06,-0.08594141414141417,1.2119934015381428e-06
-8.08919191919192e-06,-0.0808919191919192,1.1982056599757988e-06
-7.584242424242424e-06,-0.07584242424242424,1.1832615930614428e-06
-7.079292929292928e-06,-0.07079292929292928,1.1669011637837307e-06
-6.574343434343432e-06,-0.06574343434343431,1.1487777991387569e-06
-6.0693939393939355e-06,-0.060693939393939356,1.128419179649199e-06
-5.564444444444439e-06,-0.05564444444444439,1.1051644448306776e-06
-5.059494949494943e-06,-0.05059494949494943,1.0780596450558982e-06
-4.554545454545447e-06,-0.045545454545454465,1.045675499850576e-06
-4.049595959595951e-06,-0.04049595959595951,1.005771827191916e-06
-3.5446464646464546e-06,-0.035446464646464546,9.546372905787995e-07
-3.0396969696969584e-06,-0.030396969696969582,8.856803033687495e-07
-2.5347474747474758e-06,-0.025347474747474757,7.861025981120181e-07
-2.0297979797979796e-06,-0.020297979797979794,6.280002992885593e-07
-1.5248484848484834e-06,-0.015248484848484832,3.408397116360177e-07
-1.0198989898989872e-06,-0.01019898989898987,2.780305308447096e-07
-5.14949494949491e-07,-0.00514949494949491,9.918666466467136e-07
-1e-08,-9.999999999999999e-05,9.115865233580075e-07
1e-08,9.999999999999999e-05,3.1256927307961416e-06
5.14949494949495e-07,0.00514949494949495,1.8525598031399447e-06
1.01989898989899e-06,0.010198989898989898,1.6547324341600839e-06
1.524848484848485e-06,0.01524848484848485,1.5431886074774885e-06
2.02979797979798e-06,0.020297979797979798,1.4678802512170172e-06
2.534747474747475e-06,0.025347474747474747,1.4120674214528523e-06
3.0396969696969703e-06,0.0303969696969697,1.3680142171933788e-06
3.544646464646465e-06,0.03544646464646465,1.3315721205466359e-06
4.04959595959596e-06,0.0404959595959596,1.300303382586673e-06
4.5545454545454554e-06,0.045545454545454556,1.2726796275542029e-06
5.05949494949495e-06,0.0505949494949495,1.2476941839806195e-06
5.564444444444445e-06,0.05564444444444445,1.2246576656015458e-06
6.069393939393941e-06,0.060693939393939404,1.203082924389367e-06
6.574343434343435e-06,0.06574343434343435,1.1826168526968162e-06
7.0792929292929305e-06,0.0707929292929293,1.1629981887011278e-06
7.584242424242425e-06,0.07584242424242425,1.1440304480288426e-06
8.08919191919192e-06,0.0808919191919192,1.1255640079524293e-06
8.594141414141415e-06,0.08594141414141414,1.107483919196991e-06
9.099090909090911e-06,0.09099090909090911,1.0897014077870398e-06
9.604040404040405e-06,0.09604040404040405,1.0721478155576806e-06
1.01089898989899e-05,0.101089898989899,1.0547701888266886e-06
1.0613939393939396e-05,0.10613939393939395,1.0375280035512696e-06
1.111888888888889e-05,0.1111888888888889,1.0203906885125317e-06
1.1623838383838385e-05,0.11623838383838385,1.003335718330751e-06
1.2128787878787881e-05,0.1212878787878788,9.86347119857677e-07
1.2633737373737376e-05,0.12633737373737375,9.694142830815462e-07
1.313868686868687e-05,0.1313868686868687,9.525309997814859e-07
1.3643636363636365e-05,0.13643636363636363,9.356946752357584e-07
1.4148585858585861e-05,0.1414858585858586,9.18905673499076e-07
1.4653535353535356e-05,0.14653535353535355,9.021667675394516e-07
1.515848484848485e-05,0.1515848484848485,8.854826731192575e-07
1.5663434343434346e-05,0.15663434343434346,8.68859650745786e-07
1.6168383838383842e-05,0.16168383838383843,8.523051638807109e-07
1.667333333333334e-05,0.16673333333333337,8.358275844691649e-07
1.717828282828283e-05,0.17178282828282831,8.194359388054517e-07
1.7683232323232328e-05,0.17683232323232326,8.031396883314922e-07
1.8188181818181824e-05,0.18188181818181823,7.86948540915016e-07
1.8693131313131317e-05,0.18693131313131317,7.708722890709928e-07
1.9198080808080813e-05,0.1919808080808081,7.549206720552794e-07
1.970303030303031e-05,0.19703030303030308,7.391032592661475e-07
2.0207979797979802e-05,0.202079797979798,7.234293526808769e-07
2.0712929292929298e-05,0.20712929292929297,7.07907906302513e-07
2.1217878787878794e-05,0.21217878787878794,6.925474608089519e-07
2.1722828282828287e-05,0.21722828282828285,6.773560917518717e-07
2.2227777777777783e-05,0.22227777777777782,6.62341369782134e-07
2.273272727272728e-05,0.2273272727272728,6.475103315089537e-07
2.3237676767676772e-05,0.2323767676767677,6.328694597236795e-07
2.3742626262626268e-05,0.23742626262626268,6.184246717893621e-07
2.4247575757575764e-05,0.24247575757575762,6.041813151297218e-07
2.4752525252525257e-05,0.24752525252525256,5.901441688006294e-07
2.5257474747474753e-05,0.2525747474747475,5.763174502667976e-07
2.5762424242424246e-05,0.2576242424242425,5.627048265411553e-07
2.6267373737373742e-05,0.2626737373737374,5.493094289445473e-07
2.677232323232324e-05,0.26772323232323236,5.361338708186309e-07
2.727727272727273e-05,0.2727727272727273,5.231802676061525e-07
2.7782222222222228e-05,0.27782222222222225,5.104502587399704e-07
2.8287171717171724e-05,0.2828717171717172,4.979450308866706e-07
2.8792121212121217e-05,0.28792121212121213,4.856653421494563e-07
2.9297070707070713e-05,0.2929707070707071,4.736115468277059e-07
2.980202020202021e-05,0.2980202020202021,4.6178362046983414e-07
3.0306969696969702e-05,0.303069696969697,4.5018118491320727e-07
3.08119191919192e-05,0.308119191919192,4.3880353312719014e-07
3.131686868686869e-05,0.3131686868686869,4.276496536265715e-07
3.182181818181819e-05,0.31821818181818184,4.1671825433755767e-07
3.232676767676768e-05,0.3232676767676768,4.060077857621781e-07
3.283171717171718e-05,0.3283171717171718,3.955164633644957e-07
3.3336666666666676e-05,0.33336666666666676,3.852422890625423e-07
3.3841616161616165e-05,0.3384161616161616,3.7518307183339643e-07
3.434656565656566e-05,0.3434656565656566,3.6533644729782837e-07
3.485151515151516e-05,0.34851515151515156,3.5569989636702047e-07
3.5356464646464654e-05,0.3535646464646465,3.4627076282951694e-07
3.586141414141415e-05,0.3586141414141415,3.3704626997737145e-07
3.6366363636363646e-05,0.36366363636363647,3.280235361949108e-07
3.6871313131313135e-05,0.3687131313131313,3.191995895778025e-07
3.737626262626263e-05,0.3737626262626263,3.105713815928283e-07
3.788121212121213e-05,0.37881212121212127,3.0213579978571415e-07
3.8386161616161624e-05,0.38386161616161624,2.9388967959545383e-07
3.889111111111112e-05,0.3889111111111112,2.858298152781253e-07
3.9396060606060616e-05,0.3939606060606061,2.7795297001595794e-07
3.9901010101010106e-05,0.39901010101010104,2.7025588520945774e-07
4.04059595959596e-05,0.404059595959596,2.627352890055775e-07
4.09109090909091e-05,0.409109090909091,2.553879041175645e-07
4.1415858585858594e-05,0.41415858585858595,2.482104549460057e-07
4.192080808080809e-05,0.41920808080808086,2.41199674079279e-07
4.242575757575759e-05,0.42425757575757583,2.3435230814551718e-07
4.2930707070707076e-05,0.42930707070707075,2.2766512314468793e-07
4.343565656565657e-05,0.4343565656565657,2.2113490920970436e-07
4.394060606060607e-05,0.4394060606060607,2.1475848488536117e-07
4.4445555555555565e-05,0.4444555555555556,2.0853270094866428e-07
4.495050505050506e-05,0.4495050505050506,2.02454443782136e-07
4.545545454545456e-05,0.45455454545454554,1.965206383596172e-07
4.5960404040404046e-05,0.45960404040404046,1.907282508571805e-07
4.646535353535354e-05,0.46465353535353543,1.8507429092138844e-07
4.697030303030304e-05,0.46970303030303034,1.7955581361395723e-07
4.7475252525252535e-05,0.4747525252525253,1.7416992107790743e-07
4.798020202020203e-05,0.4798020202020203,1.6891376392927975e-07
4.848515151515153e-05,0.48485151515151526,1.6378454239378658e-07
4.899010101010102e-05,0.48990101010101017,1.5877950725081996e-07
4.949505050505051e-05,0.4949505050505051,1.5389596052133716e-07
5.000000000000001e-05,0.5000000000000001,1.4913125602771708e-07
5.0504949494949505e-05,0.505049494949495,1.444827997232331e-07
5.1009898989899e-05,0.5100989898989899,1.399480499292291e-07
5.151484848484849e-05,0.5151484848484849,1.3552451737292707e-07
5.201979797979799e-05,0.5201979797979799,1.3120976515482702e-07
5.252474747474748e-05,0.5252474747474748,1.2700140856163794e-07
5.302969696969698e-05,0.5302969696969698,1.2289711478579774e-07
5.3534646464646476e-05,0.5353464646464647,1.1889460259101464e-07
5.403959595959597e-05,0.5403959595959597,1.1499164183912426e-07
5.454454545454546e-05,0.5454454545454546,1.1118605299564942e-07
5.504949494949496e-05,0.5504949494949496,1.074757065302872e-07
5.5554444444444454e-05,0.5555444444444445,1.0385852231438629e-07
5.605939393939395e-05,0.5605939393939394,1.0033246891647046e-07
5.6564343434343446e-05,0.5656434343434344,9.689556289646647e-08
5.706929292929294e-05,0.5706929292929294,9.354586803551742e-08
5.757424242424243e-05,0.5757424242424243,9.028149456690648e-08
5.807919191919193e-05,0.5807919191919193,8.71005983516096e-08
5.8584141414141424e-05,0.5858414141414142,8.400138004567633e-08
5.908909090909092e-05,0.5908909090909091,8.098208426891441e-08
5.9594040404040416e-05,0.5959404040404042,7.804099873749492e-08
6.009898989898991e-05,0.6009898989898991,7.517645338358534e-08
6.06039393939394e-05,0.606039393939394,7.238681950116456e-08
6.11088888888889e-05,0.6110888888888889,6.967050885211671e-08
6.16138383838384e-05,0.6161383838383839,6.702597280220014e-08
6.211878787878788e-05,0.6211878787878787,6.44517014283134e-08
6.262373737373737e-05,0.6262373737373736,6.194622266458741e-08
6.312868686868687e-05,0.6312868686868687,5.950810140973523e-08
6.363363636363637e-05,0.6363363636363636,5.713593868768936e-08
6.413858585858586e-05,0.6413858585858586,5.482837078602686e-08
6.464353535353536e-05,0.6464353535353535,5.258406841071004e-08
6.514848484848485e-05,0.6514848484848486,5.040173585085392e-08
6.565343434343435e-05,0.6565343434343435,4.828011016253989e-08
6.615838383838385e-05,0.6615838383838384,4.621796036353082e-08
6.666333333333334e-05,0.6666333333333334,4.421408661032751e-08
6.716828282828284e-05,0.6716828282828283,4.226731945268446e-08
6.767323232323232e-05,0.6767323232323231,4.037651903295285e-08
6.817818181818182e-05,0.6817818181818182,3.8540574338251236e-08
6.868313131313131e-05,0.6868313131313131,3.675840247665217e-08
6.918808080808081e-05,0.6918808080808081,3.502894792038727e-08
6.96930303030303e-05,0.696930303030303,3.3351181825717965e-08
7.01979797979798e-05,0.701979797979798,3.1724101307831866e-08
7.07029292929293e-05,0.707029292929293,3.014672878904095e-08
7.12078787878788e-05,0.7120787878787879,2.8618111308499452e-08
7.171282828282829e-05,0.7171282828282829,2.7137319884189274e-08
7.221777777777779e-05,0.7221777777777778,2.5703448874684926e-08
7.272272727272728e-05,0.7272272727272728,2.431561535901809e-08
7.322767676767678e-05,0.7322767676767677,2.2972958529350792e-08
7.373262626262626e-05,0.7373262626262626,2.1674639106325688e-08
7.423757575757576e-05,0.7423757575757576,2.04198387565215e-08
7.474252525252525e-05,0.7474252525252525,1.9207759533136574e-08
7.524747474747475e-05,0.7524747474747475,1.8037623327444258e-08
7.575242424242425e-05,0.7575242424242424,1.6908671340719212e-08
7.625737373737374e-05,0.7625737373737373,1.5820163559481763e-08
7.676232323232324e-05,0.7676232323232324,1.477137824666082e-08
7.726727272727274e-05,0.7726727272727273,1.3761611462216647e-08
7.777222222222223e-05,0.7777222222222223,1.2790176563659483e-08
7.827717171717173e-05,0.7827717171717172,1.185640376100309e-08
7.878212121212122e-05,0.7878212121212123,1.0959639647036267e-08
7.928707070707072e-05,0.7928707070707072,1.0099246762682988e-08
7.97920202020202e-05,0.797920202020202,9.274603162742721e-09
8.02969696969697e-05,0.802969696969697,8.485101998171038e-09
8.08019191919192e-05,0.8080191919191919,7.730151117415461e-09
8.130686868686869e-05,0.8130686868686868,7.009172664000681e-09
8.181181818181819e-05,0.8181181818181819,6.321602683741984e-09
8.231676767676768e-05,0.8231676767676768,5.666890772679185e-09
8.282171717171718e-05,0.8282171717171718,5.044499689579625e-09
8.332666666666668e-05,0.8332666666666667,4.453905019721053e-09
8.383161616161617e-05,0.8383161616161617,3.894594830182659e-09
8.433656565656567e-05,0.8433656565656567,3.3660693225897875e-09
8.484151515151516e-05,0.8484151515151516,2.8678405216868385e-09
8.534646464646465e-05,0.8534646464646465,2.399431954053348e-09
8.585141414141414e-05,0.8585141414141414,1.960378347562717e-09
8.635636363636364e-05,0.8635636363636363,1.5502253266607957e-09
8.686131313131314e-05,0.8686131313131313,1.1685291250243419e-09
8.736626262626263e-05,0.8736626262626263,8.148563076607825e-10
8.787121212121213e-05,0.8787121212121213,4.887834921290085e-10
8.837616161616162e-05,0.8837616161616162,1.8989708893006483e-10
8.888111111111112e-05,0.8888111111111112,8.220695937853503e-11
8.938606060606062e-05,0.8938606060606061,3.2792343363087483e-10
8.989101010101011e-05,0.898910101010101,5.476380688700136e-10
9.039595959595961e-05,0.9039595959595961,7.417278075644293e-10
9.09009090909091e-05,0.909009090909091,9.105610173134339e-10
9.140585858585859e-05,0.9140585858585858,1.0544977151007447e-09
9.191080808080808e-05,0.9191080808080808,1.1738898010004705e-09
9.241575757575758e-05,0.9241575757575757,1.2690812405013267e-09
9.292070707070708e-05,0.9292070707070708,1.3404082879913622e-09
9.342565656565657e-05,0.9342565656565657,1.3881996905056343e-09
9.393060606060607e-05,0.9393060606060607,1.4127768753019834e-09
9.443555555555557e-05,0.9443555555555556,1.414454125669174e-09
9.494050505050506e-05,0.9494050505050505,1.3935387837737957e-09
9.544545454545456e-05,0.9544545454545456,1.3503314232712064e-09
9.595040404040405e-05,0.9595040404040405,1.2851260047543985e-09
9.645535353535355e-05,0.9645535353535355,1.198210081484189e-09
9.696030303030305e-05,0.9696030303030304,1.0898649137193131e-09
9.746525252525253e-05,0.9746525252525252,9.603656709516684e-10
9.797020202020203e-05,0.9797020202020202,8.099815619603892e-10
9.847515151515152e-05,0.9847515151515152,6.389759849670569e-10
9.898010101010102e-05,0.9898010101010102,4.476066948953224e-10
9.948505050505051e-05,0.9948505050505051,2.3612591375019946e-10
9.999000000000001e-05,0.9999,4.780497572545755e-12
0.00010001,1.0001,4.788194582180777e-12
0.00010051061326658323,1.0051061326658322,2.54284335763951e-10
0.00010101122653316645,1.0101122653316645,5.228283470461257e-10
0.00010151183979974969,1.015118397997497,8.101947680566683e-10
0.00010201245306633292,1.020124530663329,1.1161628279892567e-09
0.00010251306633291614,1.0251306633291615,1.4405163477674017e-09
0.00010301367959949937,1.0301367959949936,1.7830436084015244e-09
0.00010351429286608261,1.035142928660826,2.143537265861169e-09
0.00010401490613266583,1.0401490613266582,2.521794223029244e-09
0.00010451551939924906,1.0451551939924906,2.9176155336355033e-09
0.00010501613266583228,1.0501613266583227,3.3308063108128546e-09
0.00010551674593241552,1.0551674593241551,3.761175619008995e-09
0.00010601735919899875,1.0601735919899875,4.208536387445103e-09
0.00010651797246558198,1.0651797246558197,4.67270531021364e-09
0.0001070185857321652,1.070185857321652,5.153502764620033e-09
0.00010751919899874844,1.0751919899874844,5.650752711905335e-09
0.00010801981226533167,1.0801981226533166,6.164282627117923e-09
0.00010852042553191489,1.0852042553191488,6.693923406335983e-09
0.00010902103879849812,1.0902103879849812,7.239509287647377e-09
0.00010952165206508136,1.0952165206508135,7.800877773410877e-09
0.00011002226533166458,1.1002226533166457,8.37786955616409e-09
0.00011052287859824781,1.105228785982478,8.970328438717862e-09
0.00011102349186483103,1.1102349186483103,9.57810126930302e-09
0.00011152410513141427,1.1152410513141426,1.0201037861620956e-08
0.0001120247183979975,1.120247183979975,1.0838990934750146e-08
0.00011252533166458073,1.1252533166458072,1.1491816038840592e-08
0.00011302594493116395,1.1302594493116394,1.2159371499156646e-08
0.00011352655819774719,1.135265581977472,1.2841518339522558e-08
0.00011402717146433042,1.1402717146433041,1.353812023669118e-08
0.00011452778473091364,1.1452778473091363,1.4249043442665756e-08
0.00011502839799749687,1.1502839799749687,1.4974156738917095e-08
0.0001155290112640801,1.1552901126408008,1.571333137210548e-08
0.00011602962453066333,1.1602962453066332,1.64664410081748e-08
0.00011653023779724656,1.1653023779724656,1.7233361659496837e-08
0.00011703085106382978,1.1703085106382978,1.8013971647372183e-08
0.00011753146433041302,1.1753146433041302,1.8808151546275934e-08
0.00011803207759699625,1.1803207759699625,1.9615784138809277e-08
0.00011853269086357948,1.1853269086357947,2.0436754348492304e-08
0.0001190333041301627,1.1903330413016269,2.127094921597168e-08
0.00011953391739674593,1.1953391739674593,2.2118257832031864e-08
0.00012003453066332917,1.2003453066332916,2.2978571309765344e-08
0.00012053514392991239,1.2053514392991238,2.385178272331092e-08
0.00012103575719649562,1.2103575719649562,2.4737787071157873e-08
0.00012153637046307886,1.2153637046307886,2.563648124625235e-08
0.00012203698372966208,1.2203698372966207,2.6547763968578692e-08
0.0001225375969962453,1.2253759699624531,2.7471535774102732e-08
0.00012303821026282853,1.2303821026282853,2.8407698951135307e-08
0.00012353882352941176,1.2353882352941175,2.935615752506932e-08
0.00012403943679599499,1.2403943679599498,3.031681719204424e-08
0.0001245400500625782,1.245400500625782,3.128958531304421e-08
0.00012504066332916144,1.2504066332916144,3.2274370857886107e-08
0.0001255412765957447,1.2554127659574468,3.327108438211844e-08
0.00012604188986232792,1.2604188986232792,3.427963798576901e-08
0.00012654250312891114,1.2654250312891113,3.529994527886288e-08
0.00012704311639549437,1.2704311639549437,3.633192135896246e-08
0.0001275437296620776,1.2754372966207759,3.737548277267957e-08
0.00012804434292866082,1.280443429286608,3.8430547486144184e-08
0.00012854495619524405,1.2854495619524404,3.9497034856578e-08
0.0001290455694618273,1.2904556946182728,4.057486560458826e-08
0.00012954618272841052,1.2954618272841052,4.1663961770459156e-08
0.00013004679599499375,1.3004679599499374,4.2764246718119036e-08
0.00013054740926157698,1.3054740926157697,4.387564507281996e-08
0.0001310480225281602,1.310480225281602,4.499808271364128e-08
0.00013154863579474343,1.3154863579474343,4.6131486747736546e-08
0.00013204924906132665,1.3204924906132665,4.727578548209649e-08
0.00013254986232790988,1.3254986232790986,4.843090839575422e-08
0.0001330504755944931,1.330504755944931,4.9596786116989843e-08
0.00013355108886107636,1.3355108886107636,5.077335040141569e-08
0.00013405170212765958,1.3405170212765958,5.196053410903868e-08
0.0001345523153942428,1.345523153942428,5.315827118235622e-08
0.00013505292866082603,1.3505292866082603,5.436649661620665e-08
0.00013555354192740926,1.3555354192740925,5.558514645170558e-08
0.00013605415519399249,1.3605415519399249,5.681415773486119e-08
0.0001365547684605757,1.365547684605757,5.8053468524142076e-08
0.00013705538172715896,1.3705538172715896,5.9303017840386684e-08
0.00013755599499374216,1.3755599499374216,6.056274565825039e-08
0.00013805660826032542,1.3805660826032542,6.183259290030004e-08
0.00013855722152690864,1.3855722152690864,6.311250139794179e-08
0.00013905783479349187,1.3905783479349185,6.44024138865977e-08
0.0001395584480600751,1.395584480600751,6.570227398648214e-08
0.00014005906132665832,1.400590613266583,6.701202616643457e-08
0.00014055967459324154,1.4055967459324155,6.833161576584553e-08
0.00014106028785982477,1.4106028785982476,6.966098893209083e-08
0.00014156090112640802,1.4156090112640802,7.100009263887851e-08
0.00014206151439299125,1.4206151439299124,7.234887465275534e-08
0.00014256212765957448,1.4256212765957448,7.370728352707895e-08
0.0001430627409261577,1.430627409261577,7.507526857368601e-08
0.00014356335419274093,1.435633541927409,7.645277986084977e-08
0.00014406396745932415,1.4406396745932415,7.783976819275433e-08
0.00014456458072590738,1.4456458072590737,7.923618509715036e-08
0.00014506519399249063,1.4506519399249063,8.064198280690396e-08
0.00014556580725907383,1.4556580725907382,8.20571142497612e-08
0.00014606642052565708,1.4606642052565708,8.348153303806573e-08
0.0001465670337922403,1.465670337922403,8.491519344685112e-08
0.00014706764705882353,1.4706764705882354,8.635805041054504e-08
0.00014756826032540676,1.4756826032540675,8.781005950151317e-08
0.00014806887359198999,1.4806887359198997,8.927117692467325e-08
0.0001485694868585732,1.485694868585732,9.074135949534096e-08
0.00014907010012515644,1.4907010012515642,9.222056464963207e-08
0.0001495707133917397,1.4957071339173968,9.370875040287066e-08
0.0001500713266583229,1.5007132665832288,9.520587535825962e-08
0.00015057193992490614,1.5057193992490614,9.671189869317352e-08
0.00015107255319148937,1.5107255319148936,9.82267801421342e-08
0.0001515731664580726,1.515731664580726,9.975047999323778e-08
0.00015207377972465582,1.520737797246558,1.0128295906610856e-07
0.00015257439299123904,1.5257439299123903,1.0282417871683696e-07
0.00015307500625782227,1.5307500625782227,1.0437410081726151e-07
0.0001535756195244055,1.5357561952440548,1.0593268775380407e-07
0.00015407623279098875,1.5407623279098874,1.0749990240101787e-07
0.00015457684605757198,1.5457684605757196,1.0907570813694031e-07
0.0001550774593241552,1.550774593241552,1.1066006880841449e-07
0.00015557807259073843,1.5557807259073841,1.1225294874075099e-07
0.00015607868585732165,1.5607868585732165,1.1385431272088759e-07
0.00015657929912390488,1.5657929912390487,1.1546412599168395e-07
0.0001570799123904881,1.5707991239048809,1.1708235423548654e-07
0.00015758052565707136,1.5758052565707135,1.187089635839284e-07
0.00015808113892365456,1.5808113892365454,1.2034392057577068e-07
0.0001585817521902378,1.585817521902378,1.2198719219001908e-07
0.00015908236545682103,1.5908236545682102,1.2363874581274096e-07
0.00015958297872340426,1.5958297872340426,1.2529854923524953e-07
0.00016008359198998749,1.6008359198998747,1.2696657063995637e-07
0.0001605842052565707,1.6058420525657071,1.2864277861327653e-07
0.00016108481852315396,1.6108481852315395,1.3032714211045816e-07
0.00016158543178973716,1.6158543178973717,1.3201963046811196e-07
0.00016208604505632042,1.620860450563204,1.33720213391376e-07
0.00016258665832290361,1.625866583229036,1.3542886094772773e-07
0.00016308727158948687,1.6308727158948686,1.3714554355401568e-07
0.0001635878848560701,1.6358788485607008,1.3887023197904215e-07
0.00016408849812265332,1.6408849812265331,1.4060289733920507e-07
0.00016458911138923654,1.6458911138923653,1.4234351107363193e-07
0.00016508972465581977,1.6508972465581977,1.440920449608094e-07
0.00016559033792240302,1.65590337922403,1.4584847109063545e-07
0.00016609095118898622,1.6609095118898622,1.4761276188361984e-07
0.00016659156445556948,1.6659156445556946,1.4938489005868947e-07
0.00016709217772215267,1.6709217772215266,1.5116482864662636e-07
0.00016759279098873593,1.6759279098873592,1.5295255097300378e-07
0.00016809340425531915,1.6809340425531913,1.547480306605542e-07
0.00016859401752190238,1.6859401752190237,1.5655124161436952e-07
0.0001690946307884856,1.690946307884856,1.5836215802982963e-07
0.00016959524405506883,1.6959524405506883,1.60180754367178e-07
0.00017009585732165208,1.7009585732165207,1.6200700537061751e-07
0.00017059647058823528,1.7059647058823528,1.6384088604684926e-07
0.00017109708385481853,1.7109708385481852,1.6568237166101325e-07
0.00017159769712140176,1.7159769712140176,1.675314377340811e-07
0.00017209831038798499,1.7209831038798498,1.693880600400935e-07
0.0001725989236545682,1.725989236545682,1.7125221460823714e-07
0.00017309953692115144,1.7309953692115143,1.7312387769466018e-07
0.0001736001501877347,1.736001501877347,1.750030258016941e-07
0.0001741007634543179,1.7410076345431789,1.7688963566038311e-07
0.00017460137672090114,1.7460137672090112,1.7878368423479225e-07
0.00017510198998748434,1.7510198998748434,1.8068514870833894e-07
0.0001756026032540676,1.7560260325406758,1.8259400648691268e-07
0.00017610321652065082,1.7610321652065082,1.845102351860928e-07
0.00017660382978723404,1.7660382978723403,1.8643381263855974e-07
0.00017710444305381727,1.7710444305381727,1.8836471687647447e-07
0.0001776050563204005,1.776050563204005,1.9030292614218997e-07
0.00017810566958698375,1.7810566958698375,1.9224841887283306e-07
0.00017860628285356695,1.7860628285356694,1.9420117369635288e-07
0.0001791068961201502,1.7910689612015018,1.9616116943666558e-07
0.00017960750938673343,1.7960750938673342,1.9812838510289582e-07
0.00018010812265331665,1.8010812265331664,2.0010279988315537e-07
0.00018060873591989988,1.8060873591989988,2.0208439315145163e-07
0.0001811093491864831,1.811093491864831,2.0407314445144426e-07
0.00018160996245306633,1.8160996245306633,2.060690335002507e-07
0.00018211057571964956,1.8211057571964955,2.0807204018452814e-07
0.0001826111889862328,1.826111889862328,2.1008214455351648e-07
0.000183111802252816,1.83111802252816,2.1209932681545637e-07
0.00018361241551939926,1.8361241551939924,2.1412356734249344e-07
0.00018411302878598249,1.8411302878598248,2.1615484665837808e-07
0.0001846136420525657,1.846136420525657,2.1819314543516807e-07
0.00018511425531914894,1.8511425531914893,2.202384444979478e-07
0.00018561486858573216,1.8561486858573215,2.2229072480308855e-07
0.00018611548185231542,1.8611548185231541,2.2434996746790278e-07
0.00018661609511889861,1.866160951188986,2.26416153731945e-07
0.00018711670838548187,1.8711670838548187,2.2848926497440786e-07
0.00018761732165206507,1.8761732165206506,2.3056928270834546e-07
0.00018811793491864832,1.881179349186483,2.326561885748799e-07
0.00018861854818523154,1.8861854818523154,2.3474996433809676e-07
0.00018911916145181477,1.8911916145181475,2.3685059188520333e-07
0.000189619774718398,1.89619774718398,2.3895805322449337e-07
0.00019012038798498122,1.901203879849812,2.410723304793775e-07
0.00019062100125156447,1.9062100125156447,2.431934058894421e-07
0.00019112161451814767,1.9112161451814766,2.453212618050588e-07
0.00019162222778473093,1.9162222778473093,2.474558806817537e-07
0.00019212284105131415,1.9212284105131414,2.4959724508153293e-07
0.00019262345431789738,1.9262345431789736,2.517453376737084e-07
0.0001931240675844806,1.931240675844806,2.539001412178267e-07
0.00019362468085106383,1.9362468085106381,2.5606163857929106e-07
0.00019412529411764708,1.9412529411764707,2.582298127145841e-07
0.00019462590738423028,1.9462590738423027,2.604046466705565e-07
0.00019512652065081353,1.9512652065081353,2.625861235848357e-07
0.00019562713391739673,1.9562713391739672,2.64774226681516e-07
0.00019612774718397999,1.9612774718397998,2.669689392669836e-07
0.0001966283604505632,1.966283604505632,2.6917024473353054e-07
0.00019712897371714644,1.9712897371714644,2.7137812654558596e-07
0.00019762958698372966,1.9762958698372965,2.735925682464288e-07
0.0001981302002503129,1.9813020025031287,2.7581355345662827e-07
0.00019863081351689614,1.9863081351689613,2.7804106586110155e-07
0.00019913142678347934,1.9913142678347933,2.8027508921966094e-07
0.0001996320400500626,1.9963204005006259,2.825156073525985e-07
0.0002001326533166458,2.001326533166458,2.847626041525262e-07
0.00020063326658322904,2.00633266583229,2.8701606356185966e-07
0.00020113387984981227,2.0113387984981226,2.8927596958933185e-07
0.0002016344931163955,2.016344931163955,2.915423063002908e-07
0.00020213510638297872,2.021351063829787,2.9381505781323806e-07
0.00020263571964956195,2.0263571964956193,2.9609420829303207e-07
0.0002031363329161452,2.031363329161452,2.9837974196018603e-07
0.0002036369461827284,2.036369461827284,3.0067164308169403e-07
0.00020413755944931165,2.0413755944931165,3.0296989596589974e-07
0.00020463817271589488,2.046381727158949,3.052744849663713e-07
0.0002051387859824781,2.051387859824781,3.075853944717379e-07
0.00020563939924906133,2.056393992490613,3.099026089131104e-07
0.00020614001251564456,2.0614001251564456,3.122261127542947e-07
0.0002066406257822278,2.066406257822278,3.145558904954962e-07
0.000207141239048811,2.07141239048811,3.16891926657575e-07
0.00020764185231539426,2.0764185231539427,3.1923420580157824e-07
0.00020814246558197746,2.0814246558197746,3.2158271250619937e-07
0.0002086430788485607,2.086430788485607,3.2393743137816567e-07
0.00020914369211514394,2.0914369211514394,3.2629834704140794e-07
0.00020964430538172716,2.0964430538172714,3.2866544414252503e-07
0.0002101449186483104,2.1014491864831037,3.3103870733815286e-07
0.00021064553191489361,2.106455319148936,3.3341812130944643e-07
0.00021114614518147687,2.1114614518147685,3.3580367073742927e-07
0.00021164675844806007,2.1164675844806005,3.3819534032230226e-07
0.00021214737171464332,2.1214737171464333,3.4059311476636e-07
0.00021264798498122652,2.1264798498122652,3.429969787789582e-07
0.00021314859824780977,2.1314859824780976,3.454069170660823e-07
0.000213649211514393,2.13649211514393,3.478229143414527e-07
0.00021414982478097622,2.141498247809762,3.5024495531472745e-07
0.00021465043804755945,2.1465043804755943,3.5267302468489343e-07
0.00021515105131414267,2.1515105131414267,3.551071071509004e-07
0.00021565166458072593,2.156516645807259,3.575471873972078e-07
0.00021615227784730913,2.161522778473091,3.5999325010090785e-07
0.00021665289111389238,2.166528911138924,3.624452799176456e-07
0.0002171535043804756,2.171535043804756,3.6490326149689146e-07
0.00021765411764705883,2.176541176470588,3.6736717945536245e-07
0.00021815473091364206,2.1815473091364206,3.6983701839983504e-07
0.00021865534418022528,2.1865534418022525,3.7231276290575837e-07
0.00021915595744680853,2.1915595744680854,3.7479439752471743e-07
0.00021965657071339173,2.1965657071339173,3.772819067761884e-07
0.00022015718397997499,2.2015718397997497,3.797752751496755e-07
0.00022065779724655818,2.2065779724655816,3.822744871028761e-07
0.00022115841051314144,2.2115841051314145,3.847795270480453e-07
0.00022165902377972466,2.2165902377972464,3.872903793698508e-07
0.0002221596370463079,2.221596370463079,3.89807028400588e-07
0.00022266025031289114,2.226602503128911,3.9232945842715656e-07
0.00022316086357947434,2.231608635794743,3.948576536961371e-07
0.0002236614768460576,2.236614768460576,3.9739159839842557e-07
0.0002241620901126408,2.241620901126408,3.9993127667179907e-07
0.00022466270337922404,2.2466270337922403,4.0247667259939443e-07
0.00022516331664580724,2.251633166458072,4.05027770204733e-07
0.0002256639299123905,2.256639299123905,4.075845534498594e-07
0.00022616454317897375,2.2616454317897374,4.1014700622914893e-07
0.00022666515644555695,2.2666515644555694,4.1271511237634686e-07
0.0002271657697121402,2.2716576971214018,4.1528885564523596e-07
0.0002276663829787234,2.2766638297872337,4.1786821972487054e-07
0.00022816699624530665,2.2816699624530665,4.2045318822178224e-07
0.00022866760951188985,2.2866760951188985,4.230437446613561e-07
0.0002291682227784731,2.291682227784731,4.2563987249644003e-07
0.0002296688360450563,2.296688360450563,4.2824155508010587e-07
0.00023016944931163956,2.3016944931163956,4.308487756837994e-07
0.0002306700625782228,2.306700625782228,4.334615174864489e-07
0.000231170675844806,2.31170675844806,4.360797635667677e-07
0.00023167128911138926,2.3167128911138923,4.3870349690989333e-07
0.00023217190237797246,2.3217190237797243,4.413327003897774e-07
0.0002326725156445557,2.326725156445557,4.439673567818272e-07
0.0002331731289111389,2.331731289111389,4.466074487509945e-07
0.00023367374217772216,2.3367374217772214,4.49252958839708e-07
0.00023417435544430536,2.3417435544430534,4.5190386948492046e-07
0.00023467496871088861,2.346749687108886,4.5456016299633544e-07
0.00023517558197747187,2.3517558197747186,4.572218215577339e-07
0.00023567619524405507,2.3567619524405505,4.5988882722539124e-07
0.00023617680851063832,2.361768085106383,4.6256116192672817e-07
0.00023667742177722152,2.366774217772215,4.6523880744697337e-07
0.00023717803504380477,2.3717803504380477,4.679217454327873e-07
0.00023767864831038797,2.3767864831038796,4.7060995738573193e-07
0.00023817926157697122,2.381792615769712,4.7330342465651884e-07
0.00023867987484355447,2.386798748435545,4.7600212844567096e-07
0.00023918048811013767,2.391804881101377,4.787060497921537e-07
0.00023968110137672093,2.396811013767209,4.81415169572775e-07
0.00024018171464330412,2.401817146433041,4.84129468496208e-07
0.00024068232790988738,2.4068232790988735,4.868489271024723e-07
0.00024118294117647058,2.4118294117647054,4.895735257503151e-07
0.00024168355444305383,2.4168355444305383,4.92303244620852e-07
0.00024218416770963703,2.42184167709637,4.95038063703048e-07
0.00024268478097622028,2.4268478097622026,4.977779627986781e-07
0.00024318539424280353,2.4318539424280354,5.005229215112431e-07
0.00024368600750938673,2.4368600750938674,5.032729192375467e-07
0.00024418662077597,2.4418662077596998,5.060279351717601e-07
0.0002446872340425532,2.4468723404255317,5.087879482868824e-07
0.00024518784730913644,2.451878473091364,5.115529373474441e-07
0.00024568846057571964,2.456884605757196,5.143228808816913e-07
0.0002461890738423029,2.461890738423029,5.170977571899186e-07
0.0002466896871088861,2.466896871088861,5.198775443363897e-07
0.00024719030037546934,2.471903003754693,5.226622201427484e-07
0.0002476909136420526,2.476909136420526,5.254517621722253e-07
0.0002481915269086358,2.481915269086358,5.282461477421801e-07
0.00024869214017521904,2.4869214017521903,5.310453538956407e-07
0.00024919275344180224,2.4919275344180223,5.338493574124476e-07
0.0002496933667083855,2.4969336670838547,5.366581347897709e-07
0.0002501939799749687,2.5019397997496866,5.394716622417044e-07
0.00025069459324155195,2.5069459324155194,5.422899156908513e-07
0.0002511952065081352,2.511952065081352,5.45112870754183e-07
0.0002516958197747184,2.5169581977471838,5.479405027480011e-07
0.00025219643304130165,2.5219643304130166,5.507727866651256e-07
0.00025269704630788485,2.5269704630788485,5.536096971784775e-07
0.0002531976595744681,2.531976595744681,5.564512086288644e-07
0.0002536982728410513,2.536982728410513,5.592972950077156e-07
0.00025419888610763456,2.5419888610763453,5.621479299660416e-07
0.00025469949937421775,2.5469949937421776,5.650030867884854e-07
0.000255200112640801,2.55200112640801,5.678627383904369e-07
0.00025570072590738426,2.5570072590738424,5.707268573140047e-07
0.00025620133917396746,2.5620133917396744,5.735954157042566e-07
0.0002567019524405507,2.567019524405507,5.764683853138145e-07
0.0002572025657071339,2.572025657071339,5.793457374842787e-07
0.00025770317897371716,2.5770317897371715,5.822274431340897e-07
0.00025820379224030036,2.5820379224030034,5.851134727565458e-07
0.0002587044055068836,2.587044055068836,5.880037963944828e-07
0.00025920501877346687,2.5920501877346687,5.908983836404368e-07
0.00025970563204005007,2.5970563204005006,5.937972036245682e-07
0.0002602062453066333,2.602062453066333,5.967002249905445e-07
0.0002607068585732165,2.607068585732165,5.996074158958035e-07
0.00026120747183979977,2.6120747183979978,6.025187439900715e-07
0.00026170808510638297,2.6170808510638297,6.054341764117312e-07
0.0002622086983729662,2.622086983729662,6.083536797602648e-07
0.0002627093116395494,2.627093116395494,6.112772200905069e-07
0.0002632099249061327,2.6320992490613264,6.142047628985783e-07
0.0002637105381727159,2.6371053817271592,6.171362731086423e-07
0.0002642111514392991,2.642111514392991,6.200717150426055e-07
0.0002647117647058824,2.6471176470588236,6.23011052426468e-07
0.0002652123779724656,2.6521237797246555,6.259542483590929e-07
0.00026571299123904883,2.6571299123904883,6.289012652941571e-07
0.00026621360450563203,2.6621360450563203,6.318520650332482e-07
0.0002667142177722153,2.6671421777221527,6.34806608699969e-07
0.0002672148310387985,2.6721483103879846,6.377648567211136e-07
0.00026771544430538173,2.677154443053817,6.407267688137017e-07
0.000268216057571965,2.68216057571965,6.436923039569076e-07
0.0002687166708385482,2.6871667083854818,6.466614203810019e-07
0.00026921728410513144,2.692172841051314,6.496340755371785e-07
0.00026971789737171464,2.697178973717146,6.526102260816545e-07
0.0002702185106382979,2.702185106382979,6.555898278528621e-07
0.0002707191239048811,2.707191239048811,6.585728358467246e-07
0.00027121973717146434,2.7121973717146433,6.615592041955513e-07
0.0002717203504380476,2.7172035043804756,6.645488861378179e-07
0.0002722209637046308,2.7222096370463076,6.675418340023664e-07
0.00027272157697121404,2.7272157697121404,6.705379991693166e-07
0.00027322219023779724,2.7322219023779724,6.735373320579991e-07
0.0002737228035043805,2.7372280350438047,6.765397820899859e-07
0.0002742234167709637,2.7422341677096367,6.795452976584683e-07
0.00027472403003754695,2.7472403003754695,6.825538261054569e-07
0.00027522464330413015,2.7522464330413015,6.855653136877318e-07
0.0002757252565707134,2.757252565707134,6.885797055437443e-07
0.00027622586983729665,2.7622586983729662,6.915969456651053e-07
0.00027672648310387985,2.767264831038798,6.946169768567533e-07
0.0002772270963704631,2.772270963704631,6.976397407077053e-07
0.0002777277096370463,2.777277096370463,7.006651775553903e-07
0.00027822832290362955,2.7822832290362953,7.036932264396976e-07
0.00027872893617021275,2.7872893617021273,7.067238250715246e-07
0.000279229549436796,2.79229549436796,7.097569097975156e-07
0.0002797301627033792,2.797301627033792,7.127924155440987e-07
0.00028023077596996246,2.8023077596996244,7.158302757870963e-07
0.0002807313892365457,2.807313892365457,7.188704225091971e-07
0.0002812320025031289,2.8123200250312888,7.219127861395094e-07
0.00028173261576971216,2.8173261576971216,7.249572955190437e-07
0.00028223322903629536,2.8223322903629535,7.280038778522685e-07
0.0002827338423028786,2.827338423028786,7.31052458647279e-07
0.0002832344555694618,2.832344555694618,7.341029616687634e-07
0.00028373506883604507,2.8373506883604507,7.371553088812016e-07
0.0002842356821026283,2.842356821026283,7.402094203997878e-07
0.0002847362953692115,2.847362953692115,7.432652144223957e-07
0.00028523690863579477,2.8523690863579474,7.463226071728028e-07
0.00028573752190237797,2.8573752190237793,7.493815128400422e-07
0.0002862381351689612,2.862381351689612,7.52441843511567e-07
0.0002867387484355444,2.867387484355444,7.555035091036068e-07
0.0002872393617021277,2.8723936170212765,7.585664172977294e-07
0.00028773997496871087,2.8773997496871084,7.616304734628975e-07
0.0002882405882352941,2.8824058823529413,7.646955805803383e-07
0.0002887412015018774,2.8874120150187736,7.677616391710558e-07
0.0002892418147684606,2.8924181476846056,7.708285472090668e-07
0.00028974242803504383,2.897424280350438,7.738962000435887e-07
0.00029024304130162703,2.9024304130162704,7.76964490306403e-07
0.0002907436545682103,2.9074365456821027,7.800333078249522e-07
0.0002912442678347935,2.9124426783479347,7.831025395299194e-07
0.00029174488110137673,2.917448811013767,7.861720693558902e-07
0.00029224549436795993,2.922454943679599,7.89241778144041e-07
0.0002927461076345432,2.927461076345432,7.923115435342271e-07
0.00029324672090112644,2.9324672090112642,7.953812398575141e-07
0.00029374733416770964,2.937473341677096,7.984507380265131e-07
0.0002942479474342929,2.9424794743429286,8.015199054164154e-07
0.0002947485607008761,2.947485607008761,8.045886057389331e-07
0.00029524917396745934,2.9524917396745933,8.076566989293051e-07
0.00029574978723404254,2.9574978723404253,8.107240410040287e-07
0.0002962504005006258,2.9625040050062577,8.137904839267763e-07
0.00029675101376720904,2.9675101376720905,8.168558754739129e-07
0.00029725162703379224,2.9725162703379224,8.199200590805944e-07
0.0002977522403003755,2.977522403003755,8.229828736936823e-07
0.0002982528535669587,2.9825285356695868,8.260441536128133e-07
0.00029875346683354195,2.987534668335419,8.29103728324232e-07
0.00029925408010012515,2.9925408010012515,8.321614223317254e-07
0.0002997546933667084,2.997546933667084,8.352170549795671e-07
0.0003002553066332916,3.002553066332916,8.382704402706693e-07
0.00030075591989987485,3.0075591989987482,8.413213866716752e-07
0.0003012565331664581,3.012565331664581,8.443696969170795e-07
0.0003017571464330413,3.017571464330413,8.474151678045537e-07
0.00030225775969962455,3.0225775969962454,8.504575899729025e-07
0.00030275837296620775,3.0275837296620773,8.534967476912309e-07
0.000303258986232791,3.0325898623279097,8.565324186211101e-07
0.0003037595994993742,3.037595994993742,8.595643735740192e-07
0.00030426021276595746,3.0426021276595745,8.625923762697378e-07
0.0003047608260325407,3.047608260325407,8.656161830693907e-07
0.0003052614392991239,3.052614392991239,8.686355427138421e-07
0.00030576205256570716,3.0576205256570717,8.716501960384824e-07
0.00030626266583229036,3.0626266583229036,8.746598756904423e-07
0.0003067632790988736,3.067632790988736,8.776643058196486e-07
0.0003072638923654568,3.072638923654568,8.806632017757296e-07
0.00030776450563204007,3.0776450563204003,8.836562697760309e-07
0.00030826511889862326,3.0826511889862327,8.866432065766776e-07
0.0003087657321652065,3.087657321652065,8.896236991208921e-07
0.00030926634543178977,3.0926634543178975,8.925974241812015e-07
0.00030976695869837297,3.0976695869837294,8.955640479819929e-07
0.0003102675719649562,3.1026757196495622,8.985232258170377e-07
0.0003107681852315394,3.107681852315394,9.014746016425541e-07
0.0003112687984981227,3.1126879849812266,9.044178076684859e-07
0.00031176941176470587,3.1176941176470585,9.073524639283666e-07
0.0003122700250312891,3.122700250312891,9.102781778337788e-07
0.0003127706382978723,3.1277063829787233,9.131945437141127e-07
0.0003132712515644556,3.1327125156445557,9.161011423502796e-07
0.00031377186483103883,3.137718648310388,9.189975404828435e-07
0.00031427247809762203,3.14272478097622,9.218832903077419e-07
0.0003147730913642053,3.147730913642053,9.247579289591843e-07
0.0003152737046307885,3.1527370463078848,9.27620977979675e-07
0.00031577431789737173,3.157743178973717,9.304719427652932e-07
0.00031627493116395493,3.162749311639549,9.333103120118619e-07
0.0003167755444305382,3.1677554443053815,9.361355571274273e-07
0.00031727615769712144,3.1727615769712143,9.389471316512683e-07
0.00031777677096370464,3.1777677096370462,9.417444706444706e-07
0.0003182773842302879,3.1827738423028786,9.445269900737983e-07
0.0003187779974968711,3.1877799749687106,9.47294086186251e-07
0.00031927861076345434,3.1927861076345434,9.500451348684807e-07
0.00031977922403003754,3.1977922403003753,9.527794909967768e-07
0.0003202798372966208,3.2027983729662077,9.554964877881738e-07
0.000320780450563204,3.2078045056320397,9.58195436134637e-07
0.00032128106382978724,3.212810638297872,9.60875623933289e-07
0.0003217816770963705,3.217816770963705,9.63536315434178e-07
0.0003222822903629537,3.222822903629537,9.661767505621136e-07
0.00032278290362953695,3.227829036295369,9.687961442623629e-07
0.00032328351689612015,3.232835168961201,9.71393685849304e-07
0.0003237841301627034,3.237841301627034,9.73968538359392e-07
0.0003242847434292866,3.242847434292866,9.765198379391556e-07
0.00032478535669586985,3.2478535669586983,9.790466932274245e-07
0.00032528596996245305,3.2528596996245303,9.815481847937043e-07
0.0003257865832290363,3.257865832290363,9.840233645833152e-07
0.00032628719649561955,3.2628719649561955,9.864712554200708e-07
0.00032678780976220275,3.2678780976220274,9.888908505457988e-07
0.000327288423028786,3.27288423028786,9.912811132190592e-07
0.0003277890362953692,3.2778903629536917,9.93640976373438e-07
0.00032828964956195246,3.2828964956195246,9.959693423478148e-07
0.00032879026282853566,3.2879026282853565,9.982650827033103e-07
0.0003292908760951189,3.292908760951189,1.0005270381279242e-06
0.00032979148936170216,3.2979148936170213,1.0027540184453515e-06
0.00033029210262828536,3.3029210262828537,1.0049448027440602e-06
0.0003307927158948686,3.307927158948686,1.0070981396327802e-06
0.0003312933291614518,3.312933291614518,1.0092127476301785e-06
0.00033179394242803507,3.3179394242803504,1.0112873157207048e-06
0.00033229455569461826,3.3229455569461823,1.013320504074154e-06
0.0003327951689612015,3.327951689612015,1.0153109449488371e-06
0.0003332957822277847,3.332957822277847,1.0172572437854899e-06
0.00033379639549436797,3.3379639549436795,1.0191579805261717e-06
0.0003342970087609512,3.342970087609512,1.0210117111499183e-06
0.0003347976220275344,3.3479762202753443,1.0228169694424832e-06
0.0003352982352941177,3.3529823529411766,1.024572269023819e-06
0.00033579884856070087,3.3579884856070086,1.0262761056405378e-06
0.0003362994618272841,3.362994618272841,1.0279269597184409e-06
0.0003368000750938673,3.368000750938673,1.0295232992074485e-06
0.0003373006883604506,3.3730068836045057,1.0310635827055657e-06
0.00033780130162703383,3.378013016270338,1.0325462628712868e-06
0.00033830191489361703,3.38301914893617,1.0339697901251276e-06
0.0003388025281602003,3.3880252816020024,1.035332616647098e-06
0.0003393031414267835,3.393031414267835,1.036633200624846e-06
0.00033980375469336673,3.398037546933667,1.0378700108126814e-06
0.00034030436795994993,3.403043679599499,1.0390415312942835e-06
0.0003408049812265332,3.4080498122653315,1.0401462665154154e-06
0.0003413055944931164,3.4130559449311635,1.0411827464948641e-06
0.00034180620775969964,3.4180620775969963,1.0421495322281844e-06
0.0003423068210262829,3.4230682102628287,1.0430452212195874e-06
0.0003428074342928661,3.4280743429286606,1.0438684531299144e-06
0.00034330804755944934,3.433080475594493,1.0446179154459684e-06
0.00034380866082603254,3.4380866082603254,1.0452923492024994e-06
0.0003443092740926158,3.443092740926158,1.0458905546050124e-06
0.000344809887359199,3.4480988735919897,1.0464113966032707e-06
0.00034531050062578224,3.453105006257822,1.0468538102543886e-06
0.00034581111389236544,3.458111138923654,1.0472168059000076e-06
0.0003463117271589487,3.463117271589487,1.0474994740505053e-06
0.0003468123404255319,3.468123404255319,1.0477009899437618e-06
0.00034731295369211515,3.4731295369211512,1.0478206176853162e-06
0.00034781356695869834,3.478135669586983,1.0478577139809558e-06
0.0003483141802252816,3.483141802252816,1.047811731348853e-06
0.00034881479349186485,3.4881479349186484,1.0476822208070236e-06
0.00034931540675844805,3.4931540675844803,1.047468833988167e-06
0.0003498160200250313,3.4981602002503127,1.0471713246598898e-06
0.0003503166332916145,3.5031663329161447,1.046789549618559e-06
0.00035081724655819775,3.5081724655819775,1.0463234689680137e-06
0.00035131785982478095,3.5131785982478094,1.0457731457496025e-06
0.0003518184730913642,3.518184730913642,1.0451387449627922e-06
0.00035231908635794746,3.523190863579474,1.0444205319569934e-06
0.00035281969962453066,3.5281969962453066,1.0436188702854263e-06
0.0003533203128911139,3.533203128911139,1.0427342189277467e-06
0.0003538209261576971,3.538209261576971,1.0417671290696913e-06
0.00035432153942428036,3.5432153942428033,1.0407182403808175e-06
0.00035482215269086356,3.5482215269086352,1.0395882768907132e-06
0.0003553227659574468,3.553227659574468,1.038378042448738e-06
0.00035582337922403,3.5582337922403,1.037088415942097e-06
0.00035632399249061326,3.5632399249061324,1.0357203462326776e-06
0.0003568246057571965,3.568246057571965,1.0342748468683625e-06
0.0003573252190237797,3.573252190237797,1.0327529907054089e-06
0.00035782583229036297,3.5782583229036296,1.031155904413661e-06
0.00035832644555694617,3.5832644555694615,1.029484762992345e-06
0.0003588270588235294,3.588270588235294,1.0277407842440167e-06
0.0003593276720901126,3.593276720901126,1.0259252233911316e-06
0.00035982828535669587,3.5982828535669587,1.0240393677148192e-06
0.00036032889862327907,3.6032889862327906,1.0220845314424833e-06
0.0003608295118898623,3.608295118898623,1.020062050701472e-06
0.0003613301251564456,3.613301251564456,1.017973278769941e-06
0.0003618307384230288,3.6183073842302877,1.0158195814916495e-06
0.00036233135168961203,3.62331351689612,1.0136023329701203e-06
0.0003628319649561952,3.628319649561952,1.0113229115094011e-06
0.0003633325782227785,3.6333257822277845,1.0089826958189032e-06
0.0003638331914893617,3.6383319148936164,1.0065830614945619e-06
0.00036433380475594493,3.6433380475594492,1.0041253777731434e-06
0.0003648344180225282,3.6483441802252816,1.0016110045677363e-06
0.0003653350312891114,3.6533503128911136,9.9904128974702e-07
0.00036583564455569464,3.6583564455569464,9.96417566717427e-07
0.00036633625782227783,3.6633625782227783,9.937411522222618e-07
0.0003668368710888611,3.6683687108886107,9.910133444126965e-07
0.0003673374843554443,3.6733748435544427,9.882354211268207e-07
0.00036783809762202754,3.678380976220275,9.854086384338864e-07
0.00036833871088861074,3.683387108886107,9.825342293254964e-07
0.000368839324155194,3.68839324155194,9.796134026603355e-07
0.00036933993742177724,3.693399374217772,9.76647342275053e-07
0.00036984055068836044,3.698405506883604,9.736372062511035e-07
0.0003703411639549437,3.703411639549437,9.70584126335873e-07
0.0003708417772215269,3.708417772215269,9.674892075529327e-07
0.00037134239048811015,3.7134239048811013,9.643535278697842e-07
0.00037184300375469334,3.7184300375469332,9.611781380619409e-07
0.0003723436170212766,3.7234361702127656,9.579640616195599e-07
0.0003728442302878598,3.7284423028785976,9.547122948076875e-07
0.00037334484355444305,3.7334484355444304,9.514238067623068e-07
0.0003738454568210263,3.738454568210263,9.480995396956981e-07
0.0003743460700876095,3.7434607008760947,9.447404091608853e-07
0.00037484668335419275,3.7484668335419276,9.413473043753031e-07
0.00037534729662077595,3.7534729662077595,9.379210885928014e-07
0.0003758479098873592,3.758479098873592,9.344625995149864e-07
0.0003763485231539424,3.763485231539424,9.309726497636512e-07
0.00037684913642052566,3.768491364205256,9.274520273568261e-07
0.0003773497496871089,3.773497496871089,9.239014962295671e-07
0.0003778503629536921,3.778503629536921,9.203217967513186e-07
0.00037835097622027536,3.7835097622027534,9.1671364631409e-07
0.00037885158948685856,3.7885158948685853,9.130777398439928e-07
0.0003793522027534418,3.793522027534418,9.094147504329601e-07
0.000379852816020025,3.79852816020025,9.057253298768913e-07
0.00038035342928660826,3.8035342928660825,9.0201010925456e-07
0.00038085404255319146,3.8085404255319144,8.982696995500886e-07
0.0003813546558197747,3.813546558197747,8.945046921717937e-07
0.00038185526908635797,3.8185526908635796,8.907156595970949e-07
0.00038235588235294117,3.8235588235294116,8.869031558867469e-07
0.0003828564956195244,3.828564956195244,8.830677172660019e-07
0.0003833571088861076,3.833571088861076,8.792098626981106e-07
0.00038385772215269087,3.8385772215269087,8.753300943952709e-07
0.00038435833541927407,3.8435833541927407,8.714288983910452e-07
0.0003848589486858573,3.848589486858573,8.675067450184824e-07
0.0003853595619524406,3.8535956195244054,8.635640894819215e-07
0.0003858601752190238,3.8586017521902374,8.596013722980869e-07
0.00038636078848560703,3.86360788485607,8.556190198255802e-07
0.0003868614017521902,3.868614017521902,8.516174447126309e-07
0.0003873620150187735,3.8736201501877345,8.475970463838433e-07
0.0003878626282853567,3.8786262828535665,8.435582114726541e-07
0.00038836324155193993,3.8836324155193993,8.39501314264447e-07
0.00038886385481852313,3.8886385481852312,8.354267171154925e-07
0.0003893644680851064,3.8936446808510636,8.313347708745753e-07
0.00038986508135168963,3.898650813516896,8.272258152537434e-07
0.00039036569461827283,3.903656946182728,8.231001792576419e-07
0.0003908663078848561,3.908663078848561,8.189581815136028e-07
0.0003913669211514393,3.9136692115143927,8.148001306578149e-07
0.00039186753441802254,3.918675344180225,8.10626325663529e-07
0.00039236814768460574,3.923681476846057,8.064370562100362e-07
0.000392868760951189,3.92868760951189,8.022326029658927e-07
0.0003933693742177722,3.933693742177722,7.980132379358301e-07
0.00039386998748435544,3.938699874843554,7.937792247588286e-07
0.0003943706007509387,3.9437060075093866,7.895308189746623e-07
0.0003948712140175219,3.9487121401752185,7.852682683430819e-07
0.00039537182728410515,3.9537182728410514,7.809918130956766e-07
0.00039587244055068834,3.9587244055068833,7.767016861990775e-07
0.0003963730538172716,3.9637305381727157,7.723981136012865e-07
0.0003968736670838548,3.9687366708385476,7.680813144988278e-07
0.00039737428035043805,3.9737428035043805,7.637515015547846e-07
0.0003978748936170213,3.978748936170213,7.594088811174e-07
0.0003983755068836045,3.983755068836045,7.550536534576791e-07
0.00039887612015018775,3.988761201501877,7.506860129707644e-07
0.00039937673341677095,3.993767334167709,7.463061483786909e-07
0.0003998773466833542,3.998773466833542,7.419142429149086e-07
0.0004003779599499374,4.0037795994993735,7.375104745377428e-07
0.00040087857321652066,4.008785732165206,7.330950160871421e-07
0.00040137918648310385,4.013791864831038,7.286680354716746e-07
0.0004018797997496871,4.018797997496871,7.242296958255771e-07
0.00040238041301627036,4.023804130162703,7.197801556958896e-07
0.00040288102628285356,4.028810262828536,7.153195691533237e-07
0.0004033816395494368,4.033816395494368,7.108480859972352e-07
0.00040388225281602,4.0388225281602,7.063658518559109e-07
0.00040438286608260326,4.0438286608260325,7.018730083489735e-07
0.00040488347934918646,4.0488347934918645,6.973696932009273e-07
0.0004053840926157697,4.053840926157697,6.928560404158324e-07
0.0004058847058823529,4.058847058823529,6.883321803344667e-07
0.00040638531914893617,4.063853191489361,6.83798239809231e-07
0.0004068859324155194,4.068859324155194,6.792543423076288e-07
0.0004073865456821026,4.073865456821026,6.747006079974117e-07
0.00040788715894868587,4.078871589486859,6.701371538878976e-07
0.00040838777221526907,4.083877722152691,6.655640939112712e-07
0.0004088883854818523,4.088883854818523,6.609815390332603e-07
0.0004093889987484355,4.093889987484355,6.563895973434317e-07
0.0004098896120150188,4.0988961201501874,6.517883741490248e-07
0.00041039022528160203,4.10390225281602,6.471779720839382e-07
0.0004108908385481852,4.108908385481852,6.425584911461321e-07
0.0004113914518147685,4.113914518147684,6.379300288234774e-07
0.0004118920650813517,4.118920650813517,6.332926801688651e-07
0.00041239267834793493,4.123926783479349,6.286465378655492e-07
0.00041289329161451813,4.128932916145181,6.239916922973954e-07
0.0004133939048811014,4.133939048811014,6.193282316395586e-07
0.0004138945181476846,4.138945181476846,6.146562419185988e-07
0.00041439513141426783,4.1439513141426785,6.099758070667953e-07
0.0004148957446808511,4.14895744680851,6.052870090040958e-07
0.0004153963579474343,4.153963579474342,6.005899276936611e-07
0.00041589697121401754,4.158969712140175,5.958846412128039e-07
0.00041639758448060074,4.163975844806007,5.911712257883713e-07
0.000416898197747184,4.16898197747184,5.864497558588796e-07
0.0004173988110137672,4.173988110137672,5.817203041610977e-07
0.00041789942428035044,4.178994242803504,5.769829417335951e-07
0.0004184000375469337,4.184000375469337,5.722377379944472e-07
0.0004189006508135169,4.189006508135169,5.674847607958724e-07
0.00041940126408010015,4.1940126408010014,5.627240764463537e-07
0.00041990187734668334,4.199018773466833,5.579557497825331e-07
0.0004204024906132666,4.204024906132665,5.531798441961962e-07
0.0004209031038798498,4.209031038798498,5.483964216818226e-07
0.00042140371714643305,4.21403717146433,5.4360554288025e-07
0.00042190433041301625,4.219043304130162,5.388072671159013e-07
0.0004224049436795995,4.224049436795995,5.340016524347893e-07
0.00042290555694618275,4.229055569461828,5.291887556367577e-07
0.00042340617021276595,4.23406170212766,5.243686323282505e-07
0.0004239067834793492,4.239067834793492,5.195413369420153e-07
0.0004244073967459324,4.2440739674593235,5.147069227695995e-07
0.00042490801001251566,4.249080100125156,5.098654419919669e-07
0.00042540862327909885,4.254086232790988,5.050169457410616e-07
0.0004259092365456821,4.259092365456821,5.001614840867061e-07
0.0004264098498122653,4.264098498122653,4.952991060886057e-07
0.00042691046307884856,4.269104630788485,4.904298598376098e-07
0.0004274110763454318,4.274110763454318,4.855537924484071e-07
0.000427911689612015,4.27911689612015,4.806709501213651e-07
0.00042841230287859826,4.284123028785983,4.7578137814118235e-07
0.00042891291614518146,4.2891291614518146,4.7088512091420444e-07
0.0004294135294117647,4.294135294117647,4.6598222201294564e-07
0.0004299141426783479,4.299141426783479,4.610727241520069e-07
0.00043041475594493117,4.304147559449311,4.5615666925440784e-07
0.0004309153692115144,4.309153692115144,4.5123409846047304e-07
0.0004314159824780976,4.314159824780976,4.4630505212419645e-07
0.00043191659574468087,4.319165957446809,4.4136956988287214e-07
0.00043241720901126407,4.324172090112641,4.3642769063559736e-07
0.0004329178222778473,4.329178222778473,4.3147945257671823e-07
0.0004334184355444305,4.334184355444305,4.265248932218854e-07
0.0004339190488110138,4.3391904881101375,4.215640494221631e-07
0.000434419662077597,4.3441966207759695,4.165969573666484e-07
0.0004349202753441802,4.349202753441802,4.116236526228065e-07
0.0004354208886107635,4.354208886107634,4.066441701502136e-07
0.0004359215018773467,4.359215018773466,4.016585442911961e-07
0.00043642211514392993,4.364221151439299,3.966668088260935e-07
0.00043692272841051313,4.369227284105131,3.9166899694936434e-07
0.0004374233416770964,4.374233416770964,3.866651413165382e-07
0.0004379239549436796,4.379239549436796,3.816552740370446e-07
0.00043842456821026283,4.3842456821026285,3.766394266978248e-07
0.00043892518147684603,4.3892518147684605,3.7161763037540656e-07
0.0004394257947434293,4.394257947434292,3.6658991566007426e-07
0.00043992640801001254,4.399264080100125,3.615563126442591e-07
0.00044042702127659574,4.404270212765957,3.565168509418887e-07
0.000440927634543179,4.40927634543179,3.5147155973066433e-07
0.0004414282478097622,4.414282478097622,3.4642046771814206e-07
0.00044192886107634544,4.419288610763454,3.4136360319367416e-07
0.00044242947434292864,4.424294743429286,3.363009940020943e-07
0.0004429300876095119,4.429300876095119,3.312326675941528e-07
0.00044343070087609515,4.4343070087609515,3.2615865099967075e-07
0.00044393131414267834,4.4393131414267835,3.2107897086120125e-07
0.0004444319274092616,4.444319274092615,3.159936534422139e-07
0.0004449325406758448,4.449325406758447,3.1090272462270166e-07
0.00044543315394242805,4.45433153942428,3.058062099250329e-07
0.00044593376720901125,4.459337672090112,3.0070413451497983e-07
0.0004464343804755945,4.464343804755945,2.955965232078834e-07
0.0004469349937421777,4.469349937421777,2.904834004842595e-07
0.00044743560700876095,4.47435607008761,2.853647904995738e-07
0.0004479362202753442,4.479362202753442,2.802407170725186e-07
0.0004484368335419274,4.484368335419274,2.7511120372642917e-07
0.00044893744680851066,4.489374468085106,2.699762736749315e-07
0.00044943806007509385,4.494380600750938,2.6483594982450283e-07
0.0004499386733416771,4.499386733416771,2.596902547991759e-07
0.0004504392866082603,4.504392866082603,2.545392109354785e-07
0.00045093989987484356,4.509398998748435,2.4938284030282874e-07
0.0004514405131414268,4.514405131414268,2.4422116468561296e-07
0.00045194112640801,4.5194112640801,2.390542056183308e-07
0.00045244173967459326,4.524417396745933,2.3388198437769715e-07
0.00045294235294117646,4.529423529411765,2.2870452198196748e-07
0.0004534429662077597,4.534429662077597,2.2352183921688242e-07
0.0004539435794743429,4.5394357947434285,2.183339566241121e-07
0.00045444419274092617,4.544441927409261,2.1314089450984343e-07
0.00045494480600750937,4.549448060075093,2.0794267296531999e-07
0.0004554454192740926,4.554454192740926,2.0273931184803522e-07
0.00045594603254067587,4.559460325406758,1.9753083080758884e-07
0.00045644664580725907,4.564466458072591,1.9231724928413542e-07
0.0004569472590738423,4.569472590738423,1.8709858651344353e-07
0.0004574478723404255,4.574478723404255,1.8187486152502316e-07
0.0004579484856070088,4.579484856070088,1.766460931638839e-07
0.00045844909887359197,4.5844909887359195,1.7141230007175018e-07
0.0004589497121401752,4.589497121401752,1.6617350072369574e-07
0.0004594503254067584,4.594503254067584,1.6092971339571899e-07
0.0004599509386733417,4.599509386733416,1.5568095619783267e-07
0.00046045155193992493,4.604515519399249,1.5042724706672526e-07
0.00046095216520650813,4.609521652065081,1.451686037739633e-07
0.0004614527784730914,4.614527784730914,1.3990504391310427e-07
0.0004619533917396746,4.619533917396746,1.3463658494488523e-07
0.00046245400500625783,4.624540050062578,1.2936324414821833e-07
0.00046295461827284103,4.62954618272841,1.2408503866988947e-07
0.0004634552315394243,4.6345523153942425,1.1880198550008863e-07
0.00046395584480600754,4.639558448060075,1.1351410148577071e-07
0.00046445645807259074,4.644564580725907,1.0822140333535835e-07
0.000464957071339174,4.64957071339174,1.0292390761515501e-07
0.0004654576846057572,4.654576846057572,9.76216307741605e-08
0.00046595829787234044,4.659582978723404,9.23145891171782e-08
0.00046645891113892364,4.664589111389236,8.70027988171162e-08
0.0004669595244055069,4.669595244055069,8.168627594825229e-08
0.0004674601376720901,4.674601376720901,7.63650364387978e-08
0.00046796075093867334,4.6796075093867335,7.10390961118257e-08
0.0004684613642052566,4.6846136420525655,6.570847068449387e-08
0.0004689619774718398,4.689619774718397,6.037317574926956e-08
0.00046946259073842305,4.69462590738423,5.503322679745841e-08
0.00046996320400500625,4.699632040050062,4.968863921157859e-08
0.0004704638172715895,4.704638172715895,4.4339428280128144e-08
0.0004709644305381727,4.709644305381727,3.8985609183227084e-08
0.00047146504380475595,4.714650438047559,3.3627197012566244e-08
0.00047196565707133915,4.719656570713391,2.826420675757919e-08
0.0004724662703379224,4.724662703379224,2.2896653324914935e-08
0.00047296688360450566,4.7296688360450565,1.7524551520533254e-08
0.00047346749687108885,4.734674968710888,1.214791608312431e-08
0.0004739681101376721,4.739681101376721,6.7667616435509554e-09
0.0004744687234042553,4.744687234042553,1.3811027738689041e-09
0.00047496933667083856,4.749693366708385,4.0090460488323075e-09
0.00047546994993742176,4.754699499374217,9.403670411161176e-09
0.000475970563204005,4.75970563204005,1.4802755993320125e-08
0.00047647117647058826,4.764711764705883,2.020628852611612e-08
0.00047697178973717146,4.769717897371715,2.5614253824464722e-08
0.0004774724030037547,4.774724030037547,3.1026637765943026e-08
0.0004779730162703379,4.779730162703379,3.644342629601268e-08
0.00047847362953692117,4.784736295369211,4.1864605420120296e-08
0.00047897424280350437,4.789742428035043,4.729016120831019e-08
0.0004794748560700876,4.794748560700876,5.2720079788845384e-08
0.0004799754693366708,4.799754693366708,5.8154347355805064e-08
0.00048047608260325407,4.80476082603254,6.35929501422463e-08
0.0004809766958698373,4.809766958698373,6.903587444987855e-08
0.0004814773091364205,4.814773091364205,7.448310662674916e-08
0.0004819779224030038,4.819779224030038,7.99346330745434e-08
0.00048247853566958697,4.82478535669587,8.5390440235963e-08
0.0004829791489361702,4.829791489361702,9.085051460593945e-08
0.0004834797622027534,4.834797622027534,9.631484272212773e-08
0.0004839803754693367,4.839803754693366,1.0178341116385899e-07
0.0004844809887359199,4.844809887359198,1.072562065579231e-07
0.00048498160200250313,4.849816020025031,1.1273321556185438e-07
0.0004854822152690864,4.854822152690864,1.1821442488050249e-07
0.0004859828285356696,4.859828285356696,1.2369982124450905e-07
0.00048648344180225283,4.864834418022528,1.2918939143128784e-07
0.00048698405506883603,4.86984055068836,1.3468312224221432e-07
0.0004874846683354193,4.874846683354193,1.4018100050894266e-07
0.0004879852816020025,4.8798528160200245,1.456830131052596e-07
0.0004884858948685858,4.884858948685857,1.5118914691920822e-07
0.000488986508135169,4.889865081351689,1.566993888749383e-07
0.0004894871214017522,4.894871214017521,1.6221372591784861e-07
0.0004899877346683355,4.899877346683355,1.6773214501664389e-07
0.0004904883479349187,4.904883479349187,1.732546331695249e-07
0.0004909889612015019,4.909889612015019,1.7878117738829618e-07
0.0004914895744680851,4.914895744680851,1.8431176470641206e-07
0.0004919901877346684,4.919901877346684,1.8984638217513124e-07
0.0004924908010012516,4.9249080100125155,1.953850168703394e-07
0.0004929914142678348,4.9299141426783475,2.009276558643963e-07
0.0004934920275344181,4.934920275344181,2.0647428626999554e-07
0.0004939926408010013,4.939926408010013,2.1202489519301028e-07
0.0004944932540675845,4.944932540675845,2.1757946975386006e-07
0.0004949938673341677,4.949938673341677,2.2313799708661993e-07
0.000495494480600751,4.95494480600751,2.2870046434081818e-07
0.0004959950938673342,4.959950938673342,2.342668586610234e-07
0.0004964957071339174,4.964957071339174,2.3983716720283607e-07
0.0004969963204005007,4.969963204005007,2.4541137713032427e-07
0.0004974969336670839,4.9749693366708385,2.5098947560916646e-07
0.0004979975469336671,4.9799754693366705,2.565714498046113e-07
0.0004984981602002503,4.984981602002502,2.621572868858639e-07
0.0004989987734668336,4.989987734668336,2.677469740271904e-07
0.0004994993867334168,4.994993867334168,2.733404983874358e-07
0.0005,5.0,2.7893784714145303e-07
